-- phpMyAdmin SQL Dump
-- version 5.2.1
-- https://www.phpmyadmin.net/
--
-- Máy chủ: 127.0.0.1
-- Thời gian đã tạo: Th10 05, 2024 lúc 07:10 AM
-- Phiên bản máy phục vụ: 10.4.32-MariaDB
-- Phiên bản PHP: 8.2.12

SET SQL_MODE = "NO_AUTO_VALUE_ON_ZERO";
START TRANSACTION;
SET time_zone = "+00:00";


/*!40101 SET @OLD_CHARACTER_SET_CLIENT=@@CHARACTER_SET_CLIENT */;
/*!40101 SET @OLD_CHARACTER_SET_RESULTS=@@CHARACTER_SET_RESULTS */;
/*!40101 SET @OLD_COLLATION_CONNECTION=@@COLLATION_CONNECTION */;
/*!40101 SET NAMES utf8mb4 */;

--
-- Cơ sở dữ liệu: `acc_ermis`
--

-- --------------------------------------------------------

--
-- Cấu trúc bảng cho bảng `accounted_auto`
--

CREATE TABLE `accounted_auto` (
  `id` varchar(36) CHARACTER SET ascii COLLATE ascii_general_ci NOT NULL,
  `code` varchar(50) DEFAULT NULL,
  `name` varchar(100) DEFAULT NULL,
  `name_en` varchar(100) DEFAULT NULL,
  `description` varchar(255) DEFAULT NULL,
  `active` tinyint(4) NOT NULL,
  `created_at` timestamp NULL DEFAULT NULL,
  `updated_at` timestamp NULL DEFAULT NULL
) ENGINE=InnoDB DEFAULT CHARSET=utf8mb4 COLLATE=utf8mb4_unicode_ci;

--
-- Đang đổ dữ liệu cho bảng `accounted_auto`
--

INSERT INTO `accounted_auto` (`id`, `code`, `name`, `name_en`, `description`, `active`, `created_at`, `updated_at`) VALUES
('2ee0922d-81da-4919-b212-d629a9a39728', '123', '321', '312', '321', 1, '2021-06-27 02:16:46', '2021-06-27 02:16:46'),
('473be704-f2c8-4ba4-8c9b-81b8fcfa8b00', 'AC0003', 'test', 'Cosmetic', 'zz', 1, '2022-05-02 07:58:16', '2022-05-02 07:58:16');

-- --------------------------------------------------------

--
-- Cấu trúc bảng cho bảng `accounted_auto_detail`
--

CREATE TABLE `accounted_auto_detail` (
  `id` varchar(36) CHARACTER SET ascii COLLATE ascii_general_ci NOT NULL,
  `accounted_auto` varchar(36) CHARACTER SET ascii COLLATE ascii_general_ci DEFAULT NULL,
  `description` varchar(255) CHARACTER SET utf8 COLLATE utf8_unicode_ci DEFAULT NULL,
  `debit` varchar(36) DEFAULT NULL,
  `credit` varchar(36) DEFAULT NULL,
  `case_code` varchar(36) DEFAULT NULL,
  `cost_code` varchar(36) DEFAULT NULL,
  `statistical_code` varchar(36) DEFAULT NULL,
  `work_code` varchar(36) DEFAULT NULL,
  `accounted_fast` varchar(36) DEFAULT NULL,
  `department` varchar(36) DEFAULT NULL,
  `bank_account` varchar(36) DEFAULT NULL,
  `active` tinyint(4) NOT NULL,
  `subject_debit` varchar(36) DEFAULT NULL,
  `subject_credit` varchar(36) DEFAULT NULL,
  `created_at` timestamp NOT NULL DEFAULT current_timestamp() ON UPDATE current_timestamp(),
  `updated_at` timestamp NULL DEFAULT NULL
) ENGINE=InnoDB DEFAULT CHARSET=latin1 COLLATE=latin1_swedish_ci ROW_FORMAT=COMPACT;

--
-- Đang đổ dữ liệu cho bảng `accounted_auto_detail`
--

INSERT INTO `accounted_auto_detail` (`id`, `accounted_auto`, `description`, `debit`, `credit`, `case_code`, `cost_code`, `statistical_code`, `work_code`, `accounted_fast`, `department`, `bank_account`, `active`, `subject_debit`, `subject_credit`, `created_at`, `updated_at`) VALUES
('c865756f-e3b9-4643-9fee-58cad90d7ce4', '473be704-f2c8-4ba4-8c9b-81b8fcfa8b00', 'Nhóm tài khoản doanh thu', '6b91f402-5084-4d39-ae5b-daa47bfcb275', '59241285-a798-4a44-ba13-d083b550e345', '304dc3cd-1878-4fce-8289-cec9c1a0b99c', '5aaced68-e5cb-4ed5-8109-6cd364fb7ee9', '5', '5', 'c49f4326-7a23-4c58-bbbe-21aebcc82e6d', 'f4a0a9a1-5cbf-4342-a1fc-cf6baca360b6', '618bf07f-b7d0-452e-ace5-5bb0d6f68dcd', 1, 'fd9fa60e-02c6-490a-83ae-99619c877a25', 'fe7dcd01-cda6-46ad-b117-3ac7fd5b6fbe', '2022-05-02 07:58:16', '2022-05-02 07:58:16');

-- --------------------------------------------------------

--
-- Cấu trúc bảng cho bảng `accounted_fast`
--

CREATE TABLE `accounted_fast` (
  `id` varchar(36) CHARACTER SET ascii COLLATE ascii_general_ci NOT NULL,
  `code` varchar(50) DEFAULT NULL,
  `name` varchar(100) DEFAULT NULL,
  `debit` varchar(36) CHARACTER SET ascii COLLATE ascii_general_ci DEFAULT NULL,
  `credit` varchar(36) CHARACTER SET ascii COLLATE ascii_general_ci DEFAULT NULL,
  `subject_debit` varchar(36) CHARACTER SET ascii COLLATE ascii_general_ci DEFAULT NULL,
  `subject_credit` varchar(36) CHARACTER SET ascii COLLATE ascii_general_ci DEFAULT NULL,
  `case_code` varchar(36) CHARACTER SET ascii COLLATE ascii_general_ci DEFAULT NULL,
  `cost_code` varchar(36) CHARACTER SET ascii COLLATE ascii_general_ci DEFAULT NULL,
  `statistical_code` varchar(36) CHARACTER SET ascii COLLATE ascii_general_ci DEFAULT NULL,
  `work_code` varchar(36) CHARACTER SET ascii COLLATE ascii_general_ci DEFAULT NULL,
  `department` varchar(36) CHARACTER SET ascii COLLATE ascii_general_ci DEFAULT NULL,
  `bank_account` varchar(36) CHARACTER SET ascii COLLATE ascii_general_ci DEFAULT NULL,
  `active` tinyint(4) NOT NULL,
  `created_at` timestamp NOT NULL DEFAULT current_timestamp() ON UPDATE current_timestamp(),
  `updated_at` timestamp NULL DEFAULT NULL
) ENGINE=InnoDB DEFAULT CHARSET=utf8mb4 COLLATE=utf8mb4_unicode_ci;

--
-- Đang đổ dữ liệu cho bảng `accounted_fast`
--

INSERT INTO `accounted_fast` (`id`, `code`, `name`, `debit`, `credit`, `subject_debit`, `subject_credit`, `case_code`, `cost_code`, `statistical_code`, `work_code`, `department`, `bank_account`, `active`, `created_at`, `updated_at`) VALUES
('12b0d545-524f-47c5-942f-74dd4cc814da', 'KH', 'Nhóm tài khoản kho', '9974dc26-ca54-4275-bada-533e93bbbb8d', '0', '1', '23', '0', '0', '0', '0', '0', '0', 1, '2022-03-06 04:37:28', '2022-03-06 04:37:28'),
('49cd4e94-c290-4639-9e23-83fdc6ef2edd', 'CP', 'Nhóm tài khoản chi phí', '3', '235', '0', '0', '0', '0', '0', '0', '0', '0', 1, '2020-09-19 09:36:29', '2021-06-12 05:04:17'),
('c49f4326-7a23-4c58-bbbe-21aebcc82e6d', 'DT', 'Nhóm tài khoản doanh thu', '2', '235', '0', '0', '2', '0', '0', '0', '0', '0', 1, '2020-09-19 09:29:37', '2021-06-12 10:16:54');

-- --------------------------------------------------------

--
-- Cấu trúc bảng cho bảng `account_nature`
--

CREATE TABLE `account_nature` (
  `id` varchar(36) CHARACTER SET ascii COLLATE ascii_general_ci NOT NULL,
  `code` varchar(50) DEFAULT NULL,
  `name` varchar(100) DEFAULT NULL,
  `name_en` varchar(100) DEFAULT NULL,
  `active` tinyint(4) NOT NULL,
  `created_at` timestamp NOT NULL DEFAULT current_timestamp() ON UPDATE current_timestamp(),
  `updated_at` timestamp NULL DEFAULT NULL
) ENGINE=InnoDB DEFAULT CHARSET=utf8mb4 COLLATE=utf8mb4_unicode_ci;

--
-- Đang đổ dữ liệu cho bảng `account_nature`
--

INSERT INTO `account_nature` (`id`, `code`, `name`, `name_en`, `active`, `created_at`, `updated_at`) VALUES
('6c0e5221-9c3a-11ec-9f9b-b42e9986cd6c', 'T004', 'Không có số dư', 'None', 1, '2022-03-05 04:12:07', '2020-10-01 23:23:40'),
('6c10364b-9c3a-11ec-9f9b-b42e9986cd6c', 'T003', 'Lưỡng tính', 'Bisexual', 1, '2022-03-05 04:12:07', '2020-10-01 23:24:09'),
('6c10374a-9c3a-11ec-9f9b-b42e9986cd6c', 'T002', 'Dư có', 'Credit', 1, '2022-03-05 04:12:07', '2020-10-01 23:23:54'),
('6c10379d-9c3a-11ec-9f9b-b42e9986cd6c', 'T001', 'Dư nợ', 'Debt', 1, '2022-03-05 04:12:07', '2020-10-01 23:23:46');

-- --------------------------------------------------------

--
-- Cấu trúc bảng cho bảng `account_systems`
--

CREATE TABLE `account_systems` (
  `id` varchar(36) CHARACTER SET ascii COLLATE ascii_general_ci NOT NULL,
  `type` varchar(36) DEFAULT NULL,
  `code` varchar(50) DEFAULT NULL,
  `name` varchar(100) DEFAULT NULL,
  `name_en` varchar(100) DEFAULT NULL,
  `parent_id` varchar(36) CHARACTER SET ascii COLLATE ascii_general_ci DEFAULT NULL,
  `nature` varchar(36) DEFAULT NULL,
  `date_start` date DEFAULT NULL,
  `date_end` date DEFAULT NULL,
  `description` varchar(255) DEFAULT NULL,
  `detail_object` tinyint(4) NOT NULL,
  `detail_bank_account` tinyint(4) NOT NULL,
  `detail_work` tinyint(4) NOT NULL,
  `detail_cost` tinyint(4) NOT NULL,
  `detail_statistical` tinyint(4) NOT NULL,
  `detail_case` tinyint(4) NOT NULL,
  `detail_orders` tinyint(4) NOT NULL,
  `detail_contract` tinyint(4) NOT NULL,
  `detail_depreciation` tinyint(4) NOT NULL,
  `detail_attribution` tinyint(4) NOT NULL,
  `document_id` varchar(36) NOT NULL,
  `active` tinyint(4) NOT NULL,
  `created_at` timestamp NOT NULL DEFAULT current_timestamp() ON UPDATE current_timestamp(),
  `updated_at` timestamp NULL DEFAULT NULL
) ENGINE=InnoDB DEFAULT CHARSET=utf8mb4 COLLATE=utf8mb4_unicode_ci;

--
-- Đang đổ dữ liệu cho bảng `account_systems`
--

INSERT INTO `account_systems` (`id`, `type`, `code`, `name`, `name_en`, `parent_id`, `nature`, `date_start`, `date_end`, `description`, `detail_object`, `detail_bank_account`, `detail_work`, `detail_cost`, `detail_statistical`, `detail_case`, `detail_orders`, `detail_contract`, `detail_depreciation`, `detail_attribution`, `document_id`, `active`, `created_at`, `updated_at`) VALUES
('001a184c-eb26-4e72-892e-41a61a9e74a1', 'fb1f6e68-601d-4f79-8056-d82cfd6dbe19', '343', 'Trái phiếu phát hành', 'Issued Bonds', NULL, '6c10374a-9c3a-11ec-9f9b-b42e9986cd6c', '2020-09-19', '2020-09-19', '', 0, 0, 0, 0, 0, 0, 0, 0, 0, 0, '2f64b191-723e-11ec-80d2-309c23e68112', 1, '2020-09-19 08:23:40', '2020-09-19 08:23:40'),
('00803a0e-f515-4ced-9889-7426e7ae9ec1', 'ef355a3e-7104-48f3-b1cc-2dc09b2e0554', '6425', 'Thuế, phí và lệ phí', 'Taxes, fees and charges', 'bbcc87ad-18ff-4ff3-9dfd-00b9547133a0', '6c0e5221-9c3a-11ec-9f9b-b42e9986cd6c', '2020-09-19', '2020-09-19', '', 0, 0, 0, 0, 0, 0, 0, 0, 0, 0, '2f64b191-723e-11ec-80d2-309c23e68112', 1, '2020-09-19 09:54:40', '2020-09-19 09:54:40'),
('0262a12f-fb03-4489-9a55-51d4f123507a', 'ef355a3e-7104-48f3-b1cc-2dc09b2e0554', '6414', 'Chi phí khấu hao TSCĐ', 'Fixed asset deprecation', '4fc33d45-67ab-47aa-b39c-48a00c15a064', '6c0e5221-9c3a-11ec-9f9b-b42e9986cd6c', '2020-09-19', '2020-09-19', '', 0, 0, 0, 0, 0, 0, 0, 0, 0, 0, '2f64b191-723e-11ec-80d2-309c23e68112', 1, '2020-09-19 09:45:40', '2020-09-19 09:45:40'),
('069a98eb-1cd0-4625-89ed-4c6393cb087f', 'eb806569-d6f1-4309-9d38-491aa3092534', '1611', 'Chi sự nghiệp năm trước', 'Expenditure of previous year', '675b087b-de03-4fbd-8614-997fa0de7bd8', '6c10379d-9c3a-11ec-9f9b-b42e9986cd6c', '2020-09-19', '2020-09-19', '', 0, 0, 0, 0, 0, 0, 0, 0, 0, 0, '2f64b191-723e-11ec-80d2-309c23e68112', 1, '2020-09-19 07:02:40', '2020-09-19 07:02:40'),
('06e8fe5d-45b0-4282-b243-cef17b2ac1ac', 'eb806569-d6f1-4309-9d38-491aa3092534', '1123', 'Vàng tiền tệ', 'Monetary Gold', 'f7119b70-c726-4c2c-b388-d334f0b02e61', '6c10379d-9c3a-11ec-9f9b-b42e9986cd6c', '2020-09-19', '2020-09-19', '', 0, 0, 0, 0, 0, 0, 0, 0, 0, 0, '2f64b191-723e-11ec-80d2-309c23e68112', 1, '2020-09-19 06:17:40', '2020-09-19 06:17:40'),
('080a5f29-ed08-4341-a5a3-74762e8d402a', 'eb806569-d6f1-4309-9d38-491aa3092534', '1362', 'Phải thu nội bộ về chênh lệch tỷ giá', 'Internal receivables on foreign exchange differences', 'bc5384a7-232e-42e4-b6b9-bc58fc332145', '6c10379d-9c3a-11ec-9f9b-b42e9986cd6c', '2020-09-19', '2020-09-19', '', 0, 0, 0, 0, 0, 0, 0, 0, 0, 0, '2f64b191-723e-11ec-80d2-309c23e68112', 1, '2020-09-19 06:36:40', '2020-09-19 06:36:40'),
('0aad1a20-021a-49d2-bea8-443246ff6959', 'ef355a3e-7104-48f3-b1cc-2dc09b2e0554', '611', 'Mua hàng', 'Purchases', NULL, '6c0e5221-9c3a-11ec-9f9b-b42e9986cd6c', '2020-09-19', '2020-09-19', '', 0, 0, 0, 0, 0, 0, 0, 0, 0, 0, '2f64b191-723e-11ec-80d2-309c23e68112', 1, '2020-09-19 09:19:40', '2020-09-19 09:19:40'),
('0b19ccb1-1af8-40f2-ac8c-961260bf1b60', 'fb1f6e68-601d-4f79-8056-d82cfd6dbe19', '3524', 'Dự phòng phải trả khác', 'Other provisions', '1d3c5a83-8b4b-414d-91fb-3a0341ecbe1e', '6c10374a-9c3a-11ec-9f9b-b42e9986cd6c', '2020-09-19', '2020-09-19', '', 0, 0, 0, 0, 0, 0, 0, 0, 0, 0, '2f64b191-723e-11ec-80d2-309c23e68112', 1, '2020-09-19 08:35:40', '2020-09-19 08:35:40'),
('0eb5c68f-3287-4d13-bc6e-2b2dbcd6dd22', 'fb1f6e68-601d-4f79-8056-d82cfd6dbe19', '3388', 'Phải trả, phải nộp khác', 'Others', '7c3cebb4-8f57-4117-996a-c46074acdfa4', '6c10364b-9c3a-11ec-9f9b-b42e9986cd6c', '2020-09-19', '2020-09-19', '', 0, 0, 0, 0, 0, 0, 0, 0, 0, 0, '2f64b191-723e-11ec-80d2-309c23e68112', 1, '2020-09-19 08:19:40', '2020-09-19 08:19:40'),
('0ee09b64-d52e-4fc0-9641-c6a3faff1b5d', 'fb1f6e68-601d-4f79-8056-d82cfd6dbe19', '3337', 'Thuế nhà đất, tiền thuê đất', 'Land and housing tax, and rental charges', '7f54b349-9d9c-4137-9b9f-5e433eb02f9e', '6c10364b-9c3a-11ec-9f9b-b42e9986cd6c', '2020-09-19', '2020-09-19', '', 0, 0, 0, 0, 0, 0, 0, 0, 0, 0, '2f64b191-723e-11ec-80d2-309c23e68112', 1, '2020-09-19 07:56:40', '2020-09-19 07:56:40'),
('0ff0844c-c94b-4403-bd64-8cf4f04a2bf6', '46e91471-e78f-47f9-9ff2-21c51f58dd88', '419', 'Cổ phiếu quỹ', 'Treasury stocks', NULL, '6c10374a-9c3a-11ec-9f9b-b42e9986cd6c', '2020-09-19', '2020-09-19', '', 0, 0, 0, 0, 0, 0, 0, 0, 0, 0, '2f64b191-723e-11ec-80d2-309c23e68112', 1, '2020-09-19 08:59:40', '2020-09-19 08:59:40'),
('10e40961-c1f4-410a-a958-01354875cb7a', '92c1a125-9abe-45c2-8fe3-e6af6c03b357', '2111', 'Nhà cửa, vật kiến trúc', 'Buildings and structures', '81bd5933-1c08-4c8b-b951-2769670a6d75', '6c10379d-9c3a-11ec-9f9b-b42e9986cd6c', '2020-09-19', '2020-09-19', '', 0, 0, 0, 0, 0, 0, 0, 0, 0, 0, '2f64b191-723e-11ec-80d2-309c23e68112', 1, '2020-09-19 07:06:40', '2020-09-19 07:06:40'),
('1244da4b-bfa1-4317-81ea-727fa117d418', 'fb1f6e68-601d-4f79-8056-d82cfd6dbe19', '3387', 'Doanh thu chưa thực hiện', 'Unearned revenue', '7c3cebb4-8f57-4117-996a-c46074acdfa4', '6c10364b-9c3a-11ec-9f9b-b42e9986cd6c', '2020-09-19', '2020-09-19', '', 0, 0, 0, 0, 0, 0, 0, 0, 0, 0, '2f64b191-723e-11ec-80d2-309c23e68112', 1, '2020-09-19 08:18:40', '2020-09-19 08:18:40'),
('14452813-633a-4cba-8695-a0c2a5babe6d', '46e91471-e78f-47f9-9ff2-21c51f58dd88', '4612', 'Nguồn kinh phí sự nghiệp năm nay', 'Government sourced funds of current year', '2666c40a-20f7-42f5-bc1f-5c6f6c2abd2e', '6c10374a-9c3a-11ec-9f9b-b42e9986cd6c', '2020-09-19', '2020-09-19', '', 0, 0, 0, 0, 0, 0, 0, 0, 0, 0, '2f64b191-723e-11ec-80d2-309c23e68112', 1, '2020-09-19 09:06:40', '2020-09-19 09:06:40'),
('1453118e-d529-4dd9-9297-50f914b52fbc', 'fb1f6e68-601d-4f79-8056-d82cfd6dbe19', '3562', 'Quỹ phát triển khoa học và công nghệ đã hình thành TSCĐ', 'Science and technology development fund used for fixed asset acquisition', 'ccee71ad-e071-402f-8356-337605e95277', '6c10374a-9c3a-11ec-9f9b-b42e9986cd6c', '2020-09-19', '2020-09-19', '', 0, 0, 0, 0, 0, 0, 0, 0, 0, 0, '2f64b191-723e-11ec-80d2-309c23e68112', 1, '2020-09-19 08:43:40', '2020-09-19 08:43:40'),
('155004ea-6568-4b18-8efa-222afd35d7e8', '46e91471-e78f-47f9-9ff2-21c51f58dd88', '4118', 'Vốn khác', 'Other capital', '23279d82-7c24-4a8a-8c5c-4afc739b5263', '6c10374a-9c3a-11ec-9f9b-b42e9986cd6c', '2020-09-19', '2020-09-19', '', 0, 0, 0, 0, 0, 0, 0, 0, 0, 0, '2f64b191-723e-11ec-80d2-309c23e68112', 1, '2020-09-19 08:51:40', '2020-09-19 08:51:40'),
('1622ebf7-7470-4830-bbc9-fa1256857b45', '46e91471-e78f-47f9-9ff2-21c51f58dd88', '421', 'Lợi nhuận sau thuế chưa phân phối', 'Undistributed profit after tax', NULL, '6c10364b-9c3a-11ec-9f9b-b42e9986cd6c', '2020-09-19', '2020-09-19', '', 0, 0, 0, 0, 0, 0, 0, 0, 0, 0, '2f64b191-723e-11ec-80d2-309c23e68112', 1, '2020-09-19 09:00:40', '2020-09-19 09:00:40'),
('164644c5-af91-4b24-b853-14aac22db7bf', 'dc7b1510-32d2-4025-a221-a3cd673e589a', '5112', 'Doanh thu bán các thành phẩm', 'Revenue from sales of finished goods', '9ade13bf-a8e7-4a79-b387-f07a87ccefc9', '6c0e5221-9c3a-11ec-9f9b-b42e9986cd6c', '2020-09-19', '2020-09-19', '', 0, 0, 0, 0, 0, 0, 0, 0, 0, 0, '2f64b191-723e-11ec-80d2-309c23e68112', 1, '2020-09-19 09:10:40', '2020-09-19 09:10:40'),
('16b484c1-b524-48f9-96ef-acc55f00300d', 'ef355a3e-7104-48f3-b1cc-2dc09b2e0554', '6274', 'Chi phí khấu hao TSCĐ', 'Fixed asset depreciation', '5741f1e5-6d75-44e1-b172-2eb16618257c', '6c0e5221-9c3a-11ec-9f9b-b42e9986cd6c', '2020-09-19', '2020-09-19', '', 0, 0, 0, 0, 0, 0, 0, 0, 0, 0, '2f64b191-723e-11ec-80d2-309c23e68112', 1, '2020-09-19 09:35:40', '2020-09-19 09:35:40'),
('16d09b89-7311-4720-84ef-19a377737095', 'fb1f6e68-601d-4f79-8056-d82cfd6dbe19', '3412', ' Nợ thuê tài chính', 'Finance lease liabilities', 'f81a5f5c-7e91-48db-80f5-8f930aed715c', '6c10374a-9c3a-11ec-9f9b-b42e9986cd6c', '2020-09-19', '2020-09-19', '', 0, 0, 0, 0, 0, 0, 0, 0, 0, 0, '2f64b191-723e-11ec-80d2-309c23e68112', 1, '2020-09-19 08:22:40', '2020-09-19 08:22:40'),
('1860726c-4e57-423b-90b8-dd29e2af354a', '92c1a125-9abe-45c2-8fe3-e6af6c03b357', '222', 'Đầu tư vào công ty liên doanh, liên kết', 'Investment in joint ventures and associates', NULL, '6c10379d-9c3a-11ec-9f9b-b42e9986cd6c', '2020-09-19', '2020-09-19', '', 0, 0, 0, 0, 0, 0, 0, 0, 0, 0, '2f64b191-723e-11ec-80d2-309c23e68112', 1, '2020-09-19 07:30:40', '2020-09-19 07:30:40'),
('1a802f2d-03ee-4c19-83cc-c2bf5c244bc2', 'eb806569-d6f1-4309-9d38-491aa3092534', '154', 'Chi phí sản xuất, kinh doanh dở dang', 'Work in progress', NULL, '6c10379d-9c3a-11ec-9f9b-b42e9986cd6c', '2020-09-19', '2020-09-19', '', 0, 0, 0, 0, 0, 0, 0, 0, 0, 0, '2f64b191-723e-11ec-80d2-309c23e68112', 1, '2020-09-19 06:51:40', '2020-09-19 06:51:40'),
('1d3c5a83-8b4b-414d-91fb-3a0341ecbe1e', 'fb1f6e68-601d-4f79-8056-d82cfd6dbe19', '352', 'Dự phòng phải trả', 'Provisions payable', NULL, '6c10374a-9c3a-11ec-9f9b-b42e9986cd6c', '2020-09-19', '2020-09-19', '', 0, 0, 0, 0, 0, 0, 0, 0, 0, 0, '2f64b191-723e-11ec-80d2-309c23e68112', 1, '2020-09-19 08:31:40', '2020-09-19 08:31:40'),
('1dbe6377-b394-43ed-9128-3227bd93b065', 'ef355a3e-7104-48f3-b1cc-2dc09b2e0554', '6421', 'Chi phí nhân viên quản lý', 'Staff expenses', 'bbcc87ad-18ff-4ff3-9dfd-00b9547133a0', '6c0e5221-9c3a-11ec-9f9b-b42e9986cd6c', '2020-09-19', '2020-09-19', '', 0, 0, 0, 0, 0, 0, 0, 0, 0, 0, '2f64b191-723e-11ec-80d2-309c23e68112', 1, '2020-09-19 09:50:40', '2020-09-19 09:50:40'),
('1fcfe478-2720-4860-a05f-df7fdd460fc9', 'ef355a3e-7104-48f3-b1cc-2dc09b2e0554', '6234', 'Chi phí khấu hao máy thi công', 'Depreciation expense', 'e36d9994-adc4-492e-90fc-490048eb9a95', '6c0e5221-9c3a-11ec-9f9b-b42e9986cd6c', '2020-09-19', '2020-09-19', '', 0, 0, 0, 0, 0, 0, 0, 0, 0, 0, '2f64b191-723e-11ec-80d2-309c23e68112', 1, '2020-09-19 09:28:40', '2020-09-19 09:28:40'),
('20db961c-e9fd-484e-a7c8-89fc3416fcdc', 'eb806569-d6f1-4309-9d38-491aa3092534', '1218', 'Chứng khoán và công cụ tài chính khác', 'Securities and other financial instruments', 'd68c6a23-c934-4266-8b6a-c961140bef12', '6c10379d-9c3a-11ec-9f9b-b42e9986cd6c', '2020-09-19', '2020-09-19', '', 0, 0, 0, 0, 0, 0, 0, 0, 0, 0, '2f64b191-723e-11ec-80d2-309c23e68112', 1, '2020-09-19 06:24:40', '2020-09-19 06:24:40'),
('21a5c353-668e-47ff-86a8-a81daf3c6b09', 'fb1f6e68-601d-4f79-8056-d82cfd6dbe19', '3361', 'Phải trả nội bộ về vốn kinh doanh', 'Internal payables for working capital received', '3045e660-52d4-401c-8a5b-31f2a2e43028', '6c10374a-9c3a-11ec-9f9b-b42e9986cd6c', '2020-09-19', '2020-09-19', '', 0, 0, 0, 0, 0, 0, 0, 0, 0, 0, '2f64b191-723e-11ec-80d2-309c23e68112', 1, '2020-09-19 08:06:40', '2020-09-19 08:06:40'),
('2208751b-6da5-4dfa-9216-1e9cce874e63', '04d10e07-b376-4639-be68-0a61ce0eac49', '8211', 'Chi phí thuế TNDN hiện hành', 'Current tax expense', '65d65afe-8a10-48dd-90ed-1df9a49fb1f0', '6c0e5221-9c3a-11ec-9f9b-b42e9986cd6c', '2020-09-19', '2020-09-19', '', 0, 0, 0, 0, 0, 0, 0, 0, 0, 0, '2f64b191-723e-11ec-80d2-309c23e68112', 1, '2020-09-19 10:01:40', '2020-09-19 10:01:40'),
('23279d82-7c24-4a8a-8c5c-4afc739b5263', '46e91471-e78f-47f9-9ff2-21c51f58dd88', '411', 'Vốn đầu tư của chủ sở hữu', 'Owner’s equity', NULL, '6c10374a-9c3a-11ec-9f9b-b42e9986cd6c', '2020-09-19', '2020-09-19', '', 0, 0, 0, 0, 0, 0, 0, 0, 0, 0, '2f64b191-723e-11ec-80d2-309c23e68112', 1, '2020-09-19 08:45:40', '2020-09-19 08:45:40'),
('234c8ac4-ed7c-43cd-ad98-e2297e9707c4', 'ef355a3e-7104-48f3-b1cc-2dc09b2e0554', '6233', 'Chi phí dụng cụ sản xuất', 'Tools and instruments', 'e36d9994-adc4-492e-90fc-490048eb9a95', '6c0e5221-9c3a-11ec-9f9b-b42e9986cd6c', '2020-09-19', '2020-09-19', '', 0, 0, 0, 0, 0, 0, 0, 0, 0, 0, '2f64b191-723e-11ec-80d2-309c23e68112', 1, '2020-09-19 09:27:40', '2020-09-19 09:27:40'),
('2495a7c6-a15f-4984-a592-cdcc4246696a', 'ef355a3e-7104-48f3-b1cc-2dc09b2e0554', '6237', 'Chi phí dịch vụ mua ngoài', 'Outside services', 'e36d9994-adc4-492e-90fc-490048eb9a95', '6c0e5221-9c3a-11ec-9f9b-b42e9986cd6c', '2020-09-19', '2020-09-19', '', 0, 0, 0, 0, 0, 0, 0, 0, 0, 0, '2f64b191-723e-11ec-80d2-309c23e68112', 1, '2020-09-19 09:29:40', '2020-09-19 09:29:40'),
('2666c40a-20f7-42f5-bc1f-5c6f6c2abd2e', '46e91471-e78f-47f9-9ff2-21c51f58dd88', '461', 'Nguồn kinh phí sự nghiệp', 'Government sourced funds', NULL, '6c10374a-9c3a-11ec-9f9b-b42e9986cd6c', '2020-09-19', '2020-09-19', '', 0, 0, 0, 0, 0, 0, 0, 0, 0, 0, '2f64b191-723e-11ec-80d2-309c23e68112', 1, '2020-09-19 09:04:40', '2020-09-19 09:04:40'),
('2826702d-1114-4749-9744-827609aa30ca', 'eb806569-d6f1-4309-9d38-491aa3092534', '1385', 'Phải thu về cổ phần hoá', 'Receivables from privatization', '63bec42a-8f5a-4578-a258-e887c212f9dc', '6c10364b-9c3a-11ec-9f9b-b42e9986cd6c', '2020-09-19', '2020-09-19', '', 0, 0, 0, 0, 0, 0, 0, 0, 0, 0, '2f64b191-723e-11ec-80d2-309c23e68112', 1, '2020-09-19 06:41:40', '2020-09-19 06:41:40'),
('288967dc-67e8-49dd-ba8c-43e517fb50eb', '92c1a125-9abe-45c2-8fe3-e6af6c03b357', '212', 'Tài sản cố định thuê tài chính', 'Finance lease assets', NULL, '6c10379d-9c3a-11ec-9f9b-b42e9986cd6c', '2020-09-19', '2020-09-19', '', 0, 0, 0, 0, 0, 0, 0, 0, 0, 0, '2f64b191-723e-11ec-80d2-309c23e68112', 1, '2020-09-19 07:12:40', '2020-09-19 07:12:40'),
('2b7267c3-e7ed-4c94-bf27-06fa1e877f79', 'eb806569-d6f1-4309-9d38-491aa3092534', '1132', 'Ngoại tệ', 'Foreign currencies', '6b231318-e04e-4b9b-894c-3fbe0e3a9c4f', '6c10379d-9c3a-11ec-9f9b-b42e9986cd6c', '2020-09-19', '2020-09-19', '', 0, 0, 0, 0, 0, 0, 0, 0, 0, 0, '2f64b191-723e-11ec-80d2-309c23e68112', 1, '2020-09-19 06:20:40', '2020-09-19 06:20:40'),
('2bd70bbd-b2be-497a-9c46-566e9c6b6930', 'fb1f6e68-601d-4f79-8056-d82cfd6dbe19', '331', 'Phải trả cho người bán', 'Trade payables', NULL, '6c10364b-9c3a-11ec-9f9b-b42e9986cd6c', '2020-09-19', '2020-09-19', '', 1, 0, 0, 0, 0, 0, 0, 0, 0, 0, '2f64b191-723e-11ec-80d2-309c23e68112', 1, '2020-09-19 07:46:40', '2021-10-24 03:30:16'),
('2c103880-002d-4644-977c-5f3978a527f7', 'fb1f6e68-601d-4f79-8056-d82cfd6dbe19', '3331', 'Thuế giá trị gia tăng phải nộp', 'Value Added Tax (VAT)', '7f54b349-9d9c-4137-9b9f-5e433eb02f9e', '6c10364b-9c3a-11ec-9f9b-b42e9986cd6c', '2020-09-19', '2020-09-19', '', 0, 0, 0, 0, 0, 0, 0, 0, 0, 0, '2f64b191-723e-11ec-80d2-309c23e68112', 1, '2020-09-19 07:48:40', '2020-09-19 07:48:40'),
('2d55b77c-73b9-42b5-8890-b7c052b823d1', '46e91471-e78f-47f9-9ff2-21c51f58dd88', '441', 'Nguồn vốn đầu tư xây dựng cơ bản', 'Capital expenditure funds', NULL, '6c10374a-9c3a-11ec-9f9b-b42e9986cd6c', '2020-09-19', '2020-09-19', '', 0, 0, 0, 0, 0, 0, 0, 0, 0, 0, '2f64b191-723e-11ec-80d2-309c23e68112', 1, '2020-09-19 09:03:40', '2020-09-19 09:03:40'),
('2e64418e-af44-475c-a8b9-db74557b8e6c', '46e91471-e78f-47f9-9ff2-21c51f58dd88', '41111', 'Cổ phiếu phổ thông có quyền biểu quyết', 'Ordinary shares with voting rights', '812b2a70-4067-41dc-98b9-5defd7455c32', '6c10374a-9c3a-11ec-9f9b-b42e9986cd6c', '2020-09-19', '2020-09-19', '', 0, 0, 0, 0, 0, 0, 0, 0, 0, 0, '2f64b191-723e-11ec-80d2-309c23e68112', 1, '2020-09-19 08:47:40', '2020-09-19 08:47:40'),
('3045e660-52d4-401c-8a5b-31f2a2e43028', 'fb1f6e68-601d-4f79-8056-d82cfd6dbe19', '336', 'Phải trả nội bộ', 'Internal payables', NULL, '6c10374a-9c3a-11ec-9f9b-b42e9986cd6c', '2020-09-19', '2020-09-19', '', 0, 0, 0, 0, 0, 0, 0, 0, 0, 0, '2f64b191-723e-11ec-80d2-309c23e68112', 1, '2020-09-19 08:05:40', '2020-09-19 08:05:40'),
('304b52f8-7893-4bcd-af54-7512979b2c5c', 'ef355a3e-7104-48f3-b1cc-2dc09b2e0554', '6111', 'Mua nguyên liệu, vật liệu', 'Purchases of raw materials', '0aad1a20-021a-49d2-bea8-443246ff6959', '6c0e5221-9c3a-11ec-9f9b-b42e9986cd6c', '2020-09-19', '2020-09-19', '', 0, 0, 0, 0, 0, 0, 0, 0, 0, 0, '2f64b191-723e-11ec-80d2-309c23e68112', 1, '2020-09-19 09:20:40', '2020-09-19 09:20:40'),
('310aa3cf-674f-4080-88d3-a3ec5362f335', 'eb806569-d6f1-4309-9d38-491aa3092534', '141', 'Tạm ứng', 'Advances', NULL, '6c10379d-9c3a-11ec-9f9b-b42e9986cd6c', '2020-09-19', '2020-09-19', '', 0, 0, 0, 0, 0, 0, 0, 0, 0, 0, '2f64b191-723e-11ec-80d2-309c23e68112', 1, '2020-09-19 06:43:40', '2020-09-19 06:43:40'),
('32011fb1-d5ba-4cd3-ac64-ff47fd53d2de', 'fb1f6e68-601d-4f79-8056-d82cfd6dbe19', '3561', 'Quỹ phát triển khoa học và công nghệ', 'Science and technology development fund', 'ccee71ad-e071-402f-8356-337605e95277', '6c10374a-9c3a-11ec-9f9b-b42e9986cd6c', '2020-09-19', '2020-09-19', '', 0, 0, 0, 0, 0, 0, 0, 0, 0, 0, '2f64b191-723e-11ec-80d2-309c23e68112', 1, '2020-09-19 08:42:40', '2020-09-19 08:42:40'),
('326f5b85-53f1-4f55-9b11-68356a089302', 'ef355a3e-7104-48f3-b1cc-2dc09b2e0554', '6422', 'Chi phí vật liệu quản lý', 'Office supply expenses', 'bbcc87ad-18ff-4ff3-9dfd-00b9547133a0', '6c0e5221-9c3a-11ec-9f9b-b42e9986cd6c', '2020-09-19', '2020-09-19', '', 0, 0, 0, 0, 0, 0, 0, 0, 0, 0, '2f64b191-723e-11ec-80d2-309c23e68112', 1, '2020-09-19 09:51:40', '2020-09-19 09:51:40'),
('328e7889-6147-4e55-bd84-a922c9cae3b1', '04d10e07-b376-4639-be68-0a61ce0eac49', '8212', 'Chi phí thuế TNDN hoãn lại', 'Deferred tax expense', '65d65afe-8a10-48dd-90ed-1df9a49fb1f0', '6c0e5221-9c3a-11ec-9f9b-b42e9986cd6c', '2020-09-19', '2020-09-19', '', 0, 0, 0, 0, 0, 0, 0, 0, 0, 0, '2f64b191-723e-11ec-80d2-309c23e68112', 1, '2020-09-19 10:02:40', '2020-09-19 10:02:40'),
('341b4872-721f-485b-90ac-aba6d4bd5804', '92c1a125-9abe-45c2-8fe3-e6af6c03b357', '2411', 'Mua sắm TSCĐ', 'Acquisition of fixed assets', 'e5cc5a1c-1f98-4573-9afb-49697ac40f1e', '6c10379d-9c3a-11ec-9f9b-b42e9986cd6c', '2020-09-19', '2020-09-19', '', 0, 0, 0, 0, 0, 0, 0, 0, 0, 0, '2f64b191-723e-11ec-80d2-309c23e68112', 1, '2020-09-19 07:40:40', '2020-09-19 07:40:40'),
('3490f748-3749-4d86-8040-47ad2683f7ac', 'ef355a3e-7104-48f3-b1cc-2dc09b2e0554', '631', 'Giá thành sản xuất', 'Production costs', NULL, '6c0e5221-9c3a-11ec-9f9b-b42e9986cd6c', '2020-09-19', '2020-09-19', '', 0, 0, 0, 0, 0, 0, 0, 0, 0, 0, '2f64b191-723e-11ec-80d2-309c23e68112', 1, '2020-09-19 09:38:40', '2020-09-19 09:38:40'),
('3797e17d-871c-4c56-b3bb-b0caccce4e7f', '92c1a125-9abe-45c2-8fe3-e6af6c03b357', '2143', 'Hao mòn TSCĐ vô hình', 'Amortization of intangible assets', 'a5099340-9e10-4a8a-8c62-8d27d2e1eece', '6c10374a-9c3a-11ec-9f9b-b42e9986cd6c', '2020-09-19', '2020-09-19', '', 0, 0, 0, 0, 0, 0, 0, 0, 0, 0, '2f64b191-723e-11ec-80d2-309c23e68112', 1, '2020-09-19 07:26:40', '2020-09-19 07:26:40'),
('38476633-1a9c-4f59-be2e-76c4c59be3da', '92c1a125-9abe-45c2-8fe3-e6af6c03b357', '217', 'Bất động sản đầu tư', 'Investment properties', NULL, '6c10379d-9c3a-11ec-9f9b-b42e9986cd6c', '2020-09-19', '2020-09-19', '', 0, 0, 0, 0, 0, 0, 0, 0, 0, 0, '2f64b191-723e-11ec-80d2-309c23e68112', 1, '2020-09-19 07:28:40', '2020-09-19 07:28:40'),
('3892f694-a288-445d-b1a0-e335a2fa85ea', 'fb1f6e68-601d-4f79-8056-d82cfd6dbe19', '3432', 'Trái phiếu chuyển đổi', 'Convertible bonds', '001a184c-eb26-4e72-892e-41a61a9e74a1', '6c10374a-9c3a-11ec-9f9b-b42e9986cd6c', '2020-09-19', '2020-09-19', '', 0, 0, 0, 0, 0, 0, 0, 0, 0, 0, '2f64b191-723e-11ec-80d2-309c23e68112', 1, '2020-09-19 08:28:40', '2020-09-19 08:28:40'),
('3d915ff7-c1c6-418a-bfbd-cf9e74157ca9', 'eb806569-d6f1-4309-9d38-491aa3092534', '1533', 'Đồ dùng cho thuê', 'Instruments for rent', '453d7dec-a643-4d11-ab5a-b393ba4667d3', '6c10379d-9c3a-11ec-9f9b-b42e9986cd6c', '2020-09-19', '2020-09-19', '', 0, 0, 0, 0, 0, 0, 0, 0, 0, 0, '2f64b191-723e-11ec-80d2-309c23e68112', 1, '2020-09-19 06:49:40', '2020-09-19 06:49:40'),
('3f37bace-6e82-40b0-8ab1-7f8d21de0bf8', '46e91471-e78f-47f9-9ff2-21c51f58dd88', '4112', 'Thặng dư vốn cổ phần', 'Capital surplus', '23279d82-7c24-4a8a-8c5c-4afc739b5263', '6c10374a-9c3a-11ec-9f9b-b42e9986cd6c', '2020-09-19', '2020-09-19', '', 0, 0, 0, 0, 0, 0, 0, 0, 0, 0, '2f64b191-723e-11ec-80d2-309c23e68112', 1, '2020-09-19 08:49:40', '2020-09-19 08:49:40'),
('3f8d3412-04c4-4156-a45b-22870759c20f', 'fb1f6e68-601d-4f79-8056-d82cfd6dbe19', '3533', 'Quỹ phúc lợi đã hình thành TSCĐ', 'Welfare fund used for fixed asset acquisitions', '86fcebe4-1280-4e6e-946b-0fb4c588d967', '6c10374a-9c3a-11ec-9f9b-b42e9986cd6c', '2020-09-19', '2020-09-19', '', 0, 0, 0, 0, 0, 0, 0, 0, 0, 0, '2f64b191-723e-11ec-80d2-309c23e68112', 1, '2020-09-19 08:39:40', '2020-09-19 08:39:40'),
('4145f0e0-1730-425f-acdd-3255c4d3881b', 'eb806569-d6f1-4309-9d38-491aa3092534', '1331', 'Thuế GTGT được khấu trừ của hàng hóa, dịch vụ', 'Deductible VAT of goods and services', '9b833a58-45db-427b-b915-2843dadc4b20', '6c10379d-9c3a-11ec-9f9b-b42e9986cd6c', '2020-09-19', '2020-09-19', '', 0, 0, 0, 0, 0, 0, 0, 0, 0, 0, '2f64b191-723e-11ec-80d2-309c23e68112', 1, '2020-09-19 06:32:40', '2020-09-19 06:32:40'),
('419903cb-b8d7-4a1b-acc4-5ffc1d86fd7a', '92c1a125-9abe-45c2-8fe3-e6af6c03b357', '2114', 'Thiết bị, dụng cụ quản lý', 'Office equipment', '81bd5933-1c08-4c8b-b951-2769670a6d75', '6c10379d-9c3a-11ec-9f9b-b42e9986cd6c', '2020-09-19', '2020-09-19', '', 0, 0, 0, 0, 0, 0, 0, 0, 0, 0, '2f64b191-723e-11ec-80d2-309c23e68112', 1, '2020-09-19 07:09:40', '2020-09-19 07:09:40'),
('4289c824-911e-4144-abfc-90ded2395b67', 'dc7b1510-32d2-4025-a221-a3cd673e589a', '5117', 'Doanh thu kinh doanh bất động sản đầu tư', 'Revenue from investment properties', '9ade13bf-a8e7-4a79-b387-f07a87ccefc9', '6c0e5221-9c3a-11ec-9f9b-b42e9986cd6c', '2020-09-19', '2020-09-19', '', 0, 0, 0, 0, 0, 0, 0, 0, 0, 0, '2f64b191-723e-11ec-80d2-309c23e68112', 1, '2020-09-19 09:13:40', '2020-09-19 09:13:40'),
('453d7dec-a643-4d11-ab5a-b393ba4667d3', 'eb806569-d6f1-4309-9d38-491aa3092534', '153', 'Công cụ, dụng cụ', 'Tools and supplies', NULL, '6c10379d-9c3a-11ec-9f9b-b42e9986cd6c', '2020-09-19', '2020-09-19', '', 0, 0, 0, 0, 0, 0, 0, 0, 0, 0, '2f64b191-723e-11ec-80d2-309c23e68112', 1, '2020-09-19 06:46:40', '2020-09-19 06:46:40'),
('45b0e446-389a-468a-a123-91345e2bcc8e', 'eb806569-d6f1-4309-9d38-491aa3092534', '1131', 'Tiền Việt Nam', 'Vietnamese Dong', '6b231318-e04e-4b9b-894c-3fbe0e3a9c4f', '6c10379d-9c3a-11ec-9f9b-b42e9986cd6c', '2020-09-19', '2020-09-19', '', 0, 0, 0, 0, 0, 0, 0, 0, 0, 0, '2f64b191-723e-11ec-80d2-309c23e68112', 1, '2020-09-19 06:19:40', '2020-09-19 06:19:40'),
('45f33684-e18b-4cf2-8c4d-a02f772a81b6', 'ef355a3e-7104-48f3-b1cc-2dc09b2e0554', '6238', 'Chi phí bằng tiền khác', 'Other expenses', 'e36d9994-adc4-492e-90fc-490048eb9a95', '6c0e5221-9c3a-11ec-9f9b-b42e9986cd6c', '2020-09-19', '2020-09-19', '', 0, 0, 0, 0, 0, 0, 0, 0, 0, 0, '2f64b191-723e-11ec-80d2-309c23e68112', 1, '2020-09-19 09:30:40', '2020-09-19 09:30:40'),
('4a64e244-4c3b-4a54-a4aa-840623cec662', 'eb806569-d6f1-4309-9d38-491aa3092534', '1561', 'Giá mua hàng hóa', 'Purchase costs', '91ac1ebe-8dba-469c-a4bc-fae58ff720ec', '6c10379d-9c3a-11ec-9f9b-b42e9986cd6c', '2020-09-19', '2020-09-19', '', 0, 0, 0, 0, 0, 0, 0, 0, 0, 0, '2f64b191-723e-11ec-80d2-309c23e68112', 1, '2020-09-19 06:56:40', '2020-09-19 06:56:40'),
('4b24d886-1a45-48da-89ed-45cc0f1c212b', '46e91471-e78f-47f9-9ff2-21c51f58dd88', '41112', 'Cổ phiếu ưu đãi', 'Preference shares', '812b2a70-4067-41dc-98b9-5defd7455c32', '6c10374a-9c3a-11ec-9f9b-b42e9986cd6c', '2020-09-19', '2020-09-19', '', 0, 0, 0, 0, 0, 0, 0, 0, 0, 0, '2f64b191-723e-11ec-80d2-309c23e68112', 1, '2020-09-19 08:48:40', '2020-09-19 08:48:40'),
('4b31aa54-d171-47be-beaa-98597cfa6cd5', 'eb806569-d6f1-4309-9d38-491aa3092534', '1532', 'Bao bì luân chuyển', 'Packaging rotation', '453d7dec-a643-4d11-ab5a-b393ba4667d3', '6c10379d-9c3a-11ec-9f9b-b42e9986cd6c', '2020-09-19', '2020-09-19', '', 0, 0, 0, 0, 0, 0, 0, 0, 0, 0, '2f64b191-723e-11ec-80d2-309c23e68112', 1, '2020-09-19 06:48:40', '2020-09-19 06:48:40'),
('4db41396-df4b-42a8-9d37-c289c5ea8ffc', 'fb1f6e68-601d-4f79-8056-d82cfd6dbe19', '3348', 'Phải trả người lao động khác', 'Payables to others', '58977d74-960d-4d45-ae59-23223c5564cb', '6c10364b-9c3a-11ec-9f9b-b42e9986cd6c', '2020-09-19', '2020-09-19', '', 0, 0, 0, 0, 0, 0, 0, 0, 0, 0, '2f64b191-723e-11ec-80d2-309c23e68112', 1, '2020-09-19 08:03:40', '2020-09-19 08:03:40'),
('4e20e117-1327-4eda-b387-218136b68f61', '92c1a125-9abe-45c2-8fe3-e6af6c03b357', '2288', ' Đầu tư khác', 'Other investment', 'f0b69939-2eba-4b39-9aaf-1501bca6dccf', '6c10379d-9c3a-11ec-9f9b-b42e9986cd6c', '2020-09-19', '2020-09-19', '', 0, 0, 0, 0, 0, 0, 0, 0, 0, 0, '2f64b191-723e-11ec-80d2-309c23e68112', 1, '2020-09-19 07:33:40', '2020-09-19 07:33:40'),
('4e341736-3c4d-4fe9-b060-4cd43b70e11d', '92c1a125-9abe-45c2-8fe3-e6af6c03b357', '2293', 'Dự phòng phải thu khó đòi', 'Allowances for doubtful debts', 'fa7720eb-ca54-48b6-ad94-99a3db351f22', '6c10379d-9c3a-11ec-9f9b-b42e9986cd6c', '2020-09-19', '2020-09-19', '', 0, 0, 0, 0, 0, 0, 0, 0, 0, 0, '2f64b191-723e-11ec-80d2-309c23e68112', 1, '2020-09-19 07:37:40', '2020-09-19 07:37:40'),
('4e615c4b-f98e-405d-b387-167d13188f1e', '46e91471-e78f-47f9-9ff2-21c51f58dd88', '466', 'Nguồn kinh phí đã hình thành TSCĐ', 'Non-business funds used for fixed asset acquisitions', NULL, '6c10374a-9c3a-11ec-9f9b-b42e9986cd6c', '2020-09-19', '2020-09-19', '', 0, 0, 0, 0, 0, 0, 0, 0, 0, 0, '2f64b191-723e-11ec-80d2-309c23e68112', 1, '2020-09-19 09:07:40', '2020-09-19 09:07:40'),
('4ed47946-2636-4c93-a5ee-5ff9f4a62b63', '92c1a125-9abe-45c2-8fe3-e6af6c03b357', '244', 'Cầm cố, thế chấp, ký quỹ, ký cược', 'Mortgage, collaterals and deposits', NULL, '6c10379d-9c3a-11ec-9f9b-b42e9986cd6c', '2020-09-19', '2020-09-19', '', 0, 0, 0, 0, 0, 0, 0, 0, 0, 0, '2f64b191-723e-11ec-80d2-309c23e68112', 1, '2020-09-19 07:45:40', '2020-09-19 07:45:40'),
('4fc33d45-67ab-47aa-b39c-48a00c15a064', 'ef355a3e-7104-48f3-b1cc-2dc09b2e0554', '641', 'Chi phí bán hàng', 'Selling expenses', NULL, '6c0e5221-9c3a-11ec-9f9b-b42e9986cd6c', '2020-09-19', '2020-09-19', '', 0, 0, 0, 0, 0, 0, 0, 0, 0, 0, '2f64b191-723e-11ec-80d2-309c23e68112', 1, '2020-09-19 09:41:40', '2020-09-19 09:41:40'),
('504643fc-5969-4d89-bff0-8be3c7d2b30a', 'eb806569-d6f1-4309-9d38-491aa3092534', '1111', 'Tiền Việt Nam', 'Vietnamese Dong', '5b39f5a6-b5da-4df8-8e93-4de73797957e', '6c10379d-9c3a-11ec-9f9b-b42e9986cd6c', '2020-09-19', '2020-09-19', '', 0, 0, 0, 0, 0, 0, 0, 0, 0, 0, '2f64b191-723e-11ec-80d2-309c23e68112', 1, '2020-09-19 06:11:40', '2020-09-19 06:11:40'),
('50e1c5ef-726b-42da-8423-52b9a09a27df', 'fb1f6e68-601d-4f79-8056-d82cfd6dbe19', '34313', 'Phụ trội trái phiếu', 'Bond premiums', '7b14c34a-8b58-47d2-a569-e8faf569abff', '6c10374a-9c3a-11ec-9f9b-b42e9986cd6c', '2020-09-19', '2020-09-19', '', 0, 0, 0, 0, 0, 0, 0, 0, 0, 0, '2f64b191-723e-11ec-80d2-309c23e68112', 1, '2020-09-19 08:27:40', '2020-09-19 08:27:40'),
('5185b794-d1f6-4f7a-afc5-963bfb3f66c0', 'fb1f6e68-601d-4f79-8056-d82cfd6dbe19', '3363', 'Phải trả nội bộ về chi phí đi vay đủ điều kiện được vốn hoá', 'Internal payables on borrowing costs eligible for capitalization', '3045e660-52d4-401c-8a5b-31f2a2e43028', '6c10374a-9c3a-11ec-9f9b-b42e9986cd6c', '2020-09-19', '2020-09-19', '', 0, 0, 0, 0, 0, 0, 0, 0, 0, 0, '2f64b191-723e-11ec-80d2-309c23e68112', 1, '2020-09-19 08:08:40', '2020-09-19 08:08:40'),
('53dfda7e-7d6e-4f34-848d-ebbb8180f6e5', '92c1a125-9abe-45c2-8fe3-e6af6c03b357', '213', 'Tài sản cố định vô hình', 'Intangible fixed assets', NULL, '6c10379d-9c3a-11ec-9f9b-b42e9986cd6c', '2020-09-19', '2020-09-19', '', 0, 0, 0, 0, 0, 0, 0, 0, 0, 0, '2f64b191-723e-11ec-80d2-309c23e68112', 1, '2020-09-19 07:15:40', '2020-09-19 07:15:40'),
('560b3a6f-3c50-4d27-b276-3814a9200b52', 'eb806569-d6f1-4309-9d38-491aa3092534', '1361', 'Vốn kinh doanh ở các đơn vị trực thuộc', 'Working capital provided to sub- units', 'bc5384a7-232e-42e4-b6b9-bc58fc332145', '6c10379d-9c3a-11ec-9f9b-b42e9986cd6c', '2020-09-19', '2020-09-19', '', 0, 0, 0, 0, 0, 0, 0, 0, 0, 0, '2f64b191-723e-11ec-80d2-309c23e68112', 1, '2020-09-19 06:35:40', '2020-09-19 06:35:40'),
('5741f1e5-6d75-44e1-b172-2eb16618257c', 'ef355a3e-7104-48f3-b1cc-2dc09b2e0554', '627', 'Chi phí sản xuất chung', 'Production overheads', NULL, '6c0e5221-9c3a-11ec-9f9b-b42e9986cd6c', '2020-09-19', '2020-09-19', '', 0, 0, 0, 0, 0, 0, 0, 0, 0, 0, '2f64b191-723e-11ec-80d2-309c23e68112', 1, '2020-09-19 09:31:40', '2020-09-19 09:31:40'),
('5749bfec-17eb-4d1a-a98b-51c8201902bb', 'ef355a3e-7104-48f3-b1cc-2dc09b2e0554', '6277', 'Chi phí dịch vụ mua ngoài', 'Outside services', '5741f1e5-6d75-44e1-b172-2eb16618257c', '6c0e5221-9c3a-11ec-9f9b-b42e9986cd6c', '2020-09-19', '2020-09-19', '', 0, 0, 0, 0, 0, 0, 0, 0, 0, 0, '2f64b191-723e-11ec-80d2-309c23e68112', 1, '2020-09-19 09:36:40', '2020-09-19 09:36:40'),
('5874d9cf-9642-41bd-add1-6f014feaba7d', 'fb1f6e68-601d-4f79-8056-d82cfd6dbe19', '3362', 'Phải trả nội bộ về chênh lệch tỷ giá', 'Internal payable on foreign exchange differences', '3045e660-52d4-401c-8a5b-31f2a2e43028', '6c10374a-9c3a-11ec-9f9b-b42e9986cd6c', '2020-09-19', '2020-09-19', '', 0, 0, 0, 0, 0, 0, 0, 0, 0, 0, '2f64b191-723e-11ec-80d2-309c23e68112', 1, '2020-09-19 08:07:40', '2020-09-19 08:07:40'),
('58977d74-960d-4d45-ae59-23223c5564cb', 'fb1f6e68-601d-4f79-8056-d82cfd6dbe19', '334', 'Phải trả người lao động', 'Payables to employees', NULL, '6c10364b-9c3a-11ec-9f9b-b42e9986cd6c', '2020-09-19', '2020-09-19', '', 0, 0, 0, 0, 0, 0, 0, 0, 0, 0, '2f64b191-723e-11ec-80d2-309c23e68112', 1, '2020-09-19 08:01:40', '2020-09-19 08:01:40'),
('59241285-a798-4a44-ba13-d083b550e345', 'eb806569-d6f1-4309-9d38-491aa3092534', '1122', 'Ngoại tệ', 'Foreign currencies', 'f7119b70-c726-4c2c-b388-d334f0b02e61', '6c10379d-9c3a-11ec-9f9b-b42e9986cd6c', '2020-09-19', '2020-09-19', '', 0, 0, 0, 0, 0, 0, 0, 0, 0, 0, '2f64b191-723e-11ec-80d2-309c23e68112', 1, '2020-09-19 06:16:40', '2020-09-19 06:16:40'),
('5b1e8769-d628-492d-aaa2-b1b918125c0f', '92c1a125-9abe-45c2-8fe3-e6af6c03b357', '2138', 'TSCĐ vô hình khác', 'Other intangible fixed assets', '53dfda7e-7d6e-4f34-848d-ebbb8180f6e5', '6c10379d-9c3a-11ec-9f9b-b42e9986cd6c', '2020-09-19', '2020-09-19', '', 0, 0, 0, 0, 0, 0, 0, 0, 0, 0, '2f64b191-723e-11ec-80d2-309c23e68112', 1, '2020-09-19 07:22:40', '2020-09-19 07:22:40'),
('5b39f5a6-b5da-4df8-8e93-4de73797957e', 'eb806569-d6f1-4309-9d38-491aa3092534', '111', 'Tiền mặt', 'Cash on hand', NULL, '6c10379d-9c3a-11ec-9f9b-b42e9986cd6c', '2020-09-19', '2020-09-19', '', 0, 0, 0, 0, 0, 0, 0, 0, 0, 0, '2f64b191-723e-11ec-80d2-309c23e68112', 1, '2020-09-19 06:10:40', '2020-09-19 06:10:40'),
('5b41ce14-4d91-4632-b516-9ba8ffb4b0fd', 'fb1f6e68-601d-4f79-8056-d82cfd6dbe19', '3522', 'Dự phòng bảo hành công trình xây dựng', 'Construction warranty provisions', '1d3c5a83-8b4b-414d-91fb-3a0341ecbe1e', '6c10374a-9c3a-11ec-9f9b-b42e9986cd6c', '2020-09-19', '2020-09-19', '', 0, 0, 0, 0, 0, 0, 0, 0, 0, 0, '2f64b191-723e-11ec-80d2-309c23e68112', 1, '2020-09-19 08:33:40', '2020-09-19 08:33:40'),
('5c20f6e1-170f-4124-8761-6072ff960b65', '92c1a125-9abe-45c2-8fe3-e6af6c03b357', '2135', 'Chương trình phần mềm', 'Computer software', '53dfda7e-7d6e-4f34-848d-ebbb8180f6e5', '6c10379d-9c3a-11ec-9f9b-b42e9986cd6c', '2020-09-19', '2020-09-19', '', 0, 0, 0, 0, 0, 0, 0, 0, 0, 0, '2f64b191-723e-11ec-80d2-309c23e68112', 1, '2020-09-19 07:20:40', '2020-09-19 07:20:40'),
('5c60fb4e-f3ef-423c-900f-f1692fefc41c', 'eb806569-d6f1-4309-9d38-491aa3092534', '1332', 'Thuế GTGT được khấu trừ của TSCĐ', 'Deductible VAT of fixed assets', '9b833a58-45db-427b-b915-2843dadc4b20', '6c10379d-9c3a-11ec-9f9b-b42e9986cd6c', '2020-09-19', '2020-09-19', '', 0, 0, 0, 0, 0, 0, 0, 0, 0, 0, '2f64b191-723e-11ec-80d2-309c23e68112', 1, '2020-09-19 06:33:40', '2020-09-19 06:33:40'),
('5f14a91d-f8ad-4f77-979c-2db88688dcfa', '46e91471-e78f-47f9-9ff2-21c51f58dd88', '4131', 'Chênh lệch tỷ giá do đánh giá lại các khoản mục tiền tệ có gốc ngoại tệ', 'Exchange rate differences on revaluation of monetary items denominated in foreign currency', 'c7bbee27-1a12-4d98-8922-c80f816beb64', '6c10374a-9c3a-11ec-9f9b-b42e9986cd6c', '2020-09-19', '2020-09-19', '', 0, 0, 0, 0, 0, 0, 0, 0, 0, 0, '2f64b191-723e-11ec-80d2-309c23e68112', 1, '2020-09-19 08:54:40', '2020-09-19 08:54:40'),
('61216e75-7ac9-465f-aa8d-0481c0783446', 'fb1f6e68-601d-4f79-8056-d82cfd6dbe19', '3534', 'Quỹ thưởng ban quản lý điều hành công ty', 'Management bonus fund', '86fcebe4-1280-4e6e-946b-0fb4c588d967', '6c10374a-9c3a-11ec-9f9b-b42e9986cd6c', '2020-09-19', '2020-09-19', '', 0, 0, 0, 0, 0, 0, 0, 0, 0, 0, '2f64b191-723e-11ec-80d2-309c23e68112', 1, '2020-09-19 08:40:40', '2020-09-19 08:40:40'),
('6281ca67-7e6d-4423-b5f2-31479e2b6ad3', 'ef355a3e-7104-48f3-b1cc-2dc09b2e0554', '6231', 'Chi phí nhân công', 'Labour costs', 'e36d9994-adc4-492e-90fc-490048eb9a95', '6c0e5221-9c3a-11ec-9f9b-b42e9986cd6c', '2020-09-19', '2020-09-19', '', 0, 0, 0, 0, 0, 0, 0, 0, 0, 0, '2f64b191-723e-11ec-80d2-309c23e68112', 1, '2020-09-19 09:25:40', '2020-09-19 09:25:40'),
('63bec42a-8f5a-4578-a258-e887c212f9dc', 'eb806569-d6f1-4309-9d38-491aa3092534', '138', 'Phải thu khác', 'Other receivables', NULL, '6c10364b-9c3a-11ec-9f9b-b42e9986cd6c', '2020-09-19', '2020-09-19', '', 0, 0, 0, 0, 0, 0, 0, 0, 0, 0, '2f64b191-723e-11ec-80d2-309c23e68112', 1, '2020-09-19 06:39:40', '2020-09-19 06:39:40'),
('65d65afe-8a10-48dd-90ed-1df9a49fb1f0', '04d10e07-b376-4639-be68-0a61ce0eac49', '821', 'Chi phí thuế thu nhập doanh nghiệp', 'Income tax expense', NULL, '6c0e5221-9c3a-11ec-9f9b-b42e9986cd6c', '2020-09-19', '2020-09-19', '', 0, 0, 0, 0, 0, 0, 0, 0, 0, 0, '2f64b191-723e-11ec-80d2-309c23e68112', 1, '2020-09-19 10:00:40', '2020-09-19 10:00:40'),
('66e33c9c-53d2-4f50-878a-1f94160b1e83', 'fb1f6e68-601d-4f79-8056-d82cfd6dbe19', '3368', 'Phải trả nội bộ khác', 'Other inter-company payables', '3045e660-52d4-401c-8a5b-31f2a2e43028', '6c10374a-9c3a-11ec-9f9b-b42e9986cd6c', '2020-09-19', '2020-09-19', '', 0, 0, 0, 0, 0, 0, 0, 0, 0, 0, '2f64b191-723e-11ec-80d2-309c23e68112', 1, '2020-09-19 08:09:40', '2020-09-19 08:09:40'),
('6701c40c-64cc-4984-aa93-5201be71dccd', '92c1a125-9abe-45c2-8fe3-e6af6c03b357', '2134', 'Nhãn hiệu, tên thương mại', 'Trademarks and brand name', '53dfda7e-7d6e-4f34-848d-ebbb8180f6e5', '6c10379d-9c3a-11ec-9f9b-b42e9986cd6c', '2020-09-19', '2020-09-19', '', 0, 0, 0, 0, 0, 0, 0, 0, 0, 0, '2f64b191-723e-11ec-80d2-309c23e68112', 1, '2020-09-19 07:19:40', '2020-09-19 07:19:40'),
('675b087b-de03-4fbd-8614-997fa0de7bd8', 'eb806569-d6f1-4309-9d38-491aa3092534', '161', 'Chi sự nghiệp', 'Government sourced expenditure', NULL, '6c10379d-9c3a-11ec-9f9b-b42e9986cd6c', '2020-09-19', '2020-09-19', '', 0, 0, 0, 0, 0, 0, 0, 0, 0, 0, '2f64b191-723e-11ec-80d2-309c23e68112', 1, '2020-09-19 07:01:40', '2020-09-19 07:01:40'),
('68b19c3c-7a46-4492-9888-eff46fe52e7e', 'ef355a3e-7104-48f3-b1cc-2dc09b2e0554', '635', 'Chi phí tài chính', 'Financial expenses', NULL, '6c0e5221-9c3a-11ec-9f9b-b42e9986cd6c', '2020-09-19', '2020-09-19', '', 0, 0, 0, 0, 0, 0, 0, 0, 0, 0, '2f64b191-723e-11ec-80d2-309c23e68112', 1, '2020-09-19 09:40:40', '2020-09-19 09:40:40'),
('69d94243-0a2c-41f5-81e0-aa596cbf3d34', 'eb806569-d6f1-4309-9d38-491aa3092534', '157', 'Hàng gửi đi bán', 'Outward goods on consignment', NULL, '6c10379d-9c3a-11ec-9f9b-b42e9986cd6c', '2020-09-19', '2020-09-19', '', 0, 0, 0, 0, 0, 0, 0, 0, 0, 0, '2f64b191-723e-11ec-80d2-309c23e68112', 1, '2020-09-19 06:59:40', '2020-09-19 06:59:40'),
('6a1d003e-dc23-498c-96ce-67a62cf184cf', 'ef355a3e-7104-48f3-b1cc-2dc09b2e0554', '6412', 'Chi phí nguyên vật liệu, bao bì', 'Materials and packing materials', '4fc33d45-67ab-47aa-b39c-48a00c15a064', '6c0e5221-9c3a-11ec-9f9b-b42e9986cd6c', '2020-09-19', '2020-09-19', '', 0, 0, 0, 0, 0, 0, 0, 0, 0, 0, '2f64b191-723e-11ec-80d2-309c23e68112', 1, '2020-09-19 09:43:40', '2020-09-19 09:43:40'),
('6a2836ca-c971-404d-87a7-c8af6536f7ce', 'eb806569-d6f1-4309-9d38-491aa3092534', '1531', 'Công cụ, dụng cụ', 'Tools and supplies', '453d7dec-a643-4d11-ab5a-b393ba4667d3', '6c10379d-9c3a-11ec-9f9b-b42e9986cd6c', '2020-09-19', '2020-09-19', '', 0, 0, 0, 0, 0, 0, 0, 0, 0, 0, '2f64b191-723e-11ec-80d2-309c23e68112', 1, '2020-09-19 06:47:40', '2020-09-19 06:47:40'),
('6a9f9575-3a5b-48fd-b848-f6c0ccaa8974', 'fb1f6e68-601d-4f79-8056-d82cfd6dbe19', '3521', 'Dự phòng bảo hành sản phẩm hàng hóa', 'Product warranty provisions', '1d3c5a83-8b4b-414d-91fb-3a0341ecbe1e', '6c10374a-9c3a-11ec-9f9b-b42e9986cd6c', '2020-09-19', '2020-09-19', '', 0, 0, 0, 0, 0, 0, 0, 0, 0, 0, '2f64b191-723e-11ec-80d2-309c23e68112', 1, '2020-09-19 08:32:40', '2020-09-19 08:32:40'),
('6aa411db-04ad-4b21-b0ae-4c3be7b14f3c', '92c1a125-9abe-45c2-8fe3-e6af6c03b357', '2291', 'Dự phòng giảm giá chứng khoán kinh doanh', 'Allowances for decline in value of trading securities', 'fa7720eb-ca54-48b6-ad94-99a3db351f22', '6c10379d-9c3a-11ec-9f9b-b42e9986cd6c', '2020-09-19', '2020-09-19', '', 0, 0, 0, 0, 0, 0, 0, 0, 0, 0, '2f64b191-723e-11ec-80d2-309c23e68112', 1, '2020-09-19 07:35:40', '2020-09-19 07:35:40'),
('6b231318-e04e-4b9b-894c-3fbe0e3a9c4f', 'eb806569-d6f1-4309-9d38-491aa3092534', '113', 'Tiền đang chuyển', 'Cash in transit', NULL, '6c10379d-9c3a-11ec-9f9b-b42e9986cd6c', '2020-09-19', '2020-09-19', '', 0, 0, 0, 0, 0, 0, 0, 0, 0, 0, '2f64b191-723e-11ec-80d2-309c23e68112', 1, '2020-09-19 06:18:40', '2020-09-19 06:18:40'),
('6b91f402-5084-4d39-ae5b-daa47bfcb275', 'eb806569-d6f1-4309-9d38-491aa3092534', '1121', 'Tiền Việt Nam', 'Vietnamese Dong', 'f7119b70-c726-4c2c-b388-d334f0b02e61', '6c10379d-9c3a-11ec-9f9b-b42e9986cd6c', '2020-09-19', '2020-09-19', '', 0, 0, 0, 0, 0, 0, 0, 0, 0, 0, '2f64b191-723e-11ec-80d2-309c23e68112', 1, '2020-09-19 06:15:40', '2020-09-19 06:15:40'),
('6bded577-10d7-4a64-baff-a9fd37079e5c', '92c1a125-9abe-45c2-8fe3-e6af6c03b357', '2133', 'Bản quyền, bằng sáng chế', 'Patents', '53dfda7e-7d6e-4f34-848d-ebbb8180f6e5', '6c10379d-9c3a-11ec-9f9b-b42e9986cd6c', '2020-09-19', '2020-09-19', '', 0, 0, 0, 0, 0, 0, 0, 0, 0, 0, '2f64b191-723e-11ec-80d2-309c23e68112', 1, '2020-09-19 07:18:40', '2020-09-19 07:18:40'),
('6be7d1af-230d-4a83-8ef3-87aef053749a', 'eb806569-d6f1-4309-9d38-491aa3092534', '131', 'Phải thu của khách hàng', 'Trade receivables', NULL, '6c10364b-9c3a-11ec-9f9b-b42e9986cd6c', '2020-09-19', '2020-09-19', '', 1, 0, 0, 0, 0, 0, 0, 0, 0, 0, '2f64b191-723e-11ec-80d2-309c23e68112', 1, '2020-09-19 06:30:43', '2021-10-24 03:29:43'),
('6e272843-355d-442d-82bb-4d7eeae9c1e5', 'ef355a3e-7104-48f3-b1cc-2dc09b2e0554', '6423', 'Chi phí đồ dùng văn phòng', 'Office equipment expenses', 'bbcc87ad-18ff-4ff3-9dfd-00b9547133a0', '6c0e5221-9c3a-11ec-9f9b-b42e9986cd6c', '2020-09-19', '2020-09-19', '', 0, 0, 0, 0, 0, 0, 0, 0, 0, 0, '2f64b191-723e-11ec-80d2-309c23e68112', 1, '2020-09-19 09:52:40', '2020-09-19 09:52:40'),
('705fec9b-4b82-48af-a82f-dfa64baefd1c', 'fb1f6e68-601d-4f79-8056-d82cfd6dbe19', '3532', 'Quỹ phúc lợi', 'Welfare fund', '86fcebe4-1280-4e6e-946b-0fb4c588d967', '6c10374a-9c3a-11ec-9f9b-b42e9986cd6c', '2020-09-19', '2020-09-19', '', 0, 0, 0, 0, 0, 0, 0, 0, 0, 0, '2f64b191-723e-11ec-80d2-309c23e68112', 1, '2020-09-19 08:38:40', '2020-09-19 08:38:40'),
('709e7942-a612-47af-a6b9-b4f83b14ca28', 'fb1f6e68-601d-4f79-8056-d82cfd6dbe19', '3336', 'Thuế tài nguyên', 'Tax on use of natural resources', '7f54b349-9d9c-4137-9b9f-5e433eb02f9e', '6c10364b-9c3a-11ec-9f9b-b42e9986cd6c', '2020-09-19', '2020-09-19', '', 0, 0, 0, 0, 0, 0, 0, 0, 0, 0, '2f64b191-723e-11ec-80d2-309c23e68112', 1, '2020-09-19 07:55:40', '2020-09-19 07:55:40'),
('72bea3ae-5ec6-4ae9-92ce-31979c462207', 'eb806569-d6f1-4309-9d38-491aa3092534', '1282', 'Trái phiếu', 'Bonds', '965cc8c4-3a79-493f-8c1e-92664fbb0082', '6c10379d-9c3a-11ec-9f9b-b42e9986cd6c', '2020-09-19', '2020-09-19', '', 0, 0, 0, 0, 0, 0, 0, 0, 0, 0, '2f64b191-723e-11ec-80d2-309c23e68112', 1, '2020-09-19 06:27:40', '2020-09-19 06:27:40'),
('7497c202-ff55-4d67-8df5-ae5c3489a499', 'dc7b1510-32d2-4025-a221-a3cd673e589a', '5213', 'Giảm giá hàng bán', 'Sales allowances', 'ac7eaa99-937a-4cd1-bc57-f9a90be90471', '6c0e5221-9c3a-11ec-9f9b-b42e9986cd6c', '2020-09-19', '2020-09-19', '', 0, 0, 0, 0, 0, 0, 0, 0, 0, 0, '2f64b191-723e-11ec-80d2-309c23e68112', 1, '2020-09-19 09:18:40', '2020-09-19 09:18:40'),
('7590c465-95ae-4131-b290-a3ba6c7e0de4', 'ef355a3e-7104-48f3-b1cc-2dc09b2e0554', '621', 'Chi phí nguyên liệu, vật liệu trực tiếp', 'Direct raw material costs', NULL, '6c0e5221-9c3a-11ec-9f9b-b42e9986cd6c', '2020-09-19', '2020-09-19', '', 0, 0, 0, 0, 0, 0, 0, 0, 0, 0, '2f64b191-723e-11ec-80d2-309c23e68112', 1, '2020-09-19 09:22:40', '2020-09-19 09:22:40'),
('799854d6-156f-45b5-ba20-40a78248c001', 'ef355a3e-7104-48f3-b1cc-2dc09b2e0554', '6415', 'Chi phí bảo hành', 'Warranty expenses', '4fc33d45-67ab-47aa-b39c-48a00c15a064', '6c0e5221-9c3a-11ec-9f9b-b42e9986cd6c', '2020-09-19', '2020-09-19', '', 0, 0, 0, 0, 0, 0, 0, 0, 0, 0, '2f64b191-723e-11ec-80d2-309c23e68112', 1, '2020-09-19 09:46:40', '2020-09-19 09:46:40'),
('7b14c34a-8b58-47d2-a569-e8faf569abff', 'fb1f6e68-601d-4f79-8056-d82cfd6dbe19', '3431', 'Trái phiếu thường', 'Ordinary bonds', '001a184c-eb26-4e72-892e-41a61a9e74a1', '6c10374a-9c3a-11ec-9f9b-b42e9986cd6c', '2020-09-19', '2020-09-19', '', 0, 0, 0, 0, 0, 0, 0, 0, 0, 0, '2f64b191-723e-11ec-80d2-309c23e68112', 1, '2020-09-19 08:24:40', '2020-09-19 08:24:40'),
('7c3cebb4-8f57-4117-996a-c46074acdfa4', 'fb1f6e68-601d-4f79-8056-d82cfd6dbe19', '338', 'Phải trả, phải nộp khác', 'Other payables', NULL, '6c10364b-9c3a-11ec-9f9b-b42e9986cd6c', '2020-09-19', '2020-09-19', '', 0, 0, 0, 0, 0, 0, 0, 0, 0, 0, '2f64b191-723e-11ec-80d2-309c23e68112', 1, '2020-09-19 08:11:40', '2020-09-19 08:11:40'),
('7f54b349-9d9c-4137-9b9f-5e433eb02f9e', 'fb1f6e68-601d-4f79-8056-d82cfd6dbe19', '333', 'Thuế và các khoản phải nộp nhà nước', 'Taxes and other payables to State budget', NULL, '6c10364b-9c3a-11ec-9f9b-b42e9986cd6c', '2020-09-19', '2020-09-19', '', 0, 0, 0, 0, 0, 0, 0, 0, 0, 0, '2f64b191-723e-11ec-80d2-309c23e68112', 1, '2020-09-19 07:47:40', '2020-09-19 07:47:40'),
('812b2a70-4067-41dc-98b9-5defd7455c32', '46e91471-e78f-47f9-9ff2-21c51f58dd88', '4111', 'Vốn góp của chủ sở hữu', 'Contributed capital', '23279d82-7c24-4a8a-8c5c-4afc739b5263', '6c10374a-9c3a-11ec-9f9b-b42e9986cd6c', '2020-09-19', '2020-09-19', '', 0, 0, 0, 0, 0, 0, 0, 0, 0, 0, '2f64b191-723e-11ec-80d2-309c23e68112', 1, '2020-09-19 08:46:40', '2020-09-19 08:46:40'),
('81bd5933-1c08-4c8b-b951-2769670a6d75', '92c1a125-9abe-45c2-8fe3-e6af6c03b357', '211', 'Tài sản cố định hữu hình', 'Tangible fixed assets', NULL, '6c10379d-9c3a-11ec-9f9b-b42e9986cd6c', '2020-09-19', '2020-09-19', '', 0, 0, 0, 0, 0, 0, 0, 0, 0, 0, '2f64b191-723e-11ec-80d2-309c23e68112', 1, '2020-09-19 07:05:40', '2020-09-19 07:05:40'),
('82564124-a3b1-48e6-a55f-e027c08f3518', 'ef355a3e-7104-48f3-b1cc-2dc09b2e0554', '622', 'Chi phí nhân công trực tiếp', 'Direct labour costs', NULL, '6c0e5221-9c3a-11ec-9f9b-b42e9986cd6c', '2020-09-19', '2020-09-19', '', 0, 0, 0, 0, 0, 0, 0, 0, 0, 0, '2f64b191-723e-11ec-80d2-309c23e68112', 1, '2020-09-19 09:23:40', '2020-09-19 09:23:40'),
('82846e03-1193-4d17-b6a9-c0ee19939870', 'dc7b1510-32d2-4025-a221-a3cd673e589a', '515', 'Doanh thu hoạt động tài chính', 'Financial income', NULL, '6c0e5221-9c3a-11ec-9f9b-b42e9986cd6c', '2020-09-19', '2020-09-19', '', 0, 0, 0, 0, 0, 0, 0, 0, 0, 0, '2f64b191-723e-11ec-80d2-309c23e68112', 1, '2020-09-19 09:15:30', '2021-06-08 09:23:46'),
('83ed8061-1c0e-4c42-8076-431fce4be9f4', 'eb806569-d6f1-4309-9d38-491aa3092534', '1363', 'Phải thu nội bộ về chi phí đi vay đủ điều kiện được vốn hoá', 'Internal receivables on borrowing costs eligible for capitalization', 'bc5384a7-232e-42e4-b6b9-bc58fc332145', '6c10379d-9c3a-11ec-9f9b-b42e9986cd6c', '2020-09-19', '2020-09-19', '', 0, 0, 0, 0, 0, 0, 0, 0, 0, 0, '2f64b191-723e-11ec-80d2-309c23e68112', 1, '2020-09-19 06:37:40', '2020-09-19 06:37:40'),
('84a4536c-81b7-4fc1-983b-d0c0e011fa14', '92c1a125-9abe-45c2-8fe3-e6af6c03b357', '2115', 'Cây lâu năm, súc vật làm việc và cho sản phẩm', 'Perennial trees, working and producing animals', '81bd5933-1c08-4c8b-b951-2769670a6d75', '6c10379d-9c3a-11ec-9f9b-b42e9986cd6c', '2020-09-19', '2020-09-19', '', 0, 0, 0, 0, 0, 0, 0, 0, 0, 0, '2f64b191-723e-11ec-80d2-309c23e68112', 1, '2020-09-19 07:10:40', '2020-09-19 07:10:40'),
('86fcebe4-1280-4e6e-946b-0fb4c588d967', 'fb1f6e68-601d-4f79-8056-d82cfd6dbe19', '353', 'Quỹ khen thưởng phúc lợi', 'Bonus and welfare fund', NULL, '6c10374a-9c3a-11ec-9f9b-b42e9986cd6c', '2020-09-19', '2020-09-19', '', 0, 0, 0, 0, 0, 0, 0, 0, 0, 0, '2f64b191-723e-11ec-80d2-309c23e68112', 1, '2020-09-19 08:36:40', '2020-09-19 08:36:40'),
('88e67b63-ff20-4255-a2cb-091779f151f9', 'fb1f6e68-601d-4f79-8056-d82cfd6dbe19', '357', 'Quỹ bình ổn giá', 'Price stabilization fund', NULL, '6c10374a-9c3a-11ec-9f9b-b42e9986cd6c', '2020-09-19', '2020-09-19', '', 0, 0, 0, 0, 0, 0, 0, 0, 0, 0, '2f64b191-723e-11ec-80d2-309c23e68112', 1, '2020-09-19 08:44:40', '2020-09-19 08:44:40'),
('896a3458-7f13-4e6a-a1cd-7467ad163080', 'fb1f6e68-601d-4f79-8056-d82cfd6dbe19', '3385', 'Phải trả về cổ phần hoá', 'Payables on privatization', '7c3cebb4-8f57-4117-996a-c46074acdfa4', '6c10364b-9c3a-11ec-9f9b-b42e9986cd6c', '2020-09-19', '2020-09-19', '', 0, 0, 0, 0, 0, 0, 0, 0, 0, 0, '2f64b191-723e-11ec-80d2-309c23e68112', 1, '2020-09-19 08:16:40', '2020-09-19 08:16:40'),
('8ada10cb-8ac1-4dd2-9dab-ac56abf28558', '46e91471-e78f-47f9-9ff2-21c51f58dd88', '4113', 'Quyền chọn chuyển đổi trái phiếu', 'Conversion options on convertible bonds', '23279d82-7c24-4a8a-8c5c-4afc739b5263', '6c10374a-9c3a-11ec-9f9b-b42e9986cd6c', '2020-09-19', '2020-09-19', '', 0, 0, 0, 0, 0, 0, 0, 0, 0, 0, '2f64b191-723e-11ec-80d2-309c23e68112', 1, '2020-09-19 08:50:40', '2020-09-19 08:50:40'),
('8b5a6c4e-c349-4aea-bbfd-06d56fdcecdb', '92c1a125-9abe-45c2-8fe3-e6af6c03b357', '2113', 'Phương tiện vận tải, truyền dẫn', 'Transportation and transmission vehicles', '81bd5933-1c08-4c8b-b951-2769670a6d75', '6c10379d-9c3a-11ec-9f9b-b42e9986cd6c', '2020-09-19', '2020-09-19', '', 0, 0, 0, 0, 0, 0, 0, 0, 0, 0, '2f64b191-723e-11ec-80d2-309c23e68112', 1, '2020-09-19 07:08:40', '2020-09-19 07:08:40'),
('8b69054e-6665-4dd1-b14a-a87b5982b27c', 'ef355a3e-7104-48f3-b1cc-2dc09b2e0554', '6413', 'Chi phí dụng cụ, đồ dùng', 'Tools and instruments', '4fc33d45-67ab-47aa-b39c-48a00c15a064', '6c0e5221-9c3a-11ec-9f9b-b42e9986cd6c', '2020-09-19', '2020-09-19', '', 0, 0, 0, 0, 0, 0, 0, 0, 0, 0, '2f64b191-723e-11ec-80d2-309c23e68112', 1, '2020-09-19 09:44:40', '2020-09-19 09:44:40'),
('8ba81016-4c22-4cb7-96e7-cb1081b85d4b', '92c1a125-9abe-45c2-8fe3-e6af6c03b357', '221', 'Đầu tư vào công ty con', 'Investment in subsidiaries', NULL, '6c10379d-9c3a-11ec-9f9b-b42e9986cd6c', '2020-09-19', '2020-09-19', '', 0, 0, 0, 0, 0, 0, 0, 0, 0, 0, '2f64b191-723e-11ec-80d2-309c23e68112', 1, '2020-09-19 07:29:40', '2020-09-19 07:29:40'),
('8d91d051-12f2-44c3-a95a-6e86101d0a50', 'fb1f6e68-601d-4f79-8056-d82cfd6dbe19', '3334', 'Thuế thu nhập doanh nghiệp', 'Corporate income tax', '7f54b349-9d9c-4137-9b9f-5e433eb02f9e', '6c10364b-9c3a-11ec-9f9b-b42e9986cd6c', '2020-09-19', '2020-09-19', '', 0, 0, 0, 0, 0, 0, 0, 0, 0, 0, '2f64b191-723e-11ec-80d2-309c23e68112', 1, '2020-09-19 07:53:40', '2020-09-19 07:53:40'),
('8e6ae8d6-5007-4f26-b251-8d7c5f47996e', 'fb1f6e68-601d-4f79-8056-d82cfd6dbe19', '3341', 'Phải trả công nhân viên', 'Payables to staff', '58977d74-960d-4d45-ae59-23223c5564cb', '6c10364b-9c3a-11ec-9f9b-b42e9986cd6c', '2020-09-19', '2020-09-19', '', 0, 0, 0, 0, 0, 0, 0, 0, 0, 0, '2f64b191-723e-11ec-80d2-309c23e68112', 1, '2020-09-19 08:02:40', '2020-09-19 08:02:40'),
('8ff307ef-0bfa-4c54-ba0e-959a65551e07', 'ef355a3e-7104-48f3-b1cc-2dc09b2e0554', '632', 'Giá vốn hàng bán', 'Costs of goods sold', NULL, '6c0e5221-9c3a-11ec-9f9b-b42e9986cd6c', '2020-09-19', '2020-09-19', '', 0, 0, 0, 0, 0, 0, 0, 0, 0, 0, '2f64b191-723e-11ec-80d2-309c23e68112', 1, '2020-09-19 09:39:40', '2020-09-19 09:39:40'),
('909b3cdc-6a6c-4162-ad65-665ccb5eff99', '46e91471-e78f-47f9-9ff2-21c51f58dd88', '4132', 'Chênh lệch tỷ giá hối đoái trong giai đoạn trước hoạt động', 'Exchange rate differences in pre- operating period', 'c7bbee27-1a12-4d98-8922-c80f816beb64', '6c10374a-9c3a-11ec-9f9b-b42e9986cd6c', '2020-09-19', '2020-09-19', '', 0, 0, 0, 0, 0, 0, 0, 0, 0, 0, '2f64b191-723e-11ec-80d2-309c23e68112', 1, '2020-09-19 08:55:40', '2020-09-19 08:55:40'),
('91ac1ebe-8dba-469c-a4bc-fae58ff720ec', 'eb806569-d6f1-4309-9d38-491aa3092534', '156', 'Hàng hóa', 'Merchandise goods', NULL, '6c10379d-9c3a-11ec-9f9b-b42e9986cd6c', '2020-09-19', '2020-09-19', '', 0, 0, 0, 0, 0, 0, 0, 0, 0, 0, '2f64b191-723e-11ec-80d2-309c23e68112', 1, '2020-09-19 06:55:40', '2020-09-19 06:55:40'),
('9215990b-cf7f-4e62-808e-27cca5c8ecd2', '92c1a125-9abe-45c2-8fe3-e6af6c03b357', '243', 'Tài sản thuế thu nhập hoãn lại', 'Deferred tax assets', NULL, '6c10379d-9c3a-11ec-9f9b-b42e9986cd6c', '2020-09-19', '2020-09-19', '', 0, 0, 0, 0, 0, 0, 0, 0, 0, 0, '2f64b191-723e-11ec-80d2-309c23e68112', 1, '2020-09-19 07:44:40', '2020-09-19 07:44:40'),
('945d4076-18b3-408c-b5fc-11a3240e71f6', 'fb1f6e68-601d-4f79-8056-d82cfd6dbe19', '3339', 'Phí, lệ phí và các khoản phải nộp khác', 'Fees, charges and other payables', '7f54b349-9d9c-4137-9b9f-5e433eb02f9e', '6c10364b-9c3a-11ec-9f9b-b42e9986cd6c', '2020-09-19', '2020-09-19', '', 0, 0, 0, 0, 0, 0, 0, 0, 0, 0, '2f64b191-723e-11ec-80d2-309c23e68112', 1, '2020-09-19 08:00:40', '2020-09-19 08:00:40'),
('955ca73e-ae9f-4630-9dff-6c485f5afde6', '92c1a125-9abe-45c2-8fe3-e6af6c03b357', '242', 'Chi phí trả trước', 'Prepaid expenses', NULL, '6c10379d-9c3a-11ec-9f9b-b42e9986cd6c', '2020-09-19', '2020-09-19', '', 0, 0, 0, 0, 0, 0, 0, 0, 0, 0, '2f64b191-723e-11ec-80d2-309c23e68112', 1, '2020-09-19 07:43:40', '2020-09-19 07:43:40'),
('958d95e9-9c9e-4b3f-9af6-ee8533862ff9', 'fb1f6e68-601d-4f79-8056-d82cfd6dbe19', '3382', 'Kinh phí công đoàn', 'Trade union fees', '7c3cebb4-8f57-4117-996a-c46074acdfa4', '6c10364b-9c3a-11ec-9f9b-b42e9986cd6c', '2020-09-19', '2020-09-19', '', 0, 0, 0, 0, 0, 0, 0, 0, 0, 0, '2f64b191-723e-11ec-80d2-309c23e68112', 1, '2020-09-19 08:13:40', '2020-09-19 08:13:40'),
('96118668-9f12-4fd9-85ce-35d46609081c', 'eb806569-d6f1-4309-9d38-491aa3092534', '1283', 'Cho vay', 'Loans', '965cc8c4-3a79-493f-8c1e-92664fbb0082', '6c10379d-9c3a-11ec-9f9b-b42e9986cd6c', '2020-09-19', '2020-09-19', '', 0, 0, 0, 0, 0, 0, 0, 0, 0, 0, '2f64b191-723e-11ec-80d2-309c23e68112', 1, '2020-09-19 06:28:40', '2020-09-19 06:28:40'),
('965cc8c4-3a79-493f-8c1e-92664fbb0082', 'eb806569-d6f1-4309-9d38-491aa3092534', '128', 'Đầu tư nắm giữ đến ngày đáo hạn', 'Investments held to maturity', NULL, '6c10379d-9c3a-11ec-9f9b-b42e9986cd6c', '2020-09-19', '2020-09-19', '', 0, 0, 0, 0, 0, 0, 0, 0, 0, 0, '2f64b191-723e-11ec-80d2-309c23e68112', 1, '2020-09-19 06:25:40', '2020-09-19 06:25:40');
INSERT INTO `account_systems` (`id`, `type`, `code`, `name`, `name_en`, `parent_id`, `nature`, `date_start`, `date_end`, `description`, `detail_object`, `detail_bank_account`, `detail_work`, `detail_cost`, `detail_statistical`, `detail_case`, `detail_orders`, `detail_contract`, `detail_depreciation`, `detail_attribution`, `document_id`, `active`, `created_at`, `updated_at`) VALUES
('96939c04-294a-4d49-b479-b23a6b058755', 'fb1f6e68-601d-4f79-8056-d82cfd6dbe19', '3332', 'Thuế tiêu thụ đặc biệt', 'Special consumption tax', '7f54b349-9d9c-4137-9b9f-5e433eb02f9e', '6c10364b-9c3a-11ec-9f9b-b42e9986cd6c', '2020-09-19', '2020-09-19', '', 0, 0, 0, 0, 0, 0, 0, 0, 0, 0, '2f64b191-723e-11ec-80d2-309c23e68112', 1, '2020-09-19 07:51:40', '2020-09-19 07:51:40'),
('992945a9-cb29-4e0c-a842-825e9b83338a', '92c1a125-9abe-45c2-8fe3-e6af6c03b357', '2412', 'Xây dựng cơ bản', 'Construction in progress', 'e5cc5a1c-1f98-4573-9afb-49697ac40f1e', '6c10379d-9c3a-11ec-9f9b-b42e9986cd6c', '2020-09-19', '2020-09-19', '', 0, 0, 0, 0, 0, 0, 0, 0, 0, 0, '2f64b191-723e-11ec-80d2-309c23e68112', 1, '2020-09-19 07:41:40', '2020-09-19 07:41:40'),
('996ab2f3-c4c7-42b5-bc1f-cb6df514fb2e', 'dc7b1510-32d2-4025-a221-a3cd673e589a', '5118', 'Doanh thu khác', 'Other revenue', '9ade13bf-a8e7-4a79-b387-f07a87ccefc9', '6c0e5221-9c3a-11ec-9f9b-b42e9986cd6c', '2020-09-19', '2020-09-19', '', 0, 0, 0, 0, 0, 0, 0, 0, 0, 0, '2f64b191-723e-11ec-80d2-309c23e68112', 1, '2020-09-19 09:14:40', '2020-09-19 09:14:40'),
('9974dc26-ca54-4275-bada-533e93bbbb8d', 'eb806569-d6f1-4309-9d38-491aa3092534', '1112', 'Ngoại tệ', 'Foreign currencies', '5b39f5a6-b5da-4df8-8e93-4de73797957e', '6c10379d-9c3a-11ec-9f9b-b42e9986cd6c', '2020-09-19', '2020-09-19', '', 0, 0, 0, 0, 0, 0, 0, 0, 0, 0, '2f64b191-723e-11ec-80d2-309c23e68112', 1, '2020-09-19 06:12:40', '2020-09-19 06:12:40'),
('9ade13bf-a8e7-4a79-b387-f07a87ccefc9', 'dc7b1510-32d2-4025-a221-a3cd673e589a', '511', 'Doanh thu bán hàng và cung cấp dịch vụ', 'Revenues', NULL, '6c0e5221-9c3a-11ec-9f9b-b42e9986cd6c', '2020-09-19', '2020-09-19', '', 0, 0, 0, 0, 0, 0, 0, 0, 0, 0, '2f64b191-723e-11ec-80d2-309c23e68112', 1, '2020-09-19 09:08:40', '2020-09-19 09:08:40'),
('9b798a98-b646-4aa4-ae25-6702a60c34a7', '46e91471-e78f-47f9-9ff2-21c51f58dd88', '414', 'Quỹ đầu tư phát triển', 'Investment and development fund', NULL, '6c10374a-9c3a-11ec-9f9b-b42e9986cd6c', '2020-09-19', '2020-09-19', '', 0, 0, 0, 0, 0, 0, 0, 0, 0, 0, '2f64b191-723e-11ec-80d2-309c23e68112', 1, '2020-09-19 08:56:40', '2020-09-19 08:56:40'),
('9b833a58-45db-427b-b915-2843dadc4b20', 'eb806569-d6f1-4309-9d38-491aa3092534', '133', 'Thuế GTGT được khấu trừ', 'Deductible VAT', NULL, '6c10379d-9c3a-11ec-9f9b-b42e9986cd6c', '2020-09-19', '2020-09-19', '', 0, 0, 0, 0, 0, 0, 0, 0, 0, 0, '2f64b191-723e-11ec-80d2-309c23e68112', 1, '2020-09-19 06:31:40', '2020-09-19 06:31:40'),
('9bc0d823-0825-4c37-819b-a01f87f4e762', '92c1a125-9abe-45c2-8fe3-e6af6c03b357', '2141', 'Hao mòn TSCĐ hữu hình', 'Depreciation of tangible fixed assets', 'a5099340-9e10-4a8a-8c62-8d27d2e1eece', '6c10374a-9c3a-11ec-9f9b-b42e9986cd6c', '2020-09-19', '2020-09-19', '', 0, 0, 0, 0, 0, 0, 0, 0, 0, 0, '2f64b191-723e-11ec-80d2-309c23e68112', 1, '2020-09-19 07:24:40', '2020-09-19 07:24:40'),
('9e8e1bf1-1012-47a6-8712-0812b6db991d', '7a355f12-02fb-4768-aeae-5ae95610d1f0', '911', 'Xác định kết quả kinh doanh', 'Income Summary', NULL, '6c0e5221-9c3a-11ec-9f9b-b42e9986cd6c', '2020-09-19', '2020-09-19', '', 0, 0, 0, 0, 0, 0, 0, 0, 0, 0, '2f64b191-723e-11ec-80d2-309c23e68112', 1, '2020-09-19 10:03:40', '2020-09-19 10:03:40'),
('9eba93ef-5ab1-45fa-b32e-177db9e264d5', '92c1a125-9abe-45c2-8fe3-e6af6c03b357', '2413', 'Sửa chữa lớn TSCĐ', 'Extra-ordinary repair of fixed assets', 'e5cc5a1c-1f98-4573-9afb-49697ac40f1e', '6c10379d-9c3a-11ec-9f9b-b42e9986cd6c', '2020-09-19', '2020-09-19', '', 0, 0, 0, 0, 0, 0, 0, 0, 0, 0, '2f64b191-723e-11ec-80d2-309c23e68112', 1, '2020-09-19 07:42:40', '2020-09-19 07:42:40'),
('a295a381-6506-47fe-95ce-04dc8870b965', 'fb1f6e68-601d-4f79-8056-d82cfd6dbe19', '3531', 'Quỹ khen thưởng', 'Bonus fund', '86fcebe4-1280-4e6e-946b-0fb4c588d967', '6c10374a-9c3a-11ec-9f9b-b42e9986cd6c', '2020-09-19', '2020-09-19', '', 0, 0, 0, 0, 0, 0, 0, 0, 0, 0, '2f64b191-723e-11ec-80d2-309c23e68112', 1, '2020-09-19 08:37:40', '2020-09-19 08:37:40'),
('a4ac4954-ca89-4987-97b8-ad647a3e00c4', 'ef355a3e-7104-48f3-b1cc-2dc09b2e0554', '6417', 'Chi phí dịch vụ mua ngoài', 'Outside services', '4fc33d45-67ab-47aa-b39c-48a00c15a064', '6c0e5221-9c3a-11ec-9f9b-b42e9986cd6c', '2020-09-19', '2020-09-19', '', 0, 0, 0, 0, 0, 0, 0, 0, 0, 0, '2f64b191-723e-11ec-80d2-309c23e68112', 1, '2020-09-19 09:47:40', '2020-09-19 09:47:40'),
('a4ce9d7b-1d0c-41f5-bc3d-3194e2d048be', 'ef355a3e-7104-48f3-b1cc-2dc09b2e0554', '6426', 'Chi phí dự phòng', 'Provision expenses', 'bbcc87ad-18ff-4ff3-9dfd-00b9547133a0', '6c0e5221-9c3a-11ec-9f9b-b42e9986cd6c', '2020-09-19', '2020-09-19', '', 0, 0, 0, 0, 0, 0, 0, 0, 0, 0, '2f64b191-723e-11ec-80d2-309c23e68112', 1, '2020-09-19 09:55:40', '2020-09-19 09:55:40'),
('a5099340-9e10-4a8a-8c62-8d27d2e1eece', '92c1a125-9abe-45c2-8fe3-e6af6c03b357', '214', 'Hao mòn tài sản cố định', 'Depreciation of fixed assets', NULL, '6c10374a-9c3a-11ec-9f9b-b42e9986cd6c', '2020-09-19', '2020-09-19', '', 0, 0, 0, 0, 0, 0, 0, 0, 0, 0, '2f64b191-723e-11ec-80d2-309c23e68112', 1, '2020-09-19 07:23:40', '2020-09-19 07:23:40'),
('a614e792-7d89-4fce-9d86-b8cc37c0126f', 'fb1f6e68-601d-4f79-8056-d82cfd6dbe19', '347', 'Thuế thu nhập hoãn lại phải trả', 'Deferred tax liabilities', NULL, '6c10374a-9c3a-11ec-9f9b-b42e9986cd6c', '2020-09-19', '2020-09-19', '', 0, 0, 0, 0, 0, 0, 0, 0, 0, 0, '2f64b191-723e-11ec-80d2-309c23e68112', 1, '2020-09-19 08:30:40', '2020-09-19 08:30:40'),
('a6548fc7-5275-408e-ad54-a7901b355021', 'eb806569-d6f1-4309-9d38-491aa3092534', '152', 'Nguyên liệu, vật liệu', 'Raw materials', NULL, '6c10379d-9c3a-11ec-9f9b-b42e9986cd6c', '2020-09-19', '2020-09-19', '', 0, 0, 0, 0, 0, 0, 0, 0, 0, 0, '2f64b191-723e-11ec-80d2-309c23e68112', 1, '2020-09-19 06:45:40', '2020-09-19 06:45:40'),
('a81eb9a3-e125-4876-a83d-4f31d3c920b1', 'ef355a3e-7104-48f3-b1cc-2dc09b2e0554', '6418', 'Chi phí bằng tiền khác', 'Other expenses', '4fc33d45-67ab-47aa-b39c-48a00c15a064', '6c0e5221-9c3a-11ec-9f9b-b42e9986cd6c', '2020-09-19', '2020-09-19', '', 0, 0, 0, 0, 0, 0, 0, 0, 0, 0, '2f64b191-723e-11ec-80d2-309c23e68112', 1, '2020-09-19 09:48:40', '2020-09-19 09:48:40'),
('aa3197ba-6130-448b-8be4-3ef292ab117f', '46e91471-e78f-47f9-9ff2-21c51f58dd88', '4212', 'Lợi nhuận sau thuế chưa phân phối năm nay', 'Undistributed profit after tax of current year', '1622ebf7-7470-4830-bbc9-fa1256857b45', '6c10364b-9c3a-11ec-9f9b-b42e9986cd6c', '2020-09-19', '2020-09-19', '', 0, 0, 0, 0, 0, 0, 0, 0, 0, 0, '2f64b191-723e-11ec-80d2-309c23e68112', 1, '2020-09-19 09:02:40', '2020-09-19 09:02:40'),
('ac3973d1-13a0-4961-ae91-4330c7f2fd86', '92c1a125-9abe-45c2-8fe3-e6af6c03b357', '2281', 'Đầu tư góp vốn vào đơn vị khác', 'Equity investments in other entities ', 'f0b69939-2eba-4b39-9aaf-1501bca6dccf', '6c10379d-9c3a-11ec-9f9b-b42e9986cd6c', '2020-09-19', '2020-09-19', '', 0, 0, 0, 0, 0, 0, 0, 0, 0, 0, '2f64b191-723e-11ec-80d2-309c23e68112', 1, '2020-09-19 07:32:40', '2020-09-19 07:32:40'),
('ac51ba63-56b2-4986-8729-9063237e8cf1', '92c1a125-9abe-45c2-8fe3-e6af6c03b357', '2292', 'Dự phòng tổn thất đầu tư vào đơn vị khác', 'Allowances for investment loss in other entities', 'fa7720eb-ca54-48b6-ad94-99a3db351f22', '6c10379d-9c3a-11ec-9f9b-b42e9986cd6c', '2020-09-19', '2020-09-19', '', 0, 0, 0, 0, 0, 0, 0, 0, 0, 0, '2f64b191-723e-11ec-80d2-309c23e68112', 1, '2020-09-19 07:36:40', '2020-09-19 07:36:40'),
('ac6fb29a-e1fc-4b43-8d81-c076fc863628', 'dc7b1510-32d2-4025-a221-a3cd673e589a', '5111', 'Doanh thu bán hàng hóa', 'Revenue from sales of merchandises', '9ade13bf-a8e7-4a79-b387-f07a87ccefc9', '6c0e5221-9c3a-11ec-9f9b-b42e9986cd6c', '2020-09-19', '2020-09-19', '', 0, 0, 0, 0, 0, 0, 0, 0, 0, 0, '2f64b191-723e-11ec-80d2-309c23e68112', 1, '2020-09-19 09:09:40', '2020-09-19 09:09:40'),
('ac7eaa99-937a-4cd1-bc57-f9a90be90471', 'dc7b1510-32d2-4025-a221-a3cd673e589a', '521', 'Các khoản giảm trừ doanh thu', 'Revenue deductions', NULL, '6c0e5221-9c3a-11ec-9f9b-b42e9986cd6c', '2020-09-19', '2020-09-19', '', 0, 0, 0, 0, 0, 0, 0, 0, 0, 0, '2f64b191-723e-11ec-80d2-309c23e68112', 1, '2020-09-19 09:15:40', '2020-09-19 09:15:40'),
('ad1c43b4-e43c-4052-b7f3-bf1a93a4f7a5', '92c1a125-9abe-45c2-8fe3-e6af6c03b357', '2142', 'Hao mòn TSCĐ thuê tài chính', 'Depreciation of finance lease assets', 'a5099340-9e10-4a8a-8c62-8d27d2e1eece', '6c10374a-9c3a-11ec-9f9b-b42e9986cd6c', '2020-09-19', '2020-09-19', '', 0, 0, 0, 0, 0, 0, 0, 0, 0, 0, '2f64b191-723e-11ec-80d2-309c23e68112', 1, '2020-09-19 07:25:40', '2020-09-19 07:25:40'),
('adb6e7a4-d296-4b66-9a0d-a5cd8023b1b3', '92c1a125-9abe-45c2-8fe3-e6af6c03b357', '2294', 'Dự phòng giảm giá hàng tồn kho', 'Allowances for inventories', 'fa7720eb-ca54-48b6-ad94-99a3db351f22', '6c10379d-9c3a-11ec-9f9b-b42e9986cd6c', '2020-09-19', '2020-09-19', '', 0, 0, 0, 0, 0, 0, 0, 0, 0, 0, '2f64b191-723e-11ec-80d2-309c23e68112', 1, '2020-09-19 07:38:40', '2020-09-19 07:38:40'),
('ae0d4f14-bc31-429f-ab7b-4ff112c9f46d', 'ef355a3e-7104-48f3-b1cc-2dc09b2e0554', '6271', 'Chi phí nhân viên phân xưởng', 'Factory staff costs', '5741f1e5-6d75-44e1-b172-2eb16618257c', '6c0e5221-9c3a-11ec-9f9b-b42e9986cd6c', '2020-09-19', '2020-09-19', '', 0, 0, 0, 0, 0, 0, 0, 0, 0, 0, '2f64b191-723e-11ec-80d2-309c23e68112', 1, '2020-09-19 09:32:40', '2020-09-19 09:32:40'),
('ae5b8e9d-fe9e-4f81-95b4-c6391db4efe5', 'dc7b1510-32d2-4025-a221-a3cd673e589a', '5211', 'Chiết khấu thương mại', 'Sales discounts', 'ac7eaa99-937a-4cd1-bc57-f9a90be90471', '6c0e5221-9c3a-11ec-9f9b-b42e9986cd6c', '2020-09-19', '2020-09-19', '', 0, 0, 0, 0, 0, 0, 0, 0, 0, 0, '2f64b191-723e-11ec-80d2-309c23e68112', 1, '2020-09-19 09:16:40', '2020-09-19 09:16:40'),
('b127043e-c273-4cf9-9965-566a483f505d', 'fb1f6e68-601d-4f79-8056-d82cfd6dbe19', '3523', 'Dự phòng tái cơ cấu doanh nghiệp', 'Enterprise restructuring provisions', '1d3c5a83-8b4b-414d-91fb-3a0341ecbe1e', '6c10374a-9c3a-11ec-9f9b-b42e9986cd6c', '2020-09-19', '2020-09-19', '', 0, 0, 0, 0, 0, 0, 0, 0, 0, 0, '2f64b191-723e-11ec-80d2-309c23e68112', 1, '2020-09-19 08:34:40', '2020-09-19 08:34:40'),
('b143f0d1-616c-4420-bbab-b99ea21c1df9', 'fb1f6e68-601d-4f79-8056-d82cfd6dbe19', '33382', 'Các loại thuế khác', 'Other taxes', 'dbf6b7c0-12fd-47da-a00c-f863664b03ea', '6c10364b-9c3a-11ec-9f9b-b42e9986cd6c', '2020-09-19', '2020-09-19', '', 0, 0, 0, 0, 0, 0, 0, 0, 0, 0, '2f64b191-723e-11ec-80d2-309c23e68112', 1, '2020-09-19 07:59:40', '2020-09-19 07:59:40'),
('b266fe4b-6832-4967-9ed2-26a330c5a08a', 'eb806569-d6f1-4309-9d38-491aa3092534', '1288', 'Các khoản đầu tư khác nắm giữ đến ngày đáo hạn', 'Other investments held to maturity', '965cc8c4-3a79-493f-8c1e-92664fbb0082', '6c10379d-9c3a-11ec-9f9b-b42e9986cd6c', '2020-09-19', '2020-09-19', '', 0, 0, 0, 0, 0, 0, 0, 0, 0, 0, '2f64b191-723e-11ec-80d2-309c23e68112', 1, '2020-09-19 06:29:40', '2020-09-19 06:29:40'),
('b31316c9-b247-4b17-8ac1-af86b5bff9b8', 'eb806569-d6f1-4309-9d38-491aa3092534', '1281', 'Tiền gửi có kỳ hạn', 'Term deposits', '965cc8c4-3a79-493f-8c1e-92664fbb0082', '6c10379d-9c3a-11ec-9f9b-b42e9986cd6c', '2020-09-19', '2020-09-19', '', 0, 0, 0, 0, 0, 0, 0, 0, 0, 0, '2f64b191-723e-11ec-80d2-309c23e68112', 1, '2020-09-19 06:26:40', '2020-09-19 06:26:40'),
('b3c55211-edda-42bb-9f71-ac83a3a70aaa', '6dc009df-eabe-44b9-8c92-630c2154182e', '711', 'Thu nhập khác', 'Other Income', NULL, '6c0e5221-9c3a-11ec-9f9b-b42e9986cd6c', '2020-09-19', '2020-09-19', '', 0, 0, 0, 0, 0, 0, 0, 0, 0, 0, '2f64b191-723e-11ec-80d2-309c23e68112', 1, '2020-09-19 09:58:40', '2020-09-19 09:58:40'),
('b4dba3e6-7ee8-4e35-81cc-5ff4613eee89', 'fb1f6e68-601d-4f79-8056-d82cfd6dbe19', '34312', 'Chiết khấu trái phiếu', 'Bond discounts', '7b14c34a-8b58-47d2-a569-e8faf569abff', '6c10374a-9c3a-11ec-9f9b-b42e9986cd6c', '2020-09-19', '2020-09-19', '', 0, 0, 0, 0, 0, 0, 0, 0, 0, 0, '2f64b191-723e-11ec-80d2-309c23e68112', 1, '2020-09-19 08:26:40', '2020-09-19 08:26:40'),
('b4e716d1-9f32-4e46-8460-62bf08ce44b8', 'ef355a3e-7104-48f3-b1cc-2dc09b2e0554', '6112', 'Mua hàng hóa', 'Purchases of goods', '0aad1a20-021a-49d2-bea8-443246ff6959', '6c0e5221-9c3a-11ec-9f9b-b42e9986cd6c', '2020-09-19', '2020-09-19', '', 0, 0, 0, 0, 0, 0, 0, 0, 0, 0, '2f64b191-723e-11ec-80d2-309c23e68112', 1, '2020-09-19 09:21:40', '2020-09-19 09:21:40'),
('b56aa591-5931-423f-8b54-b6b5cc2e39ab', 'fb1f6e68-601d-4f79-8056-d82cfd6dbe19', '3333', 'Thuế xuất, nhập khẩu', 'Import and export tax', '7f54b349-9d9c-4137-9b9f-5e433eb02f9e', '6c10364b-9c3a-11ec-9f9b-b42e9986cd6c', '2020-09-19', '2020-09-19', '', 0, 0, 0, 0, 0, 0, 0, 0, 0, 0, '2f64b191-723e-11ec-80d2-309c23e68112', 1, '2020-09-19 07:52:40', '2020-09-19 07:52:40'),
('b7902d19-5f72-4824-95aa-ef9012387935', 'eb806569-d6f1-4309-9d38-491aa3092534', '155', 'Thành phẩm', 'Finished goods', NULL, '6c10379d-9c3a-11ec-9f9b-b42e9986cd6c', '2020-09-19', '2020-09-19', '', 0, 0, 0, 0, 0, 0, 0, 0, 0, 0, '2f64b191-723e-11ec-80d2-309c23e68112', 1, '2020-09-19 06:52:40', '2020-09-19 06:52:40'),
('b954255d-9367-482d-b615-80e302db45aa', 'dc7b1510-32d2-4025-a221-a3cd673e589a', '5113', 'Doanh thu cung cấp dịch vụ', 'Revenue from services rendered', '9ade13bf-a8e7-4a79-b387-f07a87ccefc9', '6c0e5221-9c3a-11ec-9f9b-b42e9986cd6c', '2020-09-19', '2020-09-19', '', 0, 0, 0, 0, 0, 0, 0, 0, 0, 0, '2f64b191-723e-11ec-80d2-309c23e68112', 1, '2020-09-19 09:11:40', '2020-09-19 09:11:40'),
('b9a12b64-7e27-45dc-b22b-f0f8f899c32d', 'eb806569-d6f1-4309-9d38-491aa3092534', '1113', 'Vàng tiền tệ', 'Monetary Gold', '5b39f5a6-b5da-4df8-8e93-4de73797957e', '6c10379d-9c3a-11ec-9f9b-b42e9986cd6c', '2020-09-19', '2020-09-19', '', 0, 0, 0, 0, 0, 0, 0, 0, 0, 0, '2f64b191-723e-11ec-80d2-309c23e68112', 1, '2020-09-19 06:13:40', '2020-09-19 06:13:40'),
('bb01a5ff-0d8f-46b8-941c-0498fe2dc22a', 'fb1f6e68-601d-4f79-8056-d82cfd6dbe19', '344', 'Nhận ký quỹ, ký cược', 'Deposits received', NULL, '6c10374a-9c3a-11ec-9f9b-b42e9986cd6c', '2020-09-19', '2020-09-19', '', 0, 0, 0, 0, 0, 0, 0, 0, 0, 0, '2f64b191-723e-11ec-80d2-309c23e68112', 1, '2020-09-19 08:29:40', '2020-09-19 08:29:40'),
('bbcc87ad-18ff-4ff3-9dfd-00b9547133a0', 'ef355a3e-7104-48f3-b1cc-2dc09b2e0554', '642', 'Chi phí quản lý doanh nghiệp', 'General administration expenses', NULL, '6c0e5221-9c3a-11ec-9f9b-b42e9986cd6c', '2020-09-19', '2020-09-19', '', 0, 0, 0, 0, 0, 0, 0, 0, 0, 0, '2f64b191-723e-11ec-80d2-309c23e68112', 1, '2020-09-19 09:49:40', '2020-09-19 09:49:40'),
('bc21350a-ff7f-4c4d-bd7b-d219d0764615', 'eb806569-d6f1-4309-9d38-491aa3092534', '1381', 'Tài sản thiếu chờ xử lý', 'Shortage of assets awaiting resolution', '63bec42a-8f5a-4578-a258-e887c212f9dc', '6c10364b-9c3a-11ec-9f9b-b42e9986cd6c', '2020-09-19', '2020-09-19', '', 0, 0, 0, 0, 0, 0, 0, 0, 0, 0, '2f64b191-723e-11ec-80d2-309c23e68112', 1, '2020-09-19 06:40:40', '2020-09-19 06:40:40'),
('bc5384a7-232e-42e4-b6b9-bc58fc332145', 'eb806569-d6f1-4309-9d38-491aa3092534', '136', 'Phải thu nội bộ', 'Internal receivables', NULL, '6c10379d-9c3a-11ec-9f9b-b42e9986cd6c', '2020-09-19', '2020-09-19', '', 0, 0, 0, 0, 0, 0, 0, 0, 0, 0, '2f64b191-723e-11ec-80d2-309c23e68112', 1, '2020-09-19 06:34:40', '2020-09-19 06:34:40'),
('bc8ae4c7-af39-4fce-86ea-f19f8e9c9700', 'fb1f6e68-601d-4f79-8056-d82cfd6dbe19', '3383', 'Bảo hiểm xã hội', 'Social insurance', '7c3cebb4-8f57-4117-996a-c46074acdfa4', '6c10364b-9c3a-11ec-9f9b-b42e9986cd6c', '2020-09-19', '2020-09-19', '', 0, 0, 0, 0, 0, 0, 0, 0, 0, 0, '2f64b191-723e-11ec-80d2-309c23e68112', 1, '2020-09-19 08:14:40', '2020-09-19 08:14:40'),
('be18f0a0-b449-49d7-a5b0-d0edb79601f8', '46e91471-e78f-47f9-9ff2-21c51f58dd88', '412', 'Chênh lệch đánh giá lại tài sản', 'Revaluation differences on asset', NULL, '6c10374a-9c3a-11ec-9f9b-b42e9986cd6c', '2020-09-19', '2020-09-19', '', 0, 0, 0, 0, 0, 0, 0, 0, 0, 0, '2f64b191-723e-11ec-80d2-309c23e68112', 1, '2020-09-19 08:52:40', '2020-09-19 08:52:40'),
('beae19e3-7dd1-4d34-b46f-d7a8f75efded', '04d10e07-b376-4639-be68-0a61ce0eac49', '811', 'Chi phí khác', 'Other Expenses', NULL, '6c0e5221-9c3a-11ec-9f9b-b42e9986cd6c', '2020-09-19', '2020-09-19', '', 0, 0, 0, 0, 0, 0, 0, 0, 0, 0, '2f64b191-723e-11ec-80d2-309c23e68112', 1, '2020-09-19 09:59:40', '2020-09-19 09:59:40'),
('c10d0bb8-22ff-4eea-821f-aa0e617969ad', 'ef355a3e-7104-48f3-b1cc-2dc09b2e0554', '6232', 'Chi phí nguyên, vật liệu', 'Material costs', 'e36d9994-adc4-492e-90fc-490048eb9a95', '6c0e5221-9c3a-11ec-9f9b-b42e9986cd6c', '2020-09-19', '2020-09-19', '', 0, 0, 0, 0, 0, 0, 0, 0, 0, 0, '2f64b191-723e-11ec-80d2-309c23e68112', 1, '2020-09-19 09:26:40', '2020-09-19 09:26:40'),
('c1af63d5-2bf7-4b99-bd0b-9ea3adeefab2', 'eb806569-d6f1-4309-9d38-491aa3092534', '1368', 'Phải thu nội bộ khác', 'Other internal receivables', 'bc5384a7-232e-42e4-b6b9-bc58fc332145', '6c10379d-9c3a-11ec-9f9b-b42e9986cd6c', '2020-09-19', '2020-09-19', '', 0, 0, 0, 0, 0, 0, 0, 0, 0, 0, '2f64b191-723e-11ec-80d2-309c23e68112', 1, '2020-09-19 06:38:40', '2020-09-19 06:38:40'),
('c28792ee-4399-4d7a-ae43-a0c5cad62e3b', 'ef355a3e-7104-48f3-b1cc-2dc09b2e0554', '6272', 'Chi phí nguyên, vật liệu', 'Material costs', '5741f1e5-6d75-44e1-b172-2eb16618257c', '6c0e5221-9c3a-11ec-9f9b-b42e9986cd6c', '2020-09-19', '2020-09-19', '', 0, 0, 0, 0, 0, 0, 0, 0, 0, 0, '2f64b191-723e-11ec-80d2-309c23e68112', 1, '2020-09-19 09:33:40', '2020-09-19 09:33:40'),
('c2f16f30-2d08-4703-8721-6ec8e093a176', 'eb806569-d6f1-4309-9d38-491aa3092534', '158', 'Hàng hoá kho bảo thuế', 'Goods in bonded warehouse', NULL, '6c10379d-9c3a-11ec-9f9b-b42e9986cd6c', '2020-09-19', '2020-09-19', '', 0, 0, 0, 0, 0, 0, 0, 0, 0, 0, '2f64b191-723e-11ec-80d2-309c23e68112', 1, '2020-09-19 07:00:40', '2020-09-19 07:00:40'),
('c40432c9-4d47-4060-b91c-ea15a8068322', 'eb806569-d6f1-4309-9d38-491aa3092534', '151', 'Hàng mua đang đi đường', 'Goods in transit', NULL, '6c10379d-9c3a-11ec-9f9b-b42e9986cd6c', '2020-09-19', '2020-09-19', '', 0, 0, 0, 0, 0, 0, 0, 0, 0, 0, '2f64b191-723e-11ec-80d2-309c23e68112', 1, '2020-09-19 06:44:40', '2020-09-19 06:44:40'),
('c4f187cc-2bb4-44ed-a01c-ceeb0a3783aa', 'eb806569-d6f1-4309-9d38-491aa3092534', '171', 'Giao dịch mua bán lại trái phiếu chính phủ', 'Government bonds purchased for resale', NULL, '6c10379d-9c3a-11ec-9f9b-b42e9986cd6c', '2020-09-19', '2020-09-19', '', 0, 0, 0, 0, 0, 0, 0, 0, 0, 0, '2f64b191-723e-11ec-80d2-309c23e68112', 1, '2020-09-19 07:04:40', '2020-09-19 07:04:40'),
('c50eb7df-3966-428f-b250-d5ffd7d7a91d', '92c1a125-9abe-45c2-8fe3-e6af6c03b357', '2131', 'Quyền sử dụng đất', 'Land use rights', '53dfda7e-7d6e-4f34-848d-ebbb8180f6e5', '6c10379d-9c3a-11ec-9f9b-b42e9986cd6c', '2020-09-19', '2020-09-19', '', 0, 0, 0, 0, 0, 0, 0, 0, 0, 0, '2f64b191-723e-11ec-80d2-309c23e68112', 1, '2020-09-19 07:16:40', '2020-09-19 07:16:40'),
('c5e41bdd-7e21-4a1e-aba1-7e1bdc99174c', 'eb806569-d6f1-4309-9d38-491aa3092534', '1388', 'Phải thu khác', 'Others receivables', '63bec42a-8f5a-4578-a258-e887c212f9dc', '6c10364b-9c3a-11ec-9f9b-b42e9986cd6c', '2020-09-19', '2020-09-19', '', 0, 0, 0, 0, 0, 0, 0, 0, 0, 0, '2f64b191-723e-11ec-80d2-309c23e68112', 1, '2020-09-19 06:42:40', '2020-09-19 06:42:40'),
('c6be3aee-cc12-4692-bbc0-4b2c983be32d', '92c1a125-9abe-45c2-8fe3-e6af6c03b357', '2121', 'TSCĐ hữu hình thuê tài chính', 'Finance lease tangible fixed assets', '288967dc-67e8-49dd-ba8c-43e517fb50eb', '6c10379d-9c3a-11ec-9f9b-b42e9986cd6c', '2020-09-19', '2020-09-19', '', 0, 0, 0, 0, 0, 0, 0, 0, 0, 0, '2f64b191-723e-11ec-80d2-309c23e68112', 1, '2020-09-19 07:13:40', '2020-09-19 07:13:40'),
('c6db5a8f-2086-4ff4-a8f8-72624b21e1b2', 'fb1f6e68-601d-4f79-8056-d82cfd6dbe19', '33381', 'Thuế bảo vệ môi trường', 'Environment protection tax', 'dbf6b7c0-12fd-47da-a00c-f863664b03ea', '6c10364b-9c3a-11ec-9f9b-b42e9986cd6c', '2020-09-19', '2020-09-19', '', 0, 0, 0, 0, 0, 0, 0, 0, 0, 0, '2f64b191-723e-11ec-80d2-309c23e68112', 1, '2020-09-19 07:58:40', '2020-09-19 07:58:40'),
('c7645b33-6d65-40ee-8dad-3ad449f4c60a', 'fb1f6e68-601d-4f79-8056-d82cfd6dbe19', '3411', 'Các khoản đi vay', 'Borrowings', 'f81a5f5c-7e91-48db-80f5-8f930aed715c', '6c10374a-9c3a-11ec-9f9b-b42e9986cd6c', '2020-09-19', '2020-09-19', '', 0, 0, 0, 0, 0, 0, 0, 0, 0, 0, '2f64b191-723e-11ec-80d2-309c23e68112', 1, '2020-09-19 08:21:40', '2020-09-19 08:21:40'),
('c7bbee27-1a12-4d98-8922-c80f816beb64', '46e91471-e78f-47f9-9ff2-21c51f58dd88', '413', 'Chênh lệch tỷ giá hối đoái', 'Foreign exchange differences', NULL, '6c10374a-9c3a-11ec-9f9b-b42e9986cd6c', '2020-09-19', '2020-09-19', '', 0, 0, 0, 0, 0, 0, 0, 0, 0, 0, '2f64b191-723e-11ec-80d2-309c23e68112', 1, '2020-09-19 08:53:40', '2020-09-19 08:53:40'),
('c9700160-72a2-4439-a9af-3b739d9cdcf1', 'ef355a3e-7104-48f3-b1cc-2dc09b2e0554', '6411', 'Chi phí nhân viên', 'Staff expenses', '4fc33d45-67ab-47aa-b39c-48a00c15a064', '6c0e5221-9c3a-11ec-9f9b-b42e9986cd6c', '2020-09-19', '2020-09-19', '', 0, 0, 0, 0, 0, 0, 0, 0, 0, 0, '2f64b191-723e-11ec-80d2-309c23e68112', 1, '2020-09-19 09:42:40', '2020-09-19 09:42:40'),
('caefd3d0-0f66-4cf5-b66d-7dd83313c008', 'fb1f6e68-601d-4f79-8056-d82cfd6dbe19', '3381', 'Tài sản thừa chờ giải quyết', 'Surplus of assets awaiting resolution', '7c3cebb4-8f57-4117-996a-c46074acdfa4', '6c10364b-9c3a-11ec-9f9b-b42e9986cd6c', '2020-09-19', '2020-09-19', '', 0, 0, 0, 0, 0, 0, 0, 0, 0, 0, '2f64b191-723e-11ec-80d2-309c23e68112', 1, '2020-09-19 08:12:40', '2020-09-19 08:12:40'),
('cb304985-b9ae-4350-a20d-6f13ff6f8d53', 'eb806569-d6f1-4309-9d38-491aa3092534', '1212', 'Trái phiếu', 'Bonds', 'd68c6a23-c934-4266-8b6a-c961140bef12', '6c10379d-9c3a-11ec-9f9b-b42e9986cd6c', '2020-09-19', '2020-09-19', '', 0, 0, 0, 0, 0, 0, 0, 0, 0, 0, '2f64b191-723e-11ec-80d2-309c23e68112', 1, '2020-09-19 06:23:40', '2020-09-19 06:23:40'),
('cb987c2a-46e9-4329-8a4c-c5e6e7683c2a', 'fb1f6e68-601d-4f79-8056-d82cfd6dbe19', '33311', 'Thuế GTGT đầu ra', 'Output VAT', '2c103880-002d-4644-977c-5f3978a527f7', '6c10364b-9c3a-11ec-9f9b-b42e9986cd6c', '2020-09-19', '2020-09-19', '', 0, 0, 0, 0, 0, 0, 0, 0, 0, 0, '2f64b191-723e-11ec-80d2-309c23e68112', 1, '2020-09-19 07:49:40', '2020-09-19 07:49:40'),
('cbe89f03-8ebb-422e-ad9b-4022e42e5577', '92c1a125-9abe-45c2-8fe3-e6af6c03b357', '2147', 'Hao mòn bất động sản đầu tư', 'Depreciation of investment properties', 'a5099340-9e10-4a8a-8c62-8d27d2e1eece', '6c10374a-9c3a-11ec-9f9b-b42e9986cd6c', '2020-09-19', '2020-09-19', '', 0, 0, 0, 0, 0, 0, 0, 0, 0, 0, '2f64b191-723e-11ec-80d2-309c23e68112', 1, '2020-09-19 07:27:40', '2020-09-19 07:27:40'),
('ccb3b828-7c8f-40cd-a63a-69c91511ed61', 'fb1f6e68-601d-4f79-8056-d82cfd6dbe19', '3386', 'Bảo hiểm thất nghiệp', 'Unemployment insurance', '7c3cebb4-8f57-4117-996a-c46074acdfa4', '6c10364b-9c3a-11ec-9f9b-b42e9986cd6c', '2020-09-19', '2020-09-19', '', 0, 0, 0, 0, 0, 0, 0, 0, 0, 0, '2f64b191-723e-11ec-80d2-309c23e68112', 1, '2020-09-19 08:17:40', '2020-09-19 08:17:40'),
('ccee71ad-e071-402f-8356-337605e95277', 'fb1f6e68-601d-4f79-8056-d82cfd6dbe19', '356', 'Quỹ phát triển khoa học và công nghệ', 'Science and technology development fund', NULL, '6c10374a-9c3a-11ec-9f9b-b42e9986cd6c', '2020-09-19', '2020-09-19', '', 0, 0, 0, 0, 0, 0, 0, 0, 0, 0, '2f64b191-723e-11ec-80d2-309c23e68112', 1, '2020-09-19 08:41:40', '2020-09-19 08:41:40'),
('ce6e4d9f-7dd6-47b7-8d35-9f372b9ea1ce', '46e91471-e78f-47f9-9ff2-21c51f58dd88', '4211', 'Lợi nhuận sau thuế chưa phân phối năm trước', 'Undistributed profit after tax of previous year', '1622ebf7-7470-4830-bbc9-fa1256857b45', '6c10364b-9c3a-11ec-9f9b-b42e9986cd6c', '2020-09-19', '2020-09-19', '', 0, 0, 0, 0, 0, 0, 0, 0, 0, 0, '2f64b191-723e-11ec-80d2-309c23e68112', 1, '2020-09-19 09:01:40', '2020-09-19 09:01:40'),
('cf48299d-64c6-446c-8532-8d787ff7a337', '92c1a125-9abe-45c2-8fe3-e6af6c03b357', '2122', 'TSCĐ vô hình thuê tài chính', 'Finance lease intangible fixed assets', '288967dc-67e8-49dd-ba8c-43e517fb50eb', '6c10379d-9c3a-11ec-9f9b-b42e9986cd6c', '2020-09-19', '2020-09-19', '', 0, 0, 0, 0, 0, 0, 0, 0, 0, 0, '2f64b191-723e-11ec-80d2-309c23e68112', 1, '2020-09-19 07:14:40', '2020-09-19 07:14:40'),
('d2d61d41-80d9-4aa4-95fc-b2104860573e', 'eb806569-d6f1-4309-9d38-491aa3092534', '1551', 'Thành phẩm nhập kho', 'Finished goods', 'b7902d19-5f72-4824-95aa-ef9012387935', '6c10379d-9c3a-11ec-9f9b-b42e9986cd6c', '2020-09-19', '2020-09-19', '', 0, 0, 0, 0, 0, 0, 0, 0, 0, 0, '2f64b191-723e-11ec-80d2-309c23e68112', 1, '2020-09-19 06:53:40', '2020-09-19 06:53:40'),
('d4d59c66-d775-4b8e-9271-5e1a554b8015', '92c1a125-9abe-45c2-8fe3-e6af6c03b357', '2132', 'Quyền phát hành', 'Copyrights', '53dfda7e-7d6e-4f34-848d-ebbb8180f6e5', '6c10379d-9c3a-11ec-9f9b-b42e9986cd6c', '2020-09-19', '2020-09-19', '', 0, 0, 0, 0, 0, 0, 0, 0, 0, 0, '2f64b191-723e-11ec-80d2-309c23e68112', 1, '2020-09-19 07:17:40', '2020-09-19 07:17:40'),
('d4ffcb67-6b6c-48b8-8707-14d16c262b46', 'ef355a3e-7104-48f3-b1cc-2dc09b2e0554', '6424', 'Chi phí khấu hao TSCĐ', 'Fixed asset depreciation', 'bbcc87ad-18ff-4ff3-9dfd-00b9547133a0', '6c0e5221-9c3a-11ec-9f9b-b42e9986cd6c', '2020-09-19', '2020-09-19', '', 0, 0, 0, 0, 0, 0, 0, 0, 0, 0, '2f64b191-723e-11ec-80d2-309c23e68112', 1, '2020-09-19 09:53:40', '2020-09-19 09:53:40'),
('d5da479f-d3d9-4f8b-9a45-7514809f6a06', '46e91471-e78f-47f9-9ff2-21c51f58dd88', '418', 'Các quỹ khác thuộc vốn chủ sở hữu', 'Other equity funds', NULL, '6c10374a-9c3a-11ec-9f9b-b42e9986cd6c', '2020-09-19', '2020-09-19', '', 0, 0, 0, 0, 0, 0, 0, 0, 0, 0, '2f64b191-723e-11ec-80d2-309c23e68112', 1, '2020-09-19 08:58:40', '2020-09-19 08:58:40'),
('d68c6a23-c934-4266-8b6a-c961140bef12', 'eb806569-d6f1-4309-9d38-491aa3092534', '121', 'Chứng khoán kinh doanh', 'Trading securities', NULL, '6c10379d-9c3a-11ec-9f9b-b42e9986cd6c', '2020-09-19', '2020-09-19', '', 0, 0, 0, 0, 0, 0, 0, 0, 0, 0, '2f64b191-723e-11ec-80d2-309c23e68112', 1, '2020-09-19 06:21:40', '2020-09-19 06:21:40'),
('d83b9ad9-ce31-46e4-bbfa-d76a7721746b', 'fb1f6e68-601d-4f79-8056-d82cfd6dbe19', '33312', 'Thuế GTGT hàng nhập khẩu', 'VAT on imported goods', '2c103880-002d-4644-977c-5f3978a527f7', '6c10364b-9c3a-11ec-9f9b-b42e9986cd6c', '2020-09-19', '2020-09-19', '', 0, 0, 0, 0, 0, 0, 0, 0, 0, 0, '2f64b191-723e-11ec-80d2-309c23e68112', 1, '2020-09-19 07:50:40', '2020-09-19 07:50:40'),
('d850f35a-aac8-496a-aef7-2c2f8061f7ee', 'fb1f6e68-601d-4f79-8056-d82cfd6dbe19', '335', 'Chi phí phải trả', 'Accrued expenses', NULL, '6c10374a-9c3a-11ec-9f9b-b42e9986cd6c', '2020-09-19', '2020-09-19', '', 0, 0, 0, 0, 0, 0, 0, 0, 0, 0, '2f64b191-723e-11ec-80d2-309c23e68112', 1, '2020-09-19 08:04:40', '2020-09-19 08:04:40'),
('d8b231aa-2bf7-412c-baa4-f58003c71cae', 'ef355a3e-7104-48f3-b1cc-2dc09b2e0554', '6427', 'Chi phí dịch vụ mua ngoài', 'Outside services', 'bbcc87ad-18ff-4ff3-9dfd-00b9547133a0', '6c0e5221-9c3a-11ec-9f9b-b42e9986cd6c', '2020-09-19', '2020-09-19', '', 0, 0, 0, 0, 0, 0, 0, 0, 0, 0, '2f64b191-723e-11ec-80d2-309c23e68112', 1, '2020-09-19 09:56:40', '2020-09-19 09:56:40'),
('db0aeb3f-a36d-4f85-a0e2-2d3e2922cfa6', '46e91471-e78f-47f9-9ff2-21c51f58dd88', '4611', 'Nguồn kinh phí sự nghiệp năm trước', 'Government sourced funds of previous year', '2666c40a-20f7-42f5-bc1f-5c6f6c2abd2e', '6c10374a-9c3a-11ec-9f9b-b42e9986cd6c', '2020-09-19', '2020-09-19', '', 0, 0, 0, 0, 0, 0, 0, 0, 0, 0, '2f64b191-723e-11ec-80d2-309c23e68112', 1, '2020-09-19 09:05:40', '2020-09-19 09:05:40'),
('dbf6b7c0-12fd-47da-a00c-f863664b03ea', 'fb1f6e68-601d-4f79-8056-d82cfd6dbe19', '3338', 'Thuế bảo vệ môi trường và các loại thuế khác', 'Environment protection tax and other taxes', '7f54b349-9d9c-4137-9b9f-5e433eb02f9e', '6c10364b-9c3a-11ec-9f9b-b42e9986cd6c', '2020-09-19', '2020-09-19', '', 0, 0, 0, 0, 0, 0, 0, 0, 0, 0, '2f64b191-723e-11ec-80d2-309c23e68112', 1, '2020-09-19 07:57:40', '2020-09-19 07:57:40'),
('dcae2db5-60a1-4041-bcb9-e8b44c03c7bb', 'fb1f6e68-601d-4f79-8056-d82cfd6dbe19', '337', 'Thanh toán theo tiến độ kế hoạch hợp đồng xây dựng', 'Progress billings for construction contracts', NULL, '6c10374a-9c3a-11ec-9f9b-b42e9986cd6c', '2020-09-19', '2020-09-19', '', 0, 0, 0, 0, 0, 0, 0, 0, 0, 0, '2f64b191-723e-11ec-80d2-309c23e68112', 1, '2020-09-19 08:10:40', '2020-09-19 08:10:40'),
('deb7424f-b671-4992-a47e-e4f66b881f93', 'eb806569-d6f1-4309-9d38-491aa3092534', '1562', 'Chi phí thu mua hàng hóa', 'Incidental expenses', '91ac1ebe-8dba-469c-a4bc-fae58ff720ec', '6c10379d-9c3a-11ec-9f9b-b42e9986cd6c', '2020-09-19', '2020-09-19', '', 0, 0, 0, 0, 0, 0, 0, 0, 0, 0, '2f64b191-723e-11ec-80d2-309c23e68112', 1, '2020-09-19 06:57:40', '2020-09-19 06:57:40'),
('df229e2e-6186-4cee-a36c-cff78ea0d8bc', 'eb806569-d6f1-4309-9d38-491aa3092534', '1211', 'Cổ phiếu', 'Shares', 'd68c6a23-c934-4266-8b6a-c961140bef12', '6c10379d-9c3a-11ec-9f9b-b42e9986cd6c', '2020-09-19', '2020-09-19', '', 0, 0, 0, 0, 0, 0, 0, 0, 0, 0, '2f64b191-723e-11ec-80d2-309c23e68112', 1, '2020-09-19 06:22:40', '2020-09-19 06:22:40'),
('e12c6a77-de97-4ee1-b29a-92eb3a8fb545', 'ef355a3e-7104-48f3-b1cc-2dc09b2e0554', '6278', 'Chi phí bằng tiền khác', 'Other expenses', '5741f1e5-6d75-44e1-b172-2eb16618257c', '6c0e5221-9c3a-11ec-9f9b-b42e9986cd6c', '2020-09-19', '2020-09-19', '', 0, 0, 0, 0, 0, 0, 0, 0, 0, 0, '2f64b191-723e-11ec-80d2-309c23e68112', 1, '2020-09-19 09:37:40', '2020-09-19 09:37:40'),
('e133d06a-d12d-4678-bdab-fd263d81fbcf', 'eb806569-d6f1-4309-9d38-491aa3092534', '1534', 'Thiết bị, phụ tùng thay thế', 'Equipment and spare parts', '453d7dec-a643-4d11-ab5a-b393ba4667d3', '6c10379d-9c3a-11ec-9f9b-b42e9986cd6c', '2020-09-19', '2020-09-19', '', 0, 0, 0, 0, 0, 0, 0, 0, 0, 0, '2f64b191-723e-11ec-80d2-309c23e68112', 1, '2020-09-19 06:50:40', '2020-09-19 06:50:40'),
('e36d9994-adc4-492e-90fc-490048eb9a95', 'ef355a3e-7104-48f3-b1cc-2dc09b2e0554', '623', 'Chi phí sử dụng máy thi công', 'Costs of construction machinery', NULL, '6c0e5221-9c3a-11ec-9f9b-b42e9986cd6c', '2020-09-19', '2020-09-19', '', 0, 0, 0, 0, 0, 0, 0, 0, 0, 0, '2f64b191-723e-11ec-80d2-309c23e68112', 1, '2020-09-19 09:24:40', '2020-09-19 09:24:40'),
('e5492b08-d110-49ca-884e-9ba8c678fe42', 'dc7b1510-32d2-4025-a221-a3cd673e589a', '5114', 'Doanh thu trợ cấp, trợ giá', 'Revenue from government grants', '9ade13bf-a8e7-4a79-b387-f07a87ccefc9', '6c0e5221-9c3a-11ec-9f9b-b42e9986cd6c', '2020-09-19', '2020-09-19', '', 0, 0, 0, 0, 0, 0, 0, 0, 0, 0, '2f64b191-723e-11ec-80d2-309c23e68112', 1, '2020-09-19 09:12:40', '2020-09-19 09:12:40'),
('e5968748-8577-4859-859e-2452e64ccb78', 'eb806569-d6f1-4309-9d38-491aa3092534', '1557', 'Thành phẩm bất động sản', 'Real estate finished goods', 'b7902d19-5f72-4824-95aa-ef9012387935', '6c10379d-9c3a-11ec-9f9b-b42e9986cd6c', '2020-09-19', '2020-09-19', '', 0, 0, 0, 0, 0, 0, 0, 0, 0, 0, '2f64b191-723e-11ec-80d2-309c23e68112', 1, '2020-09-19 06:54:40', '2020-09-19 06:54:40'),
('e5cc5a1c-1f98-4573-9afb-49697ac40f1e', '92c1a125-9abe-45c2-8fe3-e6af6c03b357', '241', 'Xây dựng cơ bản dở dang', 'Construction in progress', NULL, '6c10379d-9c3a-11ec-9f9b-b42e9986cd6c', '2020-09-19', '2020-09-19', '', 0, 0, 0, 0, 0, 0, 0, 0, 0, 0, '2f64b191-723e-11ec-80d2-309c23e68112', 1, '2020-09-19 07:39:40', '2020-09-19 07:39:40'),
('e870d4f4-4be0-421f-88fb-6ded3288d095', 'fb1f6e68-601d-4f79-8056-d82cfd6dbe19', '3384', 'Bảo hiểm y tế', 'Health insurance', '7c3cebb4-8f57-4117-996a-c46074acdfa4', '6c10364b-9c3a-11ec-9f9b-b42e9986cd6c', '2020-09-19', '2020-09-19', '', 0, 0, 0, 0, 0, 0, 0, 0, 0, 0, '2f64b191-723e-11ec-80d2-309c23e68112', 1, '2020-09-19 08:15:40', '2020-09-19 08:15:40'),
('eb32ac81-6e06-4cf0-8318-d25bf36f7c21', '92c1a125-9abe-45c2-8fe3-e6af6c03b357', '2112', 'Máy móc, thiết bị', 'Machinery and equipment', '81bd5933-1c08-4c8b-b951-2769670a6d75', '6c10379d-9c3a-11ec-9f9b-b42e9986cd6c', '2020-09-19', '2020-09-19', '', 0, 0, 0, 0, 0, 0, 0, 0, 0, 0, '2f64b191-723e-11ec-80d2-309c23e68112', 1, '2020-09-19 07:07:40', '2020-09-19 07:07:40'),
('eb58e971-5452-4cc8-bfb1-06bcfbb2ec01', 'eb806569-d6f1-4309-9d38-491aa3092534', '1612', 'Chi sự nghiệp năm nay', 'Expenditure of current year', '675b087b-de03-4fbd-8614-997fa0de7bd8', '6c10379d-9c3a-11ec-9f9b-b42e9986cd6c', '2020-09-19', '2020-09-19', '', 0, 0, 0, 0, 0, 0, 0, 0, 0, 0, '2f64b191-723e-11ec-80d2-309c23e68112', 1, '2020-09-19 07:03:40', '2020-09-19 07:03:40'),
('ebcdad56-08b3-4596-ae04-efd8c374711f', 'dc7b1510-32d2-4025-a221-a3cd673e589a', '5212', 'Hàng bán bị trả lại', 'Sales returns', 'ac7eaa99-937a-4cd1-bc57-f9a90be90471', '6c0e5221-9c3a-11ec-9f9b-b42e9986cd6c', '2020-09-19', '2020-09-19', '', 0, 0, 0, 0, 0, 0, 0, 0, 0, 0, '2f64b191-723e-11ec-80d2-309c23e68112', 1, '2020-09-19 09:17:40', '2020-09-19 09:17:40'),
('ece6af8c-0afb-446a-940c-6ba05d76f2a3', 'ef355a3e-7104-48f3-b1cc-2dc09b2e0554', '6273', 'Chi phí dụng cụ sản xuất', 'Tools and instruments', '5741f1e5-6d75-44e1-b172-2eb16618257c', '6c0e5221-9c3a-11ec-9f9b-b42e9986cd6c', '2020-09-19', '2020-09-19', '', 0, 0, 0, 0, 0, 0, 0, 0, 0, 0, '2f64b191-723e-11ec-80d2-309c23e68112', 1, '2020-09-19 09:34:40', '2020-09-19 09:34:40'),
('ef48dea0-eef3-4979-bd70-3f67a29c327b', '92c1a125-9abe-45c2-8fe3-e6af6c03b357', '2118', 'TSCĐ khác', 'Other tangible fixed assets', '81bd5933-1c08-4c8b-b951-2769670a6d75', '6c10379d-9c3a-11ec-9f9b-b42e9986cd6c', '2020-09-19', '2020-09-19', '', 0, 0, 0, 0, 0, 0, 0, 0, 0, 0, '2f64b191-723e-11ec-80d2-309c23e68112', 1, '2020-09-19 07:11:40', '2020-09-19 07:11:40'),
('f0b69939-2eba-4b39-9aaf-1501bca6dccf', '92c1a125-9abe-45c2-8fe3-e6af6c03b357', '228', 'Đầu tư khác', 'Other investments', NULL, '6c10379d-9c3a-11ec-9f9b-b42e9986cd6c', '2020-09-19', '2020-09-19', '', 0, 0, 0, 0, 0, 0, 0, 0, 0, 0, '2f64b191-723e-11ec-80d2-309c23e68112', 1, '2020-09-19 07:31:40', '2020-09-19 07:31:40'),
('f5e8d699-b5ef-4cbf-a761-650ab7f72496', '92c1a125-9abe-45c2-8fe3-e6af6c03b357', '2136', 'Giấy phép và giấy phép nhượng quyền', 'Licenses and franchises', '53dfda7e-7d6e-4f34-848d-ebbb8180f6e5', '6c10379d-9c3a-11ec-9f9b-b42e9986cd6c', '2020-09-19', '2020-09-19', '', 0, 0, 0, 0, 0, 0, 0, 0, 0, 0, '2f64b191-723e-11ec-80d2-309c23e68112', 1, '2020-09-19 07:21:40', '2020-09-19 07:21:40'),
('f5f8d314-6ff6-4e82-8b5a-3cb84a8cf339', 'eb806569-d6f1-4309-9d38-491aa3092534', '1567', 'Hàng hóa bất động sản', 'Property Inventories', '91ac1ebe-8dba-469c-a4bc-fae58ff720ec', '6c10379d-9c3a-11ec-9f9b-b42e9986cd6c', '2020-09-19', '2020-09-19', '', 0, 0, 0, 0, 0, 0, 0, 0, 0, 0, '2f64b191-723e-11ec-80d2-309c23e68112', 1, '2020-09-19 06:58:40', '2020-09-19 06:58:40'),
('f5ff8208-9219-4d4e-ae95-6c452ca6cb1c', 'ef355a3e-7104-48f3-b1cc-2dc09b2e0554', '6428', 'Chi phí bằng tiền khác', 'Other expenses', 'bbcc87ad-18ff-4ff3-9dfd-00b9547133a0', '6c0e5221-9c3a-11ec-9f9b-b42e9986cd6c', '2020-09-19', '2020-09-19', '', 0, 0, 0, 0, 0, 0, 0, 0, 0, 0, '2f64b191-723e-11ec-80d2-309c23e68112', 1, '2020-09-19 09:57:40', '2020-09-19 09:57:40'),
('f7119b70-c726-4c2c-b388-d334f0b02e61', 'eb806569-d6f1-4309-9d38-491aa3092534', '112', 'Tiền gửi Ngân hàng', 'Cash in banks', NULL, '6c10379d-9c3a-11ec-9f9b-b42e9986cd6c', '2020-09-19', '2020-09-19', '', 0, 0, 0, 0, 0, 0, 0, 0, 0, 0, '2f64b191-723e-11ec-80d2-309c23e68112', 1, '2020-09-19 06:14:40', '2020-09-19 06:14:40'),
('f81a5f5c-7e91-48db-80f5-8f930aed715c', 'fb1f6e68-601d-4f79-8056-d82cfd6dbe19', '341', 'Vay và nợ thuê tài chính', 'Borrowings and finance lease liabilities', NULL, '6c10374a-9c3a-11ec-9f9b-b42e9986cd6c', '2020-09-19', '2020-09-19', '', 0, 0, 0, 0, 0, 0, 0, 0, 0, 0, '2f64b191-723e-11ec-80d2-309c23e68112', 1, '2020-09-19 08:20:40', '2020-09-19 08:20:40'),
('f89f5ab8-8b18-43fa-b570-b6ad1cca238f', 'fb1f6e68-601d-4f79-8056-d82cfd6dbe19', '3335', 'Thuế thu nhập cá nhân', 'Personal income tax', '7f54b349-9d9c-4137-9b9f-5e433eb02f9e', '6c10364b-9c3a-11ec-9f9b-b42e9986cd6c', '2020-09-19', '2020-09-19', '', 0, 0, 0, 0, 0, 0, 0, 0, 0, 0, '2f64b191-723e-11ec-80d2-309c23e68112', 1, '2020-09-19 07:54:40', '2020-09-19 07:54:40'),
('fa7720eb-ca54-48b6-ad94-99a3db351f22', '92c1a125-9abe-45c2-8fe3-e6af6c03b357', '229', 'Dự phòng tổn thất tài sản', 'Allowance for impairment of assets', NULL, '6c10379d-9c3a-11ec-9f9b-b42e9986cd6c', '2020-09-19', '2020-09-19', '', 0, 0, 0, 0, 0, 0, 0, 0, 0, 0, '2f64b191-723e-11ec-80d2-309c23e68112', 1, '2020-09-19 07:34:40', '2020-09-19 07:34:40'),
('fa79d878-2ef6-4cc2-87e1-8383d9bebd9c', 'fb1f6e68-601d-4f79-8056-d82cfd6dbe19', '34311', 'Mệnh giá', 'Par value of bonds', '7b14c34a-8b58-47d2-a569-e8faf569abff', '6c10374a-9c3a-11ec-9f9b-b42e9986cd6c', '2020-09-19', '2020-09-19', '', 0, 0, 0, 0, 0, 0, 0, 0, 0, 0, '2f64b191-723e-11ec-80d2-309c23e68112', 1, '2020-09-19 08:25:40', '2020-09-19 08:25:40'),
('fea9b0ab-15d7-4ecf-b99c-90cac493c7d8', '46e91471-e78f-47f9-9ff2-21c51f58dd88', '417', 'Quỹ hỗ trợ sắp xếp doanh nghiệp', 'Enterprise reorganization assistance fund', NULL, '6c10374a-9c3a-11ec-9f9b-b42e9986cd6c', '2020-09-19', '2020-09-19', '', 0, 0, 0, 0, 0, 0, 0, 0, 0, 0, '2f64b191-723e-11ec-80d2-309c23e68112', 1, '2020-09-19 08:57:40', '2020-09-19 08:57:40');

-- --------------------------------------------------------

--
-- Cấu trúc bảng cho bảng `account_systems_filter`
--

CREATE TABLE `account_systems_filter` (
  `id` varchar(36) CHARACTER SET ascii COLLATE ascii_general_ci NOT NULL,
  `account_systems` varchar(36) CHARACTER SET ascii COLLATE ascii_general_ci NOT NULL,
  `account_systems_filter_id` varchar(36) CHARACTER SET ascii COLLATE ascii_general_ci NOT NULL,
  `account_systems_filter_type` varchar(50) NOT NULL,
  `created_at` timestamp NULL DEFAULT NULL,
  `updated_at` timestamp NULL DEFAULT NULL
) ENGINE=InnoDB DEFAULT CHARSET=utf8mb4 COLLATE=utf8mb4_unicode_ci;

--
-- Đang đổ dữ liệu cho bảng `account_systems_filter`
--

INSERT INTO `account_systems_filter` (`id`, `account_systems`, `account_systems_filter_id`, `account_systems_filter_type`, `created_at`, `updated_at`) VALUES
('03513a07-fe2a-456b-bb24-b1b0252b2577', 'b954255d-9367-482d-b615-80e302db45aa', '8d9b5637-ac0b-4b84-a3d3-302f24bb28d7', 'AccSettingVoucherCredit', '2022-06-20 17:41:42', '2022-06-20 17:41:42'),
('29279f6b-a286-405e-935b-01ee47e830ae', 'e5492b08-d110-49ca-884e-9ba8c678fe42', '8d9b5637-ac0b-4b84-a3d3-302f24bb28d7', 'AccSettingVoucherCredit', '2022-06-20 17:41:42', '2022-06-20 17:41:42'),
('322a1a8f-5801-434d-b2e7-687c15533114', '7497c202-ff55-4d67-8df5-ae5c3489a499', '8d9b5637-ac0b-4b84-a3d3-302f24bb28d7', 'AccSettingVoucherCredit', '2022-06-20 17:41:43', '2022-06-20 17:41:43'),
('646c355d-a695-4c61-8029-7ab394eb9955', '4145f0e0-1730-425f-acdd-3255c4d3881b', '8d9b5637-ac0b-4b84-a3d3-302f24bb28d7', 'AccSettingVoucherCredit', '2022-06-20 17:41:43', '2022-06-20 17:41:43'),
('6bd45ce7-3f6f-45d4-ba6b-0c09de527b0c', '82846e03-1193-4d17-b6a9-c0ee19939870', '8d9b5637-ac0b-4b84-a3d3-302f24bb28d7', 'AccSettingVoucherCredit', '2022-06-20 17:41:42', '2022-06-20 17:41:42'),
('7b157664-ddcb-4a80-aea1-23b9cb115717', '4289c824-911e-4144-abfc-90ded2395b67', '8d9b5637-ac0b-4b84-a3d3-302f24bb28d7', 'AccSettingVoucherCredit', '2022-06-20 17:41:42', '2022-06-20 17:41:42'),
('87e26c96-e0cd-455c-ac92-8597593e42a5', '9974dc26-ca54-4275-bada-533e93bbbb8d', '8d9b5637-ac0b-4b84-a3d3-302f24bb28d7', 'AccSettingVoucherDebit', '2022-06-20 16:36:20', '2022-06-20 16:36:20'),
('a4c9726c-b9e6-428e-ae21-408a08cf5fa6', '504643fc-5969-4d89-bff0-8be3c7d2b30a', '8d9b5637-ac0b-4b84-a3d3-302f24bb28d7', 'AccSettingVoucherDebit', '2022-06-20 16:36:20', '2022-06-20 16:36:20'),
('a7b473ce-aead-4ea9-b09c-127c1c927ca8', '310aa3cf-674f-4080-88d3-a3ec5362f335', '8d9b5637-ac0b-4b84-a3d3-302f24bb28d7', 'AccSettingVoucherCredit', '2022-06-20 17:41:43', '2022-06-20 17:41:43'),
('ad557109-b049-40a0-b34e-8eb19497dcc6', '996ab2f3-c4c7-42b5-bc1f-cb6df514fb2e', '8d9b5637-ac0b-4b84-a3d3-302f24bb28d7', 'AccSettingVoucherCredit', '2022-06-20 17:41:42', '2022-06-20 17:41:42'),
('b3b951c8-a806-4f6a-838d-d30587b0d461', '164644c5-af91-4b24-b853-14aac22db7bf', '8d9b5637-ac0b-4b84-a3d3-302f24bb28d7', 'AccSettingVoucherCredit', '2022-06-20 17:41:42', '2022-06-20 17:41:42'),
('bfd6d1ec-28b5-48db-9c22-9a578cae0421', 'b9a12b64-7e27-45dc-b22b-f0f8f899c32d', '8d9b5637-ac0b-4b84-a3d3-302f24bb28d7', 'AccSettingVoucherDebit', '2022-06-20 16:36:20', '2022-06-20 16:36:20'),
('c1cb50cf-ae95-4105-8972-f533c7137add', '6be7d1af-230d-4a83-8ef3-87aef053749a', '8d9b5637-ac0b-4b84-a3d3-302f24bb28d7', 'AccSettingVoucherCredit', '2022-06-20 17:41:43', '2022-06-20 17:41:43'),
('e5932665-b848-4c3e-a5e7-1009cb5ace82', 'ae5b8e9d-fe9e-4f81-95b4-c6391db4efe5', '8d9b5637-ac0b-4b84-a3d3-302f24bb28d7', 'AccSettingVoucherCredit', '2022-06-20 17:41:42', '2022-06-20 17:41:42'),
('f09b3645-612b-4bd7-b983-8461b1e43187', 'ebcdad56-08b3-4596-ae04-efd8c374711f', '8d9b5637-ac0b-4b84-a3d3-302f24bb28d7', 'AccSettingVoucherCredit', '2022-06-20 17:41:43', '2022-06-20 17:41:43'),
('f42f5de1-95a4-43a1-9b66-489973c77eab', 'ac6fb29a-e1fc-4b43-8d81-c076fc863628', '8d9b5637-ac0b-4b84-a3d3-302f24bb28d7', 'AccSettingVoucherCredit', '2022-06-20 17:41:42', '2022-06-20 17:41:42'),
('fa4ef08e-ffd9-451f-820f-8a42d28e41a8', '5c60fb4e-f3ef-423c-900f-f1692fefc41c', '8d9b5637-ac0b-4b84-a3d3-302f24bb28d7', 'AccSettingVoucherCredit', '2022-06-20 17:41:43', '2022-06-20 17:41:43');

-- --------------------------------------------------------

--
-- Cấu trúc bảng cho bảng `account_type`
--

CREATE TABLE `account_type` (
  `id` varchar(36) CHARACTER SET ascii COLLATE ascii_general_ci NOT NULL,
  `code` varchar(50) DEFAULT NULL,
  `name` varchar(100) DEFAULT NULL,
  `name_en` varchar(100) DEFAULT NULL,
  `active` tinyint(4) NOT NULL,
  `created_at` timestamp NULL DEFAULT NULL,
  `updated_at` timestamp NULL DEFAULT NULL
) ENGINE=InnoDB DEFAULT CHARSET=utf8mb4 COLLATE=utf8mb4_unicode_ci;

--
-- Đang đổ dữ liệu cho bảng `account_type`
--

INSERT INTO `account_type` (`id`, `code`, `name`, `name_en`, `active`, `created_at`, `updated_at`) VALUES
('04d10e07-b376-4639-be68-0a61ce0eac49', 'TK008', 'Tài khoản loại 8: CHI PHÍ KHÁC', 'Category 8: OTHER EXPENSES', 1, '2020-09-18 23:05:47', '2020-09-30 08:42:26'),
('46e91471-e78f-47f9-9ff2-21c51f58dd88', 'TK004', 'Tài khoản loại 4: VỐN CHỦ SỞ HỮU', 'Category 4 : EQUITY CAPITAL', 1, '2020-09-18 23:03:13', '2020-09-30 08:41:53'),
('6dc009df-eabe-44b9-8c92-630c2154182e', 'TK007', 'Tài khoản loại 7: THU NHẬP KHÁC', 'Category 7: OTHER INCOME', 1, '2020-09-18 23:05:24', '2020-09-30 08:42:20'),
('7a355f12-02fb-4768-aeae-5ae95610d1f0', 'TK009', 'Tài khoản loại 9: XÁC ĐỊNH KẾT QUẢ KINH DOANH', 'Category 9: DETERMINATION OF BUSINESS RESULTS', 1, '2020-09-18 23:06:42', '2020-09-30 08:42:34'),
('92c1a125-9abe-45c2-8fe3-e6af6c03b357', 'TK002', 'Tài khoản loại 2: TÀI SẢN DÀI HẠN', 'Category 2: LONG-TERM ASSETS', 1, '2020-09-18 22:24:48', '2020-09-30 08:41:35'),
('dc7b1510-32d2-4025-a221-a3cd673e589a', 'TK005', 'Tài khoản loại 5: DOANH THU', 'Category 5 : REVENUE', 1, '2020-09-18 23:03:52', '2020-09-30 08:41:59'),
('eb806569-d6f1-4309-9d38-491aa3092534', 'TK001', 'Tài khoản loại 1: TÀI SẢN NGẮN HẠN', 'Category 1: SHORT-TERM ASSETS', 1, '2020-09-18 22:24:15', '2020-09-30 08:41:27'),
('ef355a3e-7104-48f3-b1cc-2dc09b2e0554', 'TK006', 'Tài khoản loại 6: CHI PHÍ SẢN XUẤT, KINH DOANH', 'Category 6 : PRODUCTION AND BUSINESS EXPENSES', 1, '2020-09-18 23:04:58', '2020-09-30 08:42:07'),
('fb1f6e68-601d-4f79-8056-d82cfd6dbe19', 'TK003', 'Tài khoản loại 3: NỢ PHẢI TRẢ', 'Category 3 : LIABILITIES', 1, '2020-09-18 22:28:55', '2020-09-30 08:41:43'),
('fe1236fd-c08f-40cb-ad0a-4e2205af0585', 'TK010', 'Tài khoản loại 0: TÀI KHOẢN NGOÀI BẢNG', 'Category 0: OFF-TABLE ACCOUNT', 1, '2020-09-18 23:07:36', '2020-09-30 08:41:18');

-- --------------------------------------------------------

--
-- Cấu trúc bảng cho bảng `acc_detail`
--

CREATE TABLE `acc_detail` (
  `id` varchar(36) NOT NULL,
  `general_id` varchar(36) NOT NULL,
  `item_id` varchar(36) NOT NULL,
  `item_code` varchar(50) NOT NULL,
  `item_name` varchar(50) NOT NULL,
  `description` varchar(100) CHARACTER SET utf8 COLLATE utf8_unicode_ci NOT NULL,
  `currency` varchar(36) NOT NULL,
  `unit` varchar(36) NOT NULL,
  `debit` varchar(36) NOT NULL,
  `credit` varchar(36) NOT NULL,
  `quantity` decimal(11,2) NOT NULL,
  `quantity_receipt` decimal(11,2) NOT NULL,
  `price` decimal(11,2) NOT NULL,
  `purchase_price` decimal(11,2) NOT NULL,
  `amount` decimal(11,2) NOT NULL,
  `rate` decimal(11,2) NOT NULL,
  `amount_rate` decimal(11,2) NOT NULL,
  `purchase_amount` decimal(11,2) NOT NULL,
  `lot_number` varchar(50) NOT NULL,
  `expiry_date` date DEFAULT NULL,
  `contract` varchar(100) NOT NULL,
  `order` varchar(100) NOT NULL,
  `discount` decimal(11,2) NOT NULL,
  `discount_percent` decimal(11,2) NOT NULL,
  `total_discount` decimal(11,2) NOT NULL,
  `case_code` varchar(36) NOT NULL,
  `cost_code` varchar(36) NOT NULL,
  `statistical_code` varchar(36) NOT NULL,
  `work_code` varchar(36) NOT NULL,
  `accounted_fast` varchar(36) NOT NULL,
  `department` varchar(36) NOT NULL,
  `bank_account` varchar(36) NOT NULL,
  `subject_id_debit` varchar(36) NOT NULL,
  `subject_name_debit` varchar(100) NOT NULL,
  `subject_id_credit` varchar(36) NOT NULL,
  `subject_name_credit` varchar(100) NOT NULL,
  `status` tinyint(4) NOT NULL,
  `active` tinyint(4) NOT NULL,
  `created_at` timestamp NOT NULL DEFAULT current_timestamp() ON UPDATE current_timestamp(),
  `updated_at` timestamp NULL DEFAULT NULL
) ENGINE=InnoDB DEFAULT CHARSET=latin1 COLLATE=latin1_swedish_ci ROW_FORMAT=COMPACT;

--
-- Đang đổ dữ liệu cho bảng `acc_detail`
--

INSERT INTO `acc_detail` (`id`, `general_id`, `item_id`, `item_code`, `description`, `currency`, `unit`, `debit`, `credit`, `quantity`, `quantity_receipt`, `price`, `purchase_price`, `amount`, `rate`, `amount_rate`, `purchase_amount`, `lot_number`, `expiry_date`, `contract`, `order`, `discount`, `discount_percent`, `total_discount`, `case_code`, `cost_code`, `statistical_code`, `work_code`, `accounted_fast`, `department`, `bank_account`, `subject_id_debit`, `subject_name_debit`, `subject_id_credit`, `subject_name_credit`, `status`, `active`, `created_at`, `updated_at`) VALUES
('1', '17', '0', '', 'Nhóm tài khoản doanh thu', '0', '0', '2', '235', 0.00, 0.00, 0.00, 0.00, 2000.00, 1.00, 2000.00, 0.00, '', '2022-01-30', '', '', 0.00, 0.00, 0.00, '2', '0', '0', '0', '1', '0', '0', '0', '', '0', '', 0, 0, '2022-01-30 09:25:52', NULL),
('10', '26', '0', '', 'Nhóm tài khoản doanh thu', '0', '0', '2', '235', 0.00, 0.00, 0.00, 0.00, 0.00, 1.00, 0.00, 0.00, '', '2022-01-30', '', '', 0.00, 0.00, 0.00, '2', '0', '0', '0', '1', '0', '0', '0', '', '0', '', 0, 0, '2022-01-30 09:25:52', NULL),
('10f1c6ca-b0e5-4dad-87bc-32172eabc086', '652513ca-5749-4b3f-95be-f0ccf3e1510e', '', '', 'Nhóm tài khoản chi phí', '', '', 'b9a12b64-7e27-45dc-b22b-f0f8f899c32d', 'b954255d-9367-482d-b615-80e302db45aa', 0.00, 0.00, 0.00, 0.00, 20000.00, 1.00, 20000.00, 0.00, '', NULL, '', '', 0.00, 0.00, 0.00, '0', '0', '0', '0', '49cd4e94-c290-4639-9e23-83fdc6ef2edd', '0', '0', '', '', '0', '---SELECT---', 0, 0, '2024-10-28 15:38:57', '2024-10-28 15:38:57'),
('11', '27', '0', '', 'Nhóm tài khoản doanh thu', '0', '0', '2', '235', 0.00, 0.00, 0.00, 0.00, 0.00, 1.00, 0.00, 0.00, '', '2022-01-30', '', '', 0.00, 0.00, 0.00, '2', '0', '0', '0', '1', '0', '0', '0', '', '0', '', 0, 0, '2022-01-30 09:25:52', NULL),
('12', '28', '0', '', 'Nhóm tài khoản doanh thu', '0', '0', '2', '235', 0.00, 0.00, 0.00, 0.00, 0.00, 1.00, 0.00, 0.00, '', '2022-01-30', '', '', 0.00, 0.00, 0.00, '2', '0', '0', '0', '1', '0', '0', '0', '', '0', '', 0, 0, '2022-01-30 09:25:52', NULL),
('13', '29', '0', '', 'Nhóm tài khoản doanh thu', '0', '0', '2', '235', 0.00, 0.00, 0.00, 0.00, 0.00, 1.00, 0.00, 0.00, '', '2022-01-30', '', '', 0.00, 0.00, 0.00, '2', '0', '0', '0', '1', '0', '0', '0', '', '0', '', 0, 0, '2022-01-30 09:25:52', NULL),
('14', '30', '0', '', 'Nhóm tài khoản doanh thu', '0', '0', '2', '235', 0.00, 0.00, 0.00, 0.00, 0.00, 1.00, 0.00, 0.00, '', '2022-01-30', '', '', 0.00, 0.00, 0.00, '2', '0', '0', '0', '1', '0', '0', '0', '', '0', '', 0, 0, '2022-01-30 09:25:52', NULL),
('15', '31', '0', '', '321', '0', '0', '2', '22', 0.00, 0.00, 0.00, 0.00, 0.00, 1.00, 0.00, 0.00, '', '2022-01-30', '', '', 0.00, 0.00, 0.00, '3', '1', '1', '1', '1', '1', '1', '0', '', '0', '', 0, 0, '2022-01-30 09:25:52', NULL),
('16', '31', '0', '', '321', '0', '0', '2', '22', 0.00, 0.00, 0.00, 0.00, 0.00, 1.00, 0.00, 0.00, '', '2022-01-30', '', '', 0.00, 0.00, 0.00, '3', '1', '1', '1', '1', '1', '1', '0', '', '0', '', 0, 0, '2022-01-30 09:25:52', NULL),
('17', '31', '0', '', '321', '0', '0', '2', '22', 0.00, 0.00, 0.00, 0.00, 0.00, 1.00, 0.00, 0.00, '', '2022-01-30', '', '', 0.00, 0.00, 0.00, '3', '1', '1', '1', '1', '1', '1', '0', '', '0', '', 0, 0, '2022-01-30 09:25:52', NULL),
('18', '32', '0', '', '321', '0', '0', '2', '22', 0.00, 0.00, 0.00, 0.00, 0.00, 1.00, 0.00, 0.00, '', '2022-01-30', '', '', 0.00, 0.00, 0.00, '3', '1', '1', '1', '1', '1', '1', '0', '', '0', '', 0, 0, '2022-01-30 09:25:52', NULL),
('19', '32', '0', '', '321', '0', '0', '2', '22', 0.00, 0.00, 0.00, 0.00, 0.00, 1.00, 0.00, 0.00, '', '2022-01-30', '', '', 0.00, 0.00, 0.00, '3', '1', '1', '1', '1', '1', '1', '0', '', '0', '', 0, 0, '2022-01-30 09:25:52', NULL),
('2', '18', '0', '', 'Nhóm tài khoản doanh thu', '0', '0', '2', '235', 0.00, 0.00, 0.00, 0.00, 2000.00, 1.00, 2000.00, 0.00, '', '2022-01-30', '', '', 0.00, 0.00, 0.00, '2', '0', '0', '0', '1', '0', '0', '0', '', '0', '', 0, 0, '2022-01-30 09:25:52', NULL),
('20', '32', '0', '', '321', '0', '0', '2', '22', 0.00, 0.00, 0.00, 0.00, 0.00, 1.00, 0.00, 0.00, '', '2022-01-30', '', '', 0.00, 0.00, 0.00, '3', '1', '1', '1', '1', '1', '1', '0', '', '0', '', 0, 0, '2022-01-30 09:25:52', NULL),
('21', '33', '0', '', '321', '0', '0', '2', '22', 0.00, 0.00, 0.00, 0.00, 0.00, 1.00, 0.00, 0.00, '', '2022-01-30', '', '', 0.00, 0.00, 0.00, '3', '1', '1', '1', '1', '1', '1', '0', '', '0', '', 0, 0, '2022-01-30 09:25:52', NULL),
('22', '33', '0', '', '321', '0', '0', '2', '22', 0.00, 0.00, 0.00, 0.00, 0.00, 1.00, 0.00, 0.00, '', '2022-01-30', '', '', 0.00, 0.00, 0.00, '3', '1', '1', '1', '1', '1', '1', '0', '', '0', '', 0, 0, '2022-01-30 09:25:52', NULL),
('23', '33', '0', '', '321', '0', '0', '2', '22', 0.00, 0.00, 0.00, 0.00, 0.00, 1.00, 0.00, 0.00, '', '2022-01-30', '', '', 0.00, 0.00, 0.00, '3', '1', '1', '1', '1', '1', '1', '0', '', '0', '', 0, 0, '2022-01-30 09:25:52', NULL),
('24', '34', '0', '', '321', '0', '0', '2', '22', 0.00, 0.00, 0.00, 0.00, 0.00, 1.00, 0.00, 0.00, '', '2022-01-30', '', '', 0.00, 0.00, 0.00, '3', '1', '1', '1', '1', '1', '1', '0', '', '0', '', 0, 0, '2022-01-30 09:25:52', NULL),
('25', '34', '0', '', '321', '0', '0', '2', '22', 0.00, 0.00, 0.00, 0.00, 0.00, 1.00, 0.00, 0.00, '', '2022-01-30', '', '', 0.00, 0.00, 0.00, '3', '1', '1', '1', '1', '1', '1', '0', '', '0', '', 0, 0, '2022-01-30 09:25:52', NULL),
('26', '34', '0', '', '321', '0', '0', '2', '22', 0.00, 0.00, 0.00, 0.00, 0.00, 1.00, 0.00, 0.00, '', '2022-01-30', '', '', 0.00, 0.00, 0.00, '3', '1', '1', '1', '1', '1', '1', '0', '', '0', '', 0, 0, '2022-01-30 09:25:52', NULL),
('27', '35', '0', '', '321', '0', '0', '2', '22', 0.00, 0.00, 0.00, 0.00, 0.00, 1.00, 0.00, 0.00, '', '2022-01-30', '', '', 0.00, 0.00, 0.00, '3', '1', '1', '1', '1', '1', '1', '0', '', '0', '', 0, 0, '2022-01-30 09:25:52', NULL),
('2727457b-de7e-4d99-9a7b-ab41d2d01e09', 'cc7bf8a0-3c8d-4f3a-832a-3d7a40fdf105', '', '', 'Nhóm tài khoản kho', '', '', '9974dc26-ca54-4275-bada-533e93bbbb8d', '4289c824-911e-4144-abfc-90ded2395b67', 0.00, 0.00, 0.00, 0.00, 100000.00, 1.00, 100000.00, 0.00, '', NULL, '', '', 0.00, 0.00, 0.00, '0', '0', '0', '0', '12b0d545-524f-47c5-942f-74dd4cc814da', '0', '0', '', '', '0', '---SELECT---', 0, 0, '2022-06-21 15:59:29', '2022-06-21 15:59:29'),
('28', '35', '0', '', '321', '0', '0', '2', '22', 0.00, 0.00, 0.00, 0.00, 0.00, 1.00, 0.00, 0.00, '', '2022-01-30', '', '', 0.00, 0.00, 0.00, '3', '1', '1', '1', '1', '1', '1', '0', '', '0', '', 0, 0, '2022-01-30 09:25:52', NULL),
('29', '35', '0', '', '321', '0', '0', '2', '22', 0.00, 0.00, 0.00, 0.00, 0.00, 1.00, 0.00, 0.00, '', '2022-01-30', '', '', 0.00, 0.00, 0.00, '3', '1', '1', '1', '1', '1', '1', '0', '', '0', '', 0, 0, '2022-01-30 09:25:52', NULL),
('2c881318-a30d-462f-a3e9-b0d5ebbabf95', '90febbda-af38-4aa6-9f44-475403138205', '', '', 'Nhóm tài khoản doanh thu', '', '', '9974dc26-ca54-4275-bada-533e93bbbb8d', 'b954255d-9367-482d-b615-80e302db45aa', 0.00, 0.00, 0.00, 0.00, 20000.00, 1.00, 20000.00, 0.00, '', NULL, '', '', 0.00, 0.00, 0.00, '0', '0', '0', '0', 'c49f4326-7a23-4c58-bbbe-21aebcc82e6d', '0', '0', '', '', '0', '---SELECT---', 0, 0, '2024-10-28 15:28:22', '2024-10-28 15:28:22'),
('3', '19', '0', '', 'Nhóm tài khoản doanh thu', '0', '0', '2', '235', 0.00, 0.00, 0.00, 0.00, 2000.00, 1.00, 2000.00, 0.00, '', '2022-01-30', '', '', 0.00, 0.00, 0.00, '2', '0', '0', '0', '1', '0', '0', '0', '', '0', '', 0, 0, '2022-01-30 09:25:52', NULL),
('30', '36', '0', '', '321', '0', '0', '2', '22', 0.00, 0.00, 0.00, 0.00, 0.00, 1.00, 0.00, 0.00, '', '2022-01-30', '', '', 0.00, 0.00, 0.00, '3', '1', '1', '1', '1', '1', '1', '0', '', '0', '', 0, 0, '2022-01-30 09:25:52', NULL),
('31', '36', '0', '', '321', '0', '0', '2', '22', 0.00, 0.00, 0.00, 0.00, 0.00, 1.00, 0.00, 0.00, '', '2022-01-30', '', '', 0.00, 0.00, 0.00, '3', '1', '1', '1', '1', '1', '1', '0', '', '0', '', 0, 0, '2022-01-30 09:25:52', NULL),
('32', '36', '0', '', '321', '0', '0', '2', '22', 0.00, 0.00, 0.00, 0.00, 0.00, 1.00, 0.00, 0.00, '', '2022-01-30', '', '', 0.00, 0.00, 0.00, '3', '1', '1', '1', '1', '1', '1', '0', '', '0', '', 0, 0, '2022-01-30 09:25:52', NULL),
('35b62d09-805d-4646-8576-9094ac86223d', 'd932f6ff-0bca-495a-8293-27b090582853', '', '', 'Nhóm tài khoản chi phí', '', '', '9974dc26-ca54-4275-bada-533e93bbbb8d', '4145f0e0-1730-425f-acdd-3255c4d3881b', 0.00, 0.00, 0.00, 0.00, 20000.00, 1.00, 20000.00, 0.00, '', NULL, '', '', 0.00, 0.00, 0.00, '0', '0', '0', '0', '49cd4e94-c290-4639-9e23-83fdc6ef2edd', '0', '0', '', '', '0', '---SELECT---', 0, 0, '2022-06-21 15:22:22', '2022-06-21 15:22:22'),
('36', '38', '0', '', '321', '0', '0', '2', '32', 0.00, 0.00, 0.00, 0.00, 20000.00, 1.00, 20000.00, 0.00, '', '2022-01-30', '', '', 0.00, 0.00, 0.00, '3', '1', '1', '1', '1', '1', '1', '0', '', '0', '', 0, 0, '2022-01-30 09:25:52', NULL),
('37', '38', '0', '', '321', '0', '0', '2', '31', 0.00, 0.00, 0.00, 0.00, 10000.00, 1.00, 10000.00, 0.00, '', '2022-01-30', '', '', 0.00, 0.00, 0.00, '3', '1', '1', '1', '1', '1', '1', '0', '', '0', '', 0, 0, '2022-01-30 09:25:52', NULL),
('38', '38', '0', '', '321', '0', '0', '2', '31', 0.00, 0.00, 0.00, 0.00, 10000.00, 1.00, 10000.00, 0.00, '', '2022-01-30', '', '', 0.00, 0.00, 0.00, '3', '1', '1', '1', '1', '1', '1', '0', '', '0', '', 0, 0, '2022-01-30 09:25:52', NULL),
('3af294d0-3c81-449e-b2fa-f26d9a97821a', '8b031946-bf14-46f8-bce8-ede09b7117c4', '', '', 'Nhóm tài khoản kho', '', '', '9974dc26-ca54-4275-bada-533e93bbbb8d', 'b954255d-9367-482d-b615-80e302db45aa', 0.00, 0.00, 0.00, 0.00, 20000.00, 1.00, 20000.00, 0.00, '', NULL, '', '', 0.00, 0.00, 0.00, '0', '0', '0', '0', '12b0d545-524f-47c5-942f-74dd4cc814da', '0', '0', '', '', '0', '---SELECT---', 0, 0, '2024-10-30 14:24:19', '2024-10-30 14:24:19'),
('4', '20', '0', '', '321', '0', '0', '2', '28', 0.00, 0.00, 0.00, 0.00, 0.00, 1.00, 0.00, 0.00, '', '2022-01-30', '', '', 0.00, 0.00, 0.00, '3', '1', '1', '1', '1', '1', '1', '0', '', '0', '', 0, 0, '2022-01-30 09:25:52', NULL),
('45', '43', '0', '', 'Nhóm tài khoản doanh thu', '0', '0', '2', '235', 0.00, 0.00, 0.00, 0.00, 20000.00, 1.00, 20000.00, 0.00, '', '2022-01-30', '', '', 0.00, 0.00, 0.00, '2', '0', '0', '0', '1', '0', '0', '0', '', '0', '', 0, 0, '2022-01-30 09:25:52', NULL),
('47', '44', '0', '', 'Nhóm tài khoản doanh thu', '0', '0', '2', '235', 0.00, 0.00, 0.00, 0.00, 200000.00, 1.00, 200000.00, 0.00, '', '2022-01-30', '', '', 0.00, 0.00, 0.00, '2', '0', '0', '0', '1', '0', '0', '0', '', '0', '', 0, 0, '2022-01-30 09:25:52', NULL),
('48', '45', '0', '', 'Nhóm tài khoản chi phí', '0', '0', '3', '235', 0.00, 0.00, 0.00, 0.00, 0.00, 1.00, 0.00, 0.00, '', '2022-01-30', '', '', 0.00, 0.00, 0.00, '0', '0', '0', '0', '2', '0', '0', '0', '', '0', '', 0, 1, '2022-01-30 09:25:52', NULL),
('481e74da-a966-4466-9cc3-cbd3c5baeb52', 'c4792dff-c501-421f-b91d-b0fbc42d330a', '', '', 'Nhóm tài khoản doanh thu', '', '', '504643fc-5969-4d89-bff0-8be3c7d2b30a', '310aa3cf-674f-4080-88d3-a3ec5362f335', 0.00, 0.00, 0.00, 0.00, 200000.00, 1.00, 200000.00, 0.00, '', NULL, '', '', 0.00, 0.00, 0.00, '0', '0', '0', '0', 'c49f4326-7a23-4c58-bbbe-21aebcc82e6d', '0', '0', '', '', '0', '---SELECT---', 0, 0, '2022-06-21 16:02:16', '2022-06-21 16:02:16'),
('49', '46', '0', '', 'test description 12/9/2021', '0', '0', '2', '229', 0.00, 0.00, 0.00, 0.00, 6.00, 1.00, 6.00, 0.00, '', '2022-01-30', '', '', 0.00, 0.00, 0.00, '0', '0', '0', '0', '0', '0', '0', '0', '', '0', '', 0, 1, '2022-01-30 09:25:52', NULL),
('5', '21', '0', '', '321', '0', '0', '2', '28', 0.00, 0.00, 0.00, 0.00, 0.00, 1.00, 0.00, 0.00, '', '2022-01-30', '', '', 0.00, 0.00, 0.00, '3', '1', '1', '1', '1', '1', '1', '0', '', '0', '', 0, 0, '2022-01-30 09:25:52', NULL),
('50', '46', '0', '', '', '0', '0', '2', '229', 0.00, 0.00, 0.00, 0.00, 22.00, 1.00, 22.00, 0.00, '', '2022-01-30', '', '', 0.00, 0.00, 0.00, '0', '0', '0', '0', '0', '0', '0', '0', '', '0', '', 0, 1, '2022-01-30 09:25:52', NULL),
('51', '49', '0', '', 'Nhóm tài khoản doanh thu', '0', '0', '2', '235', 0.00, 0.00, 0.00, 0.00, 2000.00, 1.00, 2000.00, 0.00, '', '2022-01-30', '', '', 0.00, 0.00, 0.00, '2', '0', '0', '0', '1', '0', '0', '0', '', '3', 'Công ty TNHH 123', 0, 0, '2022-01-30 09:25:52', NULL),
('52', '49', '0', '', 'Nhóm tài khoản chi phí', '0', '0', '3', '235', 0.00, 0.00, 0.00, 0.00, 1000.00, 1.00, 1000.00, 0.00, '', '2022-01-30', '', '', 0.00, 0.00, 0.00, '0', '0', '0', '0', '2', '0', '0', '0', '', '3', 'abc', 0, 0, '2022-01-30 09:25:52', NULL),
('53', '54', '0', '', 'Nhóm tài khoản doanh thu', '0', '0', '2', '235', 0.00, 0.00, 0.00, 0.00, 2000.00, 1.00, 2000.00, 0.00, '', '2022-01-30', '', '', 0.00, 0.00, 0.00, '2', '0', '0', '0', '1', '0', '0', '0', '', '3', 'Công ty TNHH 123', 0, 0, '2022-01-30 09:25:52', NULL),
('54', '54', '0', '', 'Nhóm tài khoản chi phí', '0', '0', '3', '235', 0.00, 0.00, 0.00, 0.00, 1000.00, 1.00, 1000.00, 0.00, '', '2022-01-30', '', '', 0.00, 0.00, 0.00, '0', '0', '0', '0', '2', '0', '0', '0', '', '3', 'abc', 0, 0, '2022-01-30 09:25:52', NULL),
('55', '55', '0', '', 'Nhóm tài khoản chi phí', '0', '0', '3', '235', 0.00, 0.00, 0.00, 0.00, 10000.00, 1.00, 10000.00, 0.00, '', '2022-01-30', '', '', 0.00, 0.00, 0.00, '0', '0', '0', '0', '2', '0', '0', '0', '', '0', '---SELECT---', 0, 0, '2022-01-30 09:25:52', NULL),
('56', '55', '0', '', 'Nhóm tài khoản doanh thu', '0', '0', '2', '229', 0.00, 0.00, 0.00, 0.00, 20000.00, 1.00, 20000.00, 0.00, '', '2022-01-30', '', '', 0.00, 0.00, 0.00, '2', '0', '0', '0', '1', '0', '0', '0', '', '0', '---SELECT---', 0, 0, '2022-01-30 09:25:52', NULL),
('57', '56', '0', '', '321', '0', '0', '2', '22', 0.00, 0.00, 0.00, 0.00, 200.00, 1.00, 200.00, 0.00, '', '2022-01-30', '', '', 0.00, 0.00, 0.00, '3', '1', '1', '1', '1', '1', '1', '0', '', '0', '---SELECT---', 0, 0, '2022-01-30 09:25:52', NULL),
('58', '56', '0', '', '321', '0', '0', '2', '22', 0.00, 0.00, 0.00, 0.00, 100.00, 1.00, 100.00, 0.00, '', '2022-01-30', '', '', 0.00, 0.00, 0.00, '3', '1', '1', '1', '1', '1', '1', '0', '', '0', '---SELECT---', 0, 0, '2022-01-30 09:25:52', NULL),
('59', '56', '0', '', '321', '0', '0', '2', '22', 0.00, 0.00, 0.00, 0.00, 200.00, 1.00, 200.00, 0.00, '', '2022-01-30', '', '', 0.00, 0.00, 0.00, '3', '1', '1', '1', '1', '1', '1', '0', '', '0', '---SELECT---', 0, 0, '2022-01-30 09:25:52', NULL),
('6', '22', '0', '', '321', '0', '0', '2', '28', 0.00, 0.00, 0.00, 0.00, 0.00, 1.00, 0.00, 0.00, '', '2022-01-30', '', '', 0.00, 0.00, 0.00, '3', '1', '1', '1', '1', '1', '1', '0', '', '0', '', 0, 0, '2022-01-30 09:25:52', NULL),
('60', '58', '0', '', 'Nhóm tài khoản doanh thu', '0', '0', '2', '235', 0.00, 0.00, 0.00, 0.00, 25000.00, 1.00, 25000.00, 0.00, '', '2022-01-30', '', '', 0.00, 0.00, 0.00, '2', '0', '0', '0', '1', '0', '0', '0', '', '0', '---SELECT---', 0, 0, '2022-01-30 09:25:52', NULL),
('61', '59', '0', '', '321', '0', '0', '2', '229', 0.00, 0.00, 0.00, 0.00, 2000.00, 1.00, 2000.00, 0.00, '', '2022-01-30', '', '', 0.00, 0.00, 0.00, '3', '0', '0', '0', '1', '0', '0', '0', '', '0', '---SELECT---', 0, 1, '2022-01-30 09:25:52', NULL),
('62', '59', '0', '', '321', '0', '0', '2', '229', 0.00, 0.00, 0.00, 0.00, 3000.00, 1.00, 3000.00, 0.00, '', '2022-01-30', '', '', 0.00, 0.00, 0.00, '3', '0', '0', '0', '1', '0', '0', '0', '', '0', '---SELECT---', 0, 1, '2022-01-30 09:25:52', NULL),
('63', '60', '0', '', 'Nhóm tài khoản doanh thu', '0', '0', '2', '235', 0.00, 0.00, 0.00, 0.00, 2000.00, 1.00, 2000.00, 0.00, '', '2022-01-30', '', '', 0.00, 0.00, 0.00, '2', '0', '0', '0', '1', '0', '0', '0', '', '0', '---SELECT---', 0, 1, '2022-01-30 09:25:52', NULL),
('7', '23', '0', '', 'Nhóm tài khoản doanh thu', '0', '0', '2', '235', 0.00, 0.00, 0.00, 0.00, 0.00, 1.00, 0.00, 0.00, '', '2022-01-30', '', '', 0.00, 0.00, 0.00, '2', '0', '0', '0', '1', '0', '0', '0', '', '0', '', 0, 0, '2022-01-30 09:25:52', NULL),
('72b2dcf4-eb6e-45af-8dbc-95c1dc2b68cd', 'd9a50165-b0f6-42dc-9e02-5e1c1bf49a0c', '', '', 'Nhóm tài khoản chi phí', '', '', '9974dc26-ca54-4275-bada-533e93bbbb8d', '5c60fb4e-f3ef-423c-900f-f1692fefc41c', 0.00, 0.00, 0.00, 0.00, 1000.00, 1.00, 1000.00, 0.00, '', NULL, '', '', 0.00, 0.00, 0.00, '0', '0', '0', '0', '49cd4e94-c290-4639-9e23-83fdc6ef2edd', '0', '0', '', '', '0', '---SELECT---', 0, 1, '2022-06-23 16:12:54', '2022-06-23 16:12:54'),
('8', '24', '0', '', 'Nhóm tài khoản doanh thu', '0', '0', '2', '235', 0.00, 0.00, 0.00, 0.00, 0.00, 1.00, 0.00, 0.00, '', '2022-01-30', '', '', 0.00, 0.00, 0.00, '2', '0', '0', '0', '1', '0', '0', '0', '', '0', '', 0, 0, '2022-01-30 09:25:52', NULL),
('9', '25', '0', '', 'Nhóm tài khoản doanh thu', '0', '0', '2', '235', 0.00, 0.00, 0.00, 0.00, 0.00, 1.00, 0.00, 0.00, '', '2022-01-30', '', '', 0.00, 0.00, 0.00, '2', '0', '0', '0', '1', '0', '0', '0', '', '0', '', 0, 0, '2022-01-30 09:25:52', NULL),
('93ce2124-4afc-4d7b-b5b7-9bd2887a9f34', 'b3f835bd-88f4-4049-a4de-f8670465809e', '', '', 'Nhóm tài khoản kho', '', '', '9974dc26-ca54-4275-bada-533e93bbbb8d', '310aa3cf-674f-4080-88d3-a3ec5362f335', 0.00, 0.00, 0.00, 0.00, 20000.00, 1.00, 20000.00, 0.00, '', NULL, '', '', 0.00, 0.00, 0.00, '0', '0', '0', '0', '12b0d545-524f-47c5-942f-74dd4cc814da', '0', '0', '', '', '0', '---SELECT---', 0, 0, '2024-10-31 14:05:45', '2024-10-31 14:05:45'),
('a4c1e756-fb74-4e25-846d-4314f5db68f5', 'cc7bf8a0-3c8d-4f3a-832a-3d7a40fdf105', '', '', 'Nhóm tài khoản chi phí', '', '', '504643fc-5969-4d89-bff0-8be3c7d2b30a', '4145f0e0-1730-425f-acdd-3255c4d3881b', 0.00, 0.00, 0.00, 0.00, 300000.00, 1.00, 300000.00, 0.00, '', NULL, '', '', 0.00, 0.00, 0.00, '0', '0', '0', '0', '49cd4e94-c290-4639-9e23-83fdc6ef2edd', '0', '0', '', '', '0', '---SELECT---', 0, 0, '2022-06-21 15:59:29', '2022-06-21 15:59:29'),
('ef7083b7-4cf7-4cba-836d-ce488e0196f6', '4fae9587-a63f-45d8-bb14-e5ff3f59f992', '', '', 'Nhóm tài khoản doanh thu', '', '', '9974dc26-ca54-4275-bada-533e93bbbb8d', 'ac6fb29a-e1fc-4b43-8d81-c076fc863628', 0.00, 0.00, 0.00, 0.00, 20000.00, 1.00, 20000.00, 0.00, '', NULL, '', '', 0.00, 0.00, 0.00, '0', '0', '0', '0', 'c49f4326-7a23-4c58-bbbe-21aebcc82e6d', '0', '0', '', '', '0', '---SELECT---', 0, 0, '2024-10-30 15:01:58', '2024-10-30 15:01:58'),
('fe468da6-59ae-4a68-be97-91d25c493933', 'df250171-1a45-4aa1-b6bb-8e69171927ae', '', '', 'Nhóm tài khoản doanh thu', '', '', '9974dc26-ca54-4275-bada-533e93bbbb8d', '5c60fb4e-f3ef-423c-900f-f1692fefc41c', 0.00, 0.00, 0.00, 0.00, 20000.00, 1.00, 20000.00, 0.00, '', NULL, '', '', 0.00, 0.00, 0.00, '304dc3cd-1878-4fce-8289-cec9c1a0b99c', '5aaced68-e5cb-4ed5-8109-6cd364fb7ee9', '0', '0', 'c49f4326-7a23-4c58-bbbe-21aebcc82e6d', 'f4a0a9a1-5cbf-4342-a1fc-cf6baca360b6', '618bf07f-b7d0-452e-ace5-5bb0d6f68dcd', '', '', 'fd9fa60e-02c6-490a-83ae-99619c877a25', '---SELECT---', 0, 0, '2024-10-28 15:23:22', '2024-10-28 15:23:22');

-- --------------------------------------------------------

--
-- Cấu trúc bảng cho bảng `acc_general`
--

CREATE TABLE `acc_general` (
  `id` varchar(36) NOT NULL,
  `type` int(11) NOT NULL,
  `currency` varchar(36) NOT NULL,
  `stock_id` varchar(36) NOT NULL,
  `voucher` varchar(30) NOT NULL,
  `description` varchar(255) CHARACTER SET utf8 COLLATE utf8_unicode_ci NOT NULL,
  `voucher_date` date NOT NULL,
  `accounting_date` date NOT NULL,
  `traders` varchar(200) NOT NULL,
  `subject` varchar(36) NOT NULL,
  `stock_receipt` varchar(36) NOT NULL,
  `stock_issue` varchar(36) NOT NULL,
  `total_number` decimal(11,2) NOT NULL,
  `total_amount` decimal(11,2) NOT NULL,
  `total_discount` decimal(11,2) NOT NULL,
  `discount` decimal(11,2) NOT NULL,
  `discount_percent` decimal(11,2) NOT NULL,
  `rate` decimal(11,2) NOT NULL,
  `total_amount_rate` decimal(11,2) NOT NULL,
  `reference` varchar(255) NOT NULL,
  `reference_by` varchar(36) NOT NULL,
  `payment_status` tinyint(4) NOT NULL,
  `payment` varchar(36) NOT NULL,
  `user` varchar(36) NOT NULL,
  `status` tinyint(4) NOT NULL,
  `active` tinyint(4) NOT NULL,
  `created_at` timestamp NOT NULL DEFAULT current_timestamp() ON UPDATE current_timestamp(),
  `updated_at` timestamp NULL DEFAULT NULL
) ENGINE=InnoDB DEFAULT CHARSET=utf32 COLLATE=utf32_unicode_ci;

--
-- Đang đổ dữ liệu cho bảng `acc_general`
--

INSERT INTO `acc_general` (`id`, `type`, `currency`, `stock_id`, `voucher`, `description`, `voucher_date`, `accounting_date`, `traders`, `subject`, `stock_receipt`, `stock_issue`, `total_number`, `total_amount`, `total_discount`, `discount`, `discount_percent`, `rate`, `total_amount_rate`, `reference`, `reference_by`, `payment_status`, `payment`, `user`, `status`, `active`, `created_at`, `updated_at`) VALUES
('1', 1, '0', '0', 'PT002', '321', '2021-07-04', '2021-07-04', 'Test', '1', '0', '0', 0.00, 0.00, 0.00, 0.00, 0.00, 0.00, 0.00, '', '0', 0, '0', '1', 1, 1, '2021-07-04 08:22:14', '2021-07-04 08:22:14'),
('10', 1, '2', '0', 'PT011', 'test', '2021-09-11', '2021-09-11', '', '24', '0', '0', 0.00, 2.00, 0.00, 0.00, 0.00, 1.00, 2.00, '', '0', 0, '0', '1', 1, 1, '2021-09-11 01:06:47', '2021-09-11 01:06:47'),
('11', 1, '2', '0', 'PT012', 'test', '2021-09-11', '2021-09-11', '', '24', '0', '0', 0.00, 2.00, 0.00, 0.00, 0.00, 1.00, 2.00, '', '0', 0, '0', '1', 1, 1, '2021-09-11 01:07:45', '2021-09-11 01:07:45'),
('12', 1, '2', '0', 'PT013', 'test', '2021-09-11', '2021-09-11', '', '24', '0', '0', 0.00, 2.00, 0.00, 0.00, 0.00, 1.00, 2.00, '', '0', 0, '0', '1', 1, 1, '2021-09-11 01:08:05', '2021-09-11 01:08:05'),
('13', 1, '2', '0', 'PT014', 'test', '2021-09-11', '2021-09-11', '', '24', '0', '0', 0.00, 2.00, 0.00, 0.00, 0.00, 1.00, 2.00, '', '0', 0, '0', '1', 1, 1, '2021-09-11 01:50:40', '2021-09-11 01:50:40'),
('14', 1, '2', '0', 'PT015', 'test', '2021-09-11', '2021-09-11', '', '24', '0', '0', 0.00, 2.00, 0.00, 0.00, 0.00, 1.00, 2.00, '', '0', 0, '0', '1', 1, 1, '2021-09-11 01:50:52', '2021-09-11 01:50:52'),
('15', 1, '2', '0', 'PT016', 'test', '2021-09-11', '2021-09-11', '', '24', '0', '0', 0.00, 2.00, 0.00, 0.00, 0.00, 1.00, 2.00, '', '0', 0, '0', '1', 1, 1, '2021-09-11 01:51:53', '2021-09-11 01:51:53'),
('16', 1, '2', '0', 'PT017', 'test', '2021-09-11', '2021-09-11', '', '24', '0', '0', 0.00, 2.00, 0.00, 0.00, 0.00, 1.00, 2.00, '', '0', 0, '0', '1', 1, 1, '2021-09-11 01:52:53', '2021-09-11 01:52:53'),
('17', 1, '2', '0', 'PT018', 'test', '2021-09-11', '2021-09-11', '', '24', '0', '0', 0.00, 2.00, 0.00, 0.00, 0.00, 1.00, 2.00, '', '0', 0, '0', '1', 1, 1, '2021-09-11 01:53:59', '2021-09-11 01:53:59'),
('18', 1, '2', '0', 'PT019', 'test', '2021-09-11', '2021-09-11', '', '24', '0', '0', 0.00, 2.00, 0.00, 0.00, 0.00, 1.00, 2.00, '', '0', 0, '0', '1', 1, 1, '2021-09-11 01:55:08', '2021-09-11 01:55:08'),
('19', 1, '2', '0', 'PT020', 'test', '2021-09-11', '2021-09-11', '', '24', '0', '0', 0.00, 2.00, 0.00, 0.00, 0.00, 1.00, 2.00, '', '0', 0, '0', '1', 1, 1, '2021-09-11 01:56:34', '2021-09-11 01:56:34'),
('2', 1, '2', '0', 'PT003', 'abc', '2021-09-11', '2021-09-11', 'Test', '24', '0', '0', 0.00, 20.00, 0.00, 0.00, 0.00, 1.00, 20.00, '', '0', 0, '0', '1', 1, 1, '2021-09-10 20:36:34', '2021-09-10 20:36:34'),
('20', 1, '2', '0', 'PT021', '321', '2021-09-11', '2021-09-11', 'Test', '24', '0', '0', 0.00, 0.00, 0.00, 0.00, 0.00, 1.00, 0.00, '', '0', 0, '0', '1', 1, 1, '2021-09-11 09:47:47', '2021-09-11 09:47:47'),
('21', 1, '2', '0', 'PT022', '321', '2021-09-11', '2021-09-11', 'Test', '24', '0', '0', 0.00, 0.00, 0.00, 0.00, 0.00, 1.00, 0.00, '', '0', 0, '0', '1', 1, 1, '2021-09-11 09:48:07', '2021-09-11 09:48:07'),
('22', 1, '2', '0', 'PT023', '321', '2021-09-11', '2021-09-11', 'Test', '24', '0', '0', 0.00, 0.00, 0.00, 0.00, 0.00, 1.00, 0.00, '', '0', 0, '0', '1', 1, 1, '2021-09-11 09:50:17', '2021-09-11 09:50:17'),
('23', 1, '2', '0', 'PT024', 'abc', '2021-09-12', '2021-09-12', 'test', '24', '0', '0', 0.00, 0.00, 0.00, 0.00, 0.00, 1.00, 0.00, '', '0', 0, '0', '1', 1, 1, '2021-09-11 10:40:14', '2021-09-11 10:40:14'),
('24', 1, '2', '0', 'PT025', 'abc', '2021-09-12', '2021-09-12', 'test', '24', '0', '0', 0.00, 0.00, 0.00, 0.00, 0.00, 1.00, 0.00, '', '0', 0, '0', '1', 1, 1, '2021-09-11 10:41:04', '2021-09-11 10:41:04'),
('25', 1, '2', '0', 'PT026', 'abc', '2021-09-12', '2021-09-12', 'test', '24', '0', '0', 0.00, 0.00, 0.00, 0.00, 0.00, 1.00, 0.00, '', '0', 0, '0', '1', 1, 1, '2021-09-11 11:12:50', '2021-09-11 11:12:50'),
('26', 1, '2', '0', 'PT027', 'abc', '2021-09-12', '2021-09-12', 'test', '24', '0', '0', 0.00, 0.00, 0.00, 0.00, 0.00, 1.00, 0.00, '', '0', 0, '0', '1', 1, 1, '2021-09-11 11:13:14', '2021-09-11 11:13:14'),
('27', 1, '2', '0', 'PT028', 'abc', '2021-09-12', '2021-09-12', 'test', '24', '0', '0', 0.00, 0.00, 0.00, 0.00, 0.00, 1.00, 0.00, '', '0', 0, '0', '1', 1, 1, '2021-09-11 11:13:43', '2021-09-11 11:13:43'),
('28', 1, '2', '0', 'PT029', 'abc', '2021-09-12', '2021-09-12', 'test', '24', '0', '0', 0.00, 0.00, 0.00, 0.00, 0.00, 1.00, 0.00, '', '0', 0, '0', '1', 1, 1, '2021-09-11 11:43:30', '2021-09-11 11:43:30'),
('29', 1, '2', '0', 'PT030', 'abc', '2021-09-12', '2021-09-12', 'test', '24', '0', '0', 0.00, 0.00, 0.00, 0.00, 0.00, 1.00, 0.00, '', '0', 0, '0', '1', 1, 1, '2021-09-11 11:47:00', '2021-09-11 11:47:00'),
('3', 1, '2', '0', 'PT004', 'test', '2021-09-11', '2021-09-11', 'Test', '24', '0', '0', 0.00, 0.00, 0.00, 0.00, 0.00, 1.00, 0.00, '', '0', 0, '0', '1', 1, 1, '2021-09-10 20:41:18', '2021-09-10 20:41:18'),
('30', 1, '2', '0', 'PT031', 'abc', '2021-09-12', '2021-09-12', 'test', '24', '0', '0', 0.00, 0.00, 0.00, 0.00, 0.00, 1.00, 0.00, '', '0', 0, '0', '1', 1, 1, '2021-09-11 11:47:36', '2021-09-11 11:47:36'),
('31', 1, '2', '0', 'PT032', '321', '2021-09-12', '2021-09-12', '', '24', '0', '0', 0.00, 0.00, 0.00, 0.00, 0.00, 1.00, 0.00, '', '0', 0, '0', '1', 1, 1, '2021-09-11 21:24:06', '2021-09-11 21:24:06'),
('32', 1, '2', '0', 'PT033', '321', '2021-09-12', '2021-09-12', 'Test', '24', '0', '0', 0.00, 0.00, 0.00, 0.00, 0.00, 1.00, 0.00, '', '0', 0, '0', '1', 1, 1, '2021-09-11 21:29:12', '2021-09-11 21:29:12'),
('33', 1, '2', '0', 'PT034', '321', '2021-09-12', '2021-09-12', 'Test', '24', '0', '0', 0.00, 0.00, 0.00, 0.00, 0.00, 1.00, 0.00, '', '0', 0, '0', '1', 1, 1, '2021-09-11 21:29:25', '2021-09-11 21:29:25'),
('34', 1, '2', '0', 'PT035', '321', '2021-09-12', '2021-09-12', 'Test', '24', '0', '0', 0.00, 0.00, 0.00, 0.00, 0.00, 1.00, 0.00, '', '0', 0, '0', '1', 1, 1, '2021-09-11 21:30:28', '2021-09-11 21:30:28'),
('35', 1, '2', '0', 'PT036', '321', '2021-09-12', '2021-09-12', 'Test', '24', '0', '0', 0.00, 0.00, 0.00, 0.00, 0.00, 1.00, 0.00, '', '0', 0, '0', '1', 1, 1, '2021-09-11 23:27:55', '2021-09-11 23:27:55'),
('36', 1, '2', '0', 'PT037', '321', '2021-09-12', '2021-09-12', 'Test', '24', '0', '0', 0.00, 0.00, 0.00, 0.00, 0.00, 1.00, 0.00, '', '0', 0, '0', '1', 1, 1, '2021-09-11 23:29:32', '2021-09-11 23:29:32'),
('37', 1, '2', '0', 'PT038', '321', '2021-09-12', '2021-09-12', 'Test', '24', '0', '0', 0.00, 0.00, 0.00, 0.00, 0.00, 1.00, 0.00, '', '0', 0, '0', '1', 1, 1, '2021-09-11 23:36:23', '2021-09-11 23:36:23'),
('38', 1, '2', '0', 'PT039', '321', '2021-09-12', '2021-09-12', 'Test', '24', '0', '0', 0.00, 40.00, 0.00, 0.00, 0.00, 1.00, 0.00, '', '0', 0, '0', '1', 1, 1, '2021-09-12 00:16:16', '2021-09-12 00:16:16'),
('39', 1, '2', '0', 'PT040', 'test 12/9', '2021-09-12', '2021-09-12', 'test 12/9', '1', '0', '0', 0.00, 50.00, 0.00, 0.00, 0.00, 1.00, 0.00, '', '0', 0, '0', '1', 1, 1, '2021-09-12 00:19:57', '2021-09-12 00:19:57'),
('4', 1, '2', '0', 'PT005', 'test', '2021-09-11', '2021-09-11', 'Test', '24', '0', '0', 0.00, 0.00, 0.00, 0.00, 0.00, 1.00, 0.00, '', '0', 0, '0', '1', 1, 1, '2021-09-10 20:43:07', '2021-09-10 20:43:07'),
('40', 1, '2', '0', 'PT041', 'test 12/9', '2021-09-12', '2021-09-12', 'test 12/9', '24', '0', '0', 0.00, 35.00, 0.00, 0.00, 0.00, 1.00, 0.00, '', '0', 0, '0', '1', 1, 1, '2021-09-12 00:49:02', '2021-09-12 00:49:02'),
('41', 1, '2', '0', 'PT042', '2021', '2021-09-12', '2021-09-12', 'Test2021', '24', '0', '0', 0.00, 20.00, 0.00, 0.00, 0.00, 1.00, 20.00, '', '0', 0, '0', '1', 1, 1, '2021-09-12 06:18:34', '2021-09-12 06:18:34'),
('42', 1, '2', '0', 'PT043', 'test2022', '2021-09-12', '2021-09-12', 'Test2022', '24', '0', '0', 0.00, 20.00, 0.00, 0.00, 0.00, 1.00, 20.00, '', '0', 0, '0', '1', 1, 1, '2021-09-12 07:00:47', '2021-09-12 07:00:47'),
('43', 1, '2', '0', 'PT044', 'test', '2021-09-12', '2021-09-12', 'Test', '24', '0', '0', 0.00, 20.00, 0.00, 0.00, 0.00, 1.00, 20.00, '', '0', 0, '0', '1', 1, 1, '2021-09-12 07:27:30', '2021-09-12 07:27:30'),
('44', 1, '2', '0', 'PT045', 'test description 12/9/2021', '2021-09-12', '2021-09-12', 'test 12/9/2021', '24', '0', '0', 0.00, 200.00, 0.00, 0.00, 0.00, 1.00, 200.00, '', '0', 0, '0', '1', 1, 0, '2021-09-18 16:14:23', '2021-09-18 09:14:23'),
('45', 1, '2', '0', 'PT046', 'test description 21/9/2021', '2021-09-21', '2021-09-21', 'test 21/9/2021', '1', '0', '0', 0.00, 0.00, 0.00, 0.00, 0.00, 1.00, 0.00, '', '0', 0, '0', '1', 1, 1, '2021-09-24 10:13:24', '2021-09-24 03:13:24'),
('46', 1, '2', '0', 'PT047', 'test description 12/9/2021', '2021-09-21', '2021-09-21', 'test 12/9/2021', '1', '0', '0', 0.00, 28.00, 0.00, 0.00, 0.00, 1.00, 28.00, '', '0', 0, '0', '1', 1, 1, '2021-09-24 07:32:13', '2021-09-24 00:32:13'),
('47', 1, '2', '0', 'PT048', 'abc', '2021-12-11', '2021-12-11', 'test 12/9/2021', '1', '0', '0', 0.00, 50.00, 0.00, 0.00, 0.00, 1.00, 50.00, '', '0', 0, '0', '1', 1, 1, '2022-01-01 11:16:02', '2022-01-01 04:16:02'),
('48', 1, '2', '0', 'PT049', 'Test 12/11/2021', '2021-12-11', '2021-12-11', 'Người mua Test 12/11/2021', '3', '0', '0', 0.00, 3.00, 0.00, 0.00, 0.00, 1.00, 3.00, '', '0', 0, '0', '1', 1, 1, '2022-01-01 11:16:02', '2022-01-01 04:16:02'),
('49', 1, '2', '0', 'PT050', 'Test 12/11/2021', '2021-12-11', '2021-12-11', 'Người mua Test 12/11/2021', '3', '0', '0', 0.00, 3.00, 0.00, 0.00, 0.00, 1.00, 3.00, '', '0', 0, '0', '1', 1, 1, '2022-01-01 11:16:02', '2022-01-01 04:16:02'),
('4fae9587-a63f-45d8-bb14-e5ff3f59f992', 1, '0', '', 'PT202410001', 'dsa', '2024-10-30', '2024-10-30', 'dsa', 'fe7dcd01-cda6-46ad-b117-3ac7fd5b6fbe', '', '', 0.00, 20000.00, 0.00, 0.00, 0.00, 0.00, 20000.00, '', '', 0, '', '6affb799-6bbf-11ec-a352-309c23e68112', 1, 1, '2024-10-30 15:01:58', '2024-10-30 15:01:58'),
('5', 1, '2', '0', 'PT006', 'test', '2021-09-11', '2021-09-11', 'Test', '24', '0', '0', 0.00, 0.00, 0.00, 0.00, 0.00, 1.00, 0.00, '', '0', 0, '0', '1', 1, 1, '2021-09-10 21:17:49', '2021-09-10 21:17:49'),
('50', 1, '2', '0', 'PT051', 'Test 12/11/2021', '2021-12-11', '2021-12-11', 'Người mua Test 12/11/2021', '3', '0', '0', 0.00, 3.00, 0.00, 0.00, 0.00, 1.00, 3.00, '', '0', 0, '0', '1', 1, 1, '2022-01-01 11:16:03', '2022-01-01 04:16:03'),
('51', 1, '2', '0', 'PT052', 'Test 12/11/2021', '2021-12-11', '2021-12-11', 'Người mua Test 12/11/2021', '3', '0', '0', 0.00, 3.00, 0.00, 0.00, 0.00, 1.00, 3.00, '', '0', 0, '0', '1', 1, 1, '2022-01-01 11:16:03', '2022-01-01 04:16:03'),
('52', 1, '2', '0', 'PT053', 'Test 12/11/2021', '2021-12-11', '2021-12-11', 'Người mua Test 12/11/2021', '3', '0', '0', 0.00, 3.00, 0.00, 0.00, 0.00, 1.00, 3.00, '', '0', 0, '0', '1', 1, 1, '2022-01-01 11:16:03', '2022-01-01 04:16:03'),
('53', 1, '2', '0', 'PT054', 'Test 12/11/2021', '2021-12-11', '2021-12-11', 'Người mua Test 12/11/2021', '3', '0', '0', 0.00, 3.00, 0.00, 0.00, 0.00, 1.00, 3.00, '', '0', 0, '0', '1', 1, 1, '2022-01-01 11:16:03', '2022-01-01 04:16:03'),
('54', 1, '2', '0', 'PT055', 'Test 12/11/2021', '2021-12-11', '2021-12-11', 'Người mua Test 12/11/2021', '3', '0', '0', 0.00, 3.00, 0.00, 0.00, 0.00, 1.00, 3.00, '', '0', 0, '0', '1', 1, 1, '2022-01-01 11:16:03', '2022-01-01 04:16:03'),
('55', 1, '2', '0', 'PT056', 'test description 12/9/2021 2', '2021-12-11', '2021-12-11', 'Người mua Test 12/11/2021 2', '3', '0', '0', 0.00, 30000.00, 0.00, 0.00, 0.00, 1.00, 30000.00, '', '0', 0, '0', '1', 1, 1, '2022-01-01 11:16:03', '2022-01-01 04:16:03'),
('56', 1, '2', '0', 'PT057', '321', '2021-12-11', '2021-12-11', 'test 12/9/2021 3', '1', '0', '0', 0.00, 500.00, 0.00, 0.00, 0.00, 1.00, 500.00, '', '0', 0, '0', '1', 1, 1, '2022-01-01 11:16:03', '2022-01-01 04:16:03'),
('57', 1, '2', '0', 'PT058', 'test 20/12/2021', '2021-12-20', '2021-12-20', 'test 20/12/2021', '1', '0', '0', 0.00, 20000.00, 0.00, 0.00, 0.00, 1.00, 20000.00, 'PT048,PT049,PT050', '0', 0, '0', '1', 1, 1, '2021-12-20 08:48:58', '2021-12-20 08:48:58'),
('58', 1, '2', '0', 'PT059', 'test 20/12/2021 1', '2021-12-20', '2021-12-20', 'test 20/12/2021 1', '1', '0', '0', 0.00, 25000.00, 0.00, 0.00, 0.00, 1.00, 25000.00, 'PT048,PT050', '0', 0, '0', '1', 1, 0, '2022-01-01 16:33:56', '2022-01-01 09:33:56'),
('59', 1, '2', '0', 'PT060', '321', '2021-12-20', '2021-12-20', 'test 20/12/2021 2', '1', '0', '0', 0.00, 5000.00, 0.00, 0.00, 0.00, 1.00, 5000.00, 'PT048,PT050', '0', 0, '0', '1', 1, 1, '2022-01-01 15:42:42', '2022-01-01 08:42:42'),
('6', 1, '2', '0', 'PT007', 'test', '2021-09-11', '2021-09-11', 'Test', '24', '0', '0', 0.00, 20.00, 0.00, 0.00, 0.00, 1.00, 20.00, '', '0', 0, '0', '1', 1, 1, '2021-09-11 00:15:56', '2021-09-11 00:15:56'),
('60', 1, '2', '0', 'PT061', 'test 30/12/2021', '2021-12-30', '2021-12-30', 'test 30/12/2021', '3', '0', '0', 0.00, 2000.00, 0.00, 0.00, 0.00, 1.00, 2000.00, '', '0', 0, '0', '1', 1, 1, '2022-01-01 15:39:15', '2022-01-01 08:39:15'),
('652513ca-5749-4b3f-95be-f0ccf3e1510e', 1, '0', '', '2024202410000', 'tezzz', '2024-10-28', '2024-10-28', '', 'fe7dcd01-cda6-46ad-b117-3ac7fd5b6fbe', '', '', 0.00, 20000.00, 0.00, 0.00, 0.00, 0.00, 20000.00, '', '', 0, '', '6affb799-6bbf-11ec-a352-309c23e68112', 1, 1, '2024-10-28 15:38:57', '2024-10-28 15:38:57'),
('7', 1, '2', '0', 'PT008', 'test', '2021-09-11', '2021-09-11', 'Test', '24', '0', '0', 0.00, 20.00, 0.00, 0.00, 0.00, 1.00, 20.00, '', '0', 0, '0', '1', 1, 1, '2021-09-11 00:16:08', '2021-09-11 00:16:08'),
('8', 1, '2', '0', 'PT009', 'test', '2021-09-11', '2021-09-11', '', '24', '0', '0', 0.00, 2.00, 0.00, 0.00, 0.00, 1.00, 2.00, '', '0', 0, '0', '1', 1, 1, '2021-09-11 01:01:20', '2021-09-11 01:01:20'),
('8b031946-bf14-46f8-bce8-ede09b7117c4', 1, '0', '', '2410000', 'test', '2024-10-30', '2024-10-30', 'zz', 'fe7dcd01-cda6-46ad-b117-3ac7fd5b6fbe', '', '', 0.00, 20000.00, 0.00, 0.00, 0.00, 0.00, 20000.00, '', '', 0, '', '6affb799-6bbf-11ec-a352-309c23e68112', 1, 1, '2024-10-30 14:24:19', '2024-10-30 14:24:19'),
('9', 1, '2', '0', 'PT010', 'test', '2021-09-11', '2021-09-11', '', '24', '0', '0', 0.00, 2.00, 0.00, 0.00, 0.00, 1.00, 2.00, '', '0', 0, '0', '1', 1, 1, '2021-09-11 01:06:19', '2021-09-11 01:06:19'),
('90febbda-af38-4aa6-9f44-475403138205', 1, '0', '', '000', 'zz', '2024-10-28', '2024-10-28', '', 'fe7dcd01-cda6-46ad-b117-3ac7fd5b6fbe', '', '', 0.00, 20000.00, 0.00, 0.00, 0.00, 1.00, 20000.00, '', '', 0, '', '6affb799-6bbf-11ec-a352-309c23e68112', 1, 1, '2024-10-28 15:28:22', '2024-10-28 15:28:22'),
('b3f835bd-88f4-4049-a4de-f8670465809e', 1, '0', '', 'PT202410002', 'tesst', '2024-10-31', '2024-10-31', '', 'fe7dcd01-cda6-46ad-b117-3ac7fd5b6fbe', '', '', 0.00, 20000.00, 0.00, 0.00, 0.00, 0.00, 20000.00, '', '', 0, '', '6affb799-6bbf-11ec-a352-309c23e68112', 1, 1, '2024-10-31 14:05:45', '2024-10-31 14:05:45'),
('d9a50165-b0f6-42dc-9e02-5e1c1bf49a0c', 1, '0', '', 'PT077', 'zzz', '2022-06-23', '2022-06-23', '', 'fe7dcd01-cda6-46ad-b117-3ac7fd5b6fbe', '', '', 0.00, 1000.00, 0.00, 0.00, 0.00, 0.00, 1000.00, '', '', 0, '', '6affb799-6bbf-11ec-a352-309c23e68112', 1, 1, '2022-06-23 16:12:54', '2022-06-23 16:12:54'),
('df250171-1a45-4aa1-b6bb-8e69171927ae', 1, '0', '', '000', 'zz', '2024-10-28', '2024-10-28', '', 'fe7dcd01-cda6-46ad-b117-3ac7fd5b6fbe', '', '', 0.00, 20000.00, 0.00, 0.00, 0.00, 1.00, 20000.00, '', '', 0, '', '6affb799-6bbf-11ec-a352-309c23e68112', 1, 1, '2024-10-28 15:23:22', '2024-10-28 15:23:22');

-- --------------------------------------------------------

--
-- Cấu trúc bảng cho bảng `acc_vat_detail`
--

CREATE TABLE `acc_vat_detail` (
  `id` varchar(36) NOT NULL,
  `general_id` varchar(36) NOT NULL,
  `item_id` varchar(36) NOT NULL,
  `item_code` varchar(50) NOT NULL,
  `description` varchar(100) CHARACTER SET utf8 COLLATE utf8_unicode_ci NOT NULL,
  `date_invoice` date NOT NULL,
  `invoice_form` varchar(10) NOT NULL,
  `invoice_symbol` varchar(10) NOT NULL,
  `invoice` varchar(10) NOT NULL,
  `subject_code` varchar(50) NOT NULL,
  `subject_name` varchar(100) NOT NULL,
  `address` varchar(100) NOT NULL,
  `tax_code` varchar(50) NOT NULL,
  `vat_type` varchar(36) NOT NULL,
  `amount` decimal(11,2) NOT NULL,
  `tax` tinyint(4) NOT NULL,
  `total_amount` decimal(11,2) NOT NULL,
  `status` tinyint(4) NOT NULL,
  `active` tinyint(4) NOT NULL,
  `created_at` timestamp NOT NULL DEFAULT current_timestamp() ON UPDATE current_timestamp(),
  `updated_at` timestamp NULL DEFAULT NULL
) ENGINE=InnoDB DEFAULT CHARSET=latin1 COLLATE=latin1_swedish_ci ROW_FORMAT=COMPACT;

--
-- Đang đổ dữ liệu cho bảng `acc_vat_detail`
--

INSERT INTO `acc_vat_detail` (`id`, `general_id`, `item_id`, `item_code`, `description`, `date_invoice`, `invoice_form`, `invoice_symbol`, `invoice`, `subject_code`, `subject_name`, `address`, `tax_code`, `vat_type`, `amount`, `tax`, `total_amount`, `status`, `active`, `created_at`, `updated_at`) VALUES
('1', '44', '0', '', 'test description 12/9/2021', '2021-09-11', '01GTGT/000', 'AA/10P', '111', 'NCC0001', 'test', '11', '', '0', 10000.00, 8, 2200.00, 1, 1, '2021-09-18 15:46:20', '2021-09-18 08:46:20');

-- --------------------------------------------------------

--
-- Cấu trúc bảng cho bảng `attach`
--

CREATE TABLE `attach` (
  `id` varchar(36) CHARACTER SET ascii COLLATE ascii_general_ci NOT NULL,
  `general_id` varchar(36) CHARACTER SET ascii COLLATE ascii_general_ci DEFAULT NULL,
  `name` varchar(100) DEFAULT NULL,
  `path` varchar(100) DEFAULT NULL,
  `active` tinyint(4) NOT NULL,
  `created_at` timestamp NULL DEFAULT NULL,
  `updated_at` timestamp NULL DEFAULT NULL
) ENGINE=InnoDB DEFAULT CHARSET=utf8mb4 COLLATE=utf8mb4_unicode_ci;

--
-- Đang đổ dữ liệu cho bảng `attach`
--

INSERT INTO `attach` (`id`, `general_id`, `name`, `path`, `active`, `created_at`, `updated_at`) VALUES
('2', NULL, 'ưeqe', 'qewqư', 1, '2020-07-19 04:15:08', '2020-07-19 04:15:08'),
('3', NULL, 'rưqewq', 'rưqewq', 1, '2020-07-19 04:15:19', '2020-07-19 04:15:19'),
('4', NULL, 'dá', 'dsa', 1, '2020-07-19 04:16:41', '2020-07-19 04:16:41'),
('5', NULL, 'dsa', 'dsa', 1, '2020-07-19 04:19:09', '2020-07-19 04:19:09'),
('6', NULL, 'dsad', '2222222', 1, '2020-07-19 04:20:34', '2020-07-20 07:02:47'),
('7', NULL, '12', '12', 1, '2020-07-20 07:30:23', '2020-07-20 07:30:23');

-- --------------------------------------------------------

--
-- Cấu trúc bảng cho bảng `bank`
--

CREATE TABLE `bank` (
  `id` varchar(36) CHARACTER SET ascii COLLATE ascii_general_ci NOT NULL,
  `code` varchar(50) DEFAULT NULL,
  `name` varchar(100) DEFAULT NULL,
  `name_en` varchar(100) DEFAULT NULL,
  `active` tinyint(4) NOT NULL,
  `created_at` timestamp NULL DEFAULT NULL,
  `updated_at` timestamp NULL DEFAULT NULL
) ENGINE=InnoDB DEFAULT CHARSET=utf8mb4 COLLATE=utf8mb4_unicode_ci;

--
-- Đang đổ dữ liệu cho bảng `bank`
--

INSERT INTO `bank` (`id`, `code`, `name`, `name_en`, `active`, `created_at`, `updated_at`) VALUES
('c7a6d206-5c01-4ef9-b79b-68c9500c8934', 'B002', 'Vietcombank', 'Vietcombank', 1, '2022-03-04 14:31:54', '2022-03-04 14:31:54');

-- --------------------------------------------------------

--
-- Cấu trúc bảng cho bảng `bank_account`
--

CREATE TABLE `bank_account` (
  `id` varchar(36) CHARACTER SET ascii COLLATE ascii_general_ci NOT NULL,
  `bank_name` varchar(50) DEFAULT NULL,
  `bank_account` varchar(100) DEFAULT NULL,
  `bank_id` varchar(36) CHARACTER SET ascii COLLATE ascii_general_ci DEFAULT NULL,
  `branch` varchar(100) DEFAULT NULL,
  `description` varchar(255) DEFAULT NULL,
  `active` tinyint(4) NOT NULL,
  `created_at` timestamp NULL DEFAULT NULL,
  `updated_at` timestamp NULL DEFAULT NULL
) ENGINE=InnoDB DEFAULT CHARSET=utf8mb4 COLLATE=utf8mb4_unicode_ci;

--
-- Đang đổ dữ liệu cho bảng `bank_account`
--

INSERT INTO `bank_account` (`id`, `bank_name`, `bank_account`, `bank_id`, `branch`, `description`, `active`, `created_at`, `updated_at`) VALUES
('618bf07f-b7d0-452e-ace5-5bb0d6f68dcd', 'Công ty TNHH ABC', '058100238625', 'c7a6d206-5c01-4ef9-b79b-68c9500c8934', 'CN Khánh Hòa', '', 1, '2022-03-04 14:35:10', '2022-03-04 14:35:10');

-- --------------------------------------------------------

--
-- Cấu trúc bảng cho bảng `case_code`
--

CREATE TABLE `case_code` (
  `id` varchar(36) CHARACTER SET ascii COLLATE ascii_general_ci NOT NULL,
  `code` varchar(50) DEFAULT NULL,
  `name` varchar(100) DEFAULT NULL,
  `name_en` varchar(100) DEFAULT NULL,
  `description` varchar(255) DEFAULT NULL,
  `active` tinyint(4) NOT NULL,
  `created_at` timestamp NULL DEFAULT NULL,
  `updated_at` timestamp NULL DEFAULT NULL
) ENGINE=InnoDB DEFAULT CHARSET=utf8mb4 COLLATE=utf8mb4_unicode_ci;

--
-- Đang đổ dữ liệu cho bảng `case_code`
--

INSERT INTO `case_code` (`id`, `code`, `name`, `name_en`, `description`, `active`, `created_at`, `updated_at`) VALUES
('1b2e5eae-06fd-409a-aa0c-746ad0ad7afb', 'test', '12', '12', '1', 1, '2022-03-04 11:48:30', '2022-03-04 11:48:30'),
('304dc3cd-1878-4fce-8289-cec9c1a0b99c', 'ewae', 'ưeqe', 'qewqư', NULL, 1, '2020-07-19 04:15:08', '2020-07-19 04:15:08'),
('4ecfdeb4-0f78-470c-aff8-698437d50c23', 'DATE_USE_FREE', 'dá', 'dsa', NULL, 1, '2020-07-19 04:16:41', '2020-07-19 04:16:41'),
('8fb221a4-415b-452e-870b-9b135d26e3eb', 'rqeq', 'rưqewq', 'rưqewq', NULL, 1, '2020-07-19 04:15:19', '2020-07-19 04:15:19'),
('d0c0eccd-b0e2-422e-b611-8e220010387c', 'A001', 'zz', 'zz', 'avb', 1, '2022-03-04 11:47:39', '2022-03-04 11:47:39'),
('f4a0a9a1-5cbf-4342-a1fc-cf6baca360b6', 'A002', 'dsa', 'dsa', 'dsa', 1, '2020-07-19 04:19:09', '2022-03-04 11:47:48');

-- --------------------------------------------------------

--
-- Cấu trúc bảng cho bảng `cost_code`
--

CREATE TABLE `cost_code` (
  `id` varchar(36) CHARACTER SET ascii COLLATE ascii_general_ci NOT NULL,
  `code` varchar(50) DEFAULT NULL,
  `name` varchar(100) DEFAULT NULL,
  `name_en` varchar(100) DEFAULT NULL,
  `description` varchar(255) DEFAULT NULL,
  `active` tinyint(4) NOT NULL,
  `created_at` timestamp NULL DEFAULT NULL,
  `updated_at` timestamp NULL DEFAULT NULL
) ENGINE=InnoDB DEFAULT CHARSET=utf8mb4 COLLATE=utf8mb4_unicode_ci;

--
-- Đang đổ dữ liệu cho bảng `cost_code`
--

INSERT INTO `cost_code` (`id`, `code`, `name`, `name_en`, `description`, `active`, `created_at`, `updated_at`) VALUES
('304dc3cd-1878-4fce-8289-cec9c1a0b99c', 'ewae', 'ưeqe', 'qewqư', 'abc', 1, '2020-07-19 04:15:08', '2020-08-12 10:44:27'),
('4ecfdeb4-0f78-470c-aff8-698437d50c23', 'DATE_USE_FREE', 'dá', 'dsa', NULL, 1, '2020-07-19 04:16:41', '2020-07-19 04:16:41'),
('5aaced68-e5cb-4ed5-8109-6cd364fb7ee9', 'dsa', 'zz', 'z', 'z', 1, '2022-03-04 11:32:59', '2022-03-04 11:32:59'),
('8fb221a4-415b-452e-870b-9b135d26e3eb', 'rqeq', 'rưqewq', 'rưqewq', NULL, 1, '2020-07-19 04:15:19', '2020-07-19 04:15:19'),
('adce9ff3-71bd-4f0c-9ee0-f89adb9b6422', 'C001', 'test', 'âz', 'za', 1, '2022-03-04 11:30:14', '2022-03-04 11:30:14'),
('fe5eb549-0208-42a6-8e11-d7cc030296c1', 'C002', 'test11zz', 'âz', 'za', 1, '2022-03-04 11:32:09', '2022-03-04 11:32:16');

-- --------------------------------------------------------

--
-- Cấu trúc bảng cho bảng `count_voucher`
--

CREATE TABLE `count_voucher` (
  `id` varchar(36) CHARACTER SET ascii COLLATE ascii_general_ci NOT NULL,
  `number_voucher` varchar(36) DEFAULT NULL,
  `format` varchar(10) DEFAULT NULL,
  `day` varchar(2) DEFAULT NULL,
  `month` varchar(2) DEFAULT NULL,
  `year` varchar(4) DEFAULT NULL,
  `number` int(11) NOT NULL,
  `length_number` int(11) DEFAULT NULL,
  `active` tinyint(4) NOT NULL,
  `created_at` timestamp NULL DEFAULT NULL,
  `updated_at` timestamp NULL DEFAULT NULL
) ENGINE=InnoDB DEFAULT CHARSET=utf8mb4 COLLATE=utf8mb4_unicode_ci;

--
-- Đang đổ dữ liệu cho bảng `count_voucher`
--

INSERT INTO `count_voucher` (`id`, `number_voucher`, `format`, `day`, `month`, `year`, `number`, `length_number`, `active`, `created_at`, `updated_at`) VALUES
('0240a9b7-0d84-48a3-8d95-5ccd5dc4f6bb', 'adbbf485-e85b-4a1c-8455-043bbd86e8b6', 'DDX', '15', '2', '1988', 1, 1, 1, '2024-10-28 13:44:31', '2024-10-28 13:44:31'),
('0e073b01-7d46-43c3-bafd-63d8989160f9', 'adbbf485-e85b-4a1c-8455-043bbd86e8b6', 'YYYYMMX', '', '10', '24', 1, 3, 1, '2024-10-30 14:24:19', '2024-10-30 14:24:19'),
('3995b78b-6d96-4d48-9a7e-05aaa3084f6c', 'adbbf485-e85b-4a1c-8455-043bbd86e8b6', 'DD-X', '28', '10', '2024', 1, 1, 1, '2024-10-28 13:26:54', '2024-10-28 13:26:54'),
('6f28dc1c-6d34-447a-87a4-802b3386b218', 'adbbf485-e85b-4a1c-8455-043bbd86e8b6', 'YYYYMMX', '', '10', '2024', 5, 3, 0, '2024-10-28 15:28:22', '2024-10-31 14:38:57'),
('79b70787-158c-407c-89d8-5858a0b389e5', 'adbbf485-e85b-4a1c-8455-043bbd86e8b6', 'YYYYMMX', '', 'Oc', '2024', 1, 3, 0, '2024-10-28 15:23:22', '2024-10-28 15:23:22'),
('bd3f5a08-4dd8-4319-aeed-d662a96753f6', 'adbbf485-e85b-4a1c-8455-043bbd86e8b6', 'YYYYMMX', '', '10', '2024', 1, 3, 1, '2024-10-28 15:38:57', '2024-10-28 15:38:57');

-- --------------------------------------------------------

--
-- Cấu trúc bảng cho bảng `currency`
--

CREATE TABLE `currency` (
  `id` varchar(36) CHARACTER SET ascii COLLATE ascii_general_ci NOT NULL,
  `code` varchar(50) DEFAULT NULL,
  `name` varchar(100) DEFAULT NULL,
  `name_en` varchar(100) DEFAULT NULL,
  `conversion_calculation` varchar(1) DEFAULT NULL,
  `rate` decimal(10,0) DEFAULT NULL,
  `conversion_rate_vi` decimal(10,0) DEFAULT NULL,
  `conversion_rate_en` decimal(10,0) DEFAULT NULL,
  `currency_1_vi` varchar(50) DEFAULT NULL,
  `currency_1_en` varchar(50) DEFAULT NULL,
  `currency_2_vi` varchar(50) DEFAULT NULL,
  `currency_2_en` varchar(50) DEFAULT NULL,
  `currency_3_vi` varchar(50) DEFAULT NULL,
  `currency_3_en` varchar(50) DEFAULT NULL,
  `account_bank` varchar(36) DEFAULT NULL,
  `account_cash` varchar(36) DEFAULT NULL,
  `active` tinyint(4) NOT NULL,
  `created_at` timestamp NULL DEFAULT NULL,
  `updated_at` timestamp NULL DEFAULT NULL
) ENGINE=InnoDB DEFAULT CHARSET=utf8mb4 COLLATE=utf8mb4_unicode_ci;

--
-- Đang đổ dữ liệu cho bảng `currency`
--

INSERT INTO `currency` (`id`, `code`, `name`, `name_en`, `conversion_calculation`, `rate`, `conversion_rate_vi`, `conversion_rate_en`, `currency_1_vi`, `currency_1_en`, `currency_2_vi`, `currency_2_en`, `currency_3_vi`, `currency_3_en`, `account_bank`, `account_cash`, `active`, `created_at`, `updated_at`) VALUES
('6371aaf1-814d-48b4-bf23-616a46ff7931', 'C006', 'Đồng', 'VNĐ', '2', 0, 100, 100, 'dong', 'zz', 'test', 'zz', 'zz', 'zz', '0', '0', 1, '2022-04-21 14:00:07', '2022-06-18 17:53:11');

-- --------------------------------------------------------

--
-- Cấu trúc bảng cho bảng `currency_check`
--

CREATE TABLE `currency_check` (
  `id` varchar(36) NOT NULL,
  `type` tinyint(4) DEFAULT NULL,
  `currency` varchar(36) DEFAULT NULL,
  `bank_account` varchar(36) DEFAULT NULL,
  `amount` decimal(11,2) DEFAULT NULL,
  `active` tinyint(4) NOT NULL,
  `created_at` timestamp NULL DEFAULT NULL,
  `updated_at` timestamp NULL DEFAULT NULL
) ENGINE=InnoDB DEFAULT CHARSET=utf8mb4 COLLATE=utf8mb4_unicode_ci COMMENT='// 1 - Cash\r\n// 2 - Bank';

-- --------------------------------------------------------

--
-- Cấu trúc bảng cho bảng `denominations`
--

CREATE TABLE `denominations` (
  `id` varchar(36) NOT NULL,
  `currency_id` varchar(36) DEFAULT NULL,
  `price` varchar(50) DEFAULT NULL,
  `description` varchar(100) DEFAULT NULL,
  `active` tinyint(4) NOT NULL,
  `created_at` timestamp NULL DEFAULT NULL,
  `updated_at` timestamp NULL DEFAULT NULL
) ENGINE=InnoDB DEFAULT CHARSET=utf8mb4 COLLATE=utf8mb4_unicode_ci;

--
-- Đang đổ dữ liệu cho bảng `denominations`
--

INSERT INTO `denominations` (`id`, `currency_id`, `price`, `description`, `active`, `created_at`, `updated_at`) VALUES
('b6d6ea27-0ca0-4a9e-8a7f-21153ee62885', '6371aaf1-814d-48b4-bf23-616a46ff7931', '200000', 'test', 1, '2022-04-21 14:09:58', '2022-04-21 14:09:58');

-- --------------------------------------------------------

--
-- Cấu trúc bảng cho bảng `department`
--

CREATE TABLE `department` (
  `id` varchar(36) CHARACTER SET ascii COLLATE ascii_general_ci NOT NULL,
  `code` varchar(50) DEFAULT NULL,
  `name` varchar(100) DEFAULT NULL,
  `name_en` varchar(100) DEFAULT NULL,
  `active` tinyint(4) NOT NULL,
  `created_at` timestamp NULL DEFAULT NULL,
  `updated_at` timestamp NULL DEFAULT NULL
) ENGINE=InnoDB DEFAULT CHARSET=utf8mb4 COLLATE=utf8mb4_unicode_ci;

--
-- Đang đổ dữ liệu cho bảng `department`
--

INSERT INTO `department` (`id`, `code`, `name`, `name_en`, `active`, `created_at`, `updated_at`) VALUES
('250fdc13-5d5d-4047-ad3e-9500a1580225', 'D002', 'test', 'abc', 1, '2022-04-07 15:40:33', '2022-04-07 15:40:33'),
('f4a0a9a1-5cbf-4342-a1fc-cf6baca360b6', 'dsa', 'testââ', 'dsaââ', 1, '2020-07-19 04:19:09', '2022-04-07 15:40:49');

-- --------------------------------------------------------

--
-- Cấu trúc bảng cho bảng `excise`
--

CREATE TABLE `excise` (
  `id` varchar(36) CHARACTER SET ascii COLLATE ascii_general_ci NOT NULL,
  `parent_id` varchar(36) CHARACTER SET ascii COLLATE ascii_general_ci DEFAULT NULL,
  `code` varchar(50) DEFAULT NULL,
  `name` varchar(100) DEFAULT NULL,
  `name_en` varchar(100) DEFAULT NULL,
  `unit_id` varchar(36) CHARACTER SET ascii COLLATE ascii_general_ci DEFAULT NULL,
  `excise_tax` tinyint(4) DEFAULT NULL,
  `active` tinyint(4) NOT NULL,
  `created_at` timestamp NULL DEFAULT NULL,
  `updated_at` timestamp NULL DEFAULT NULL
) ENGINE=InnoDB DEFAULT CHARSET=utf8mb4 COLLATE=utf8mb4_unicode_ci;

--
-- Đang đổ dữ liệu cho bảng `excise`
--

INSERT INTO `excise` (`id`, `parent_id`, `code`, `name`, `name_en`, `unit_id`, `excise_tax`, `active`, `created_at`, `updated_at`) VALUES
('300e40ee-f573-4ece-a7af-7371cc306795', NULL, 'E022', 'test', '213', 'b7c083ca-f074-4b55-8e25-97362dafde20', 5, 1, '2022-03-02 05:25:46', '2022-03-02 05:25:46'),
('6375f493-3055-4096-aca0-f6bf1f4c5a77', '300e40ee-f573-4ece-a7af-7371cc306795', 'E024', 'test', '213', 'b7c083ca-f074-4b55-8e25-97362dafde20', 5, 1, '2022-03-02 05:32:03', '2022-03-02 05:32:03'),
('6a9373c4-b2bf-4cdc-b9c3-c43f43857403', NULL, 'E025', 'test221', '213', 'b7c083ca-f074-4b55-8e25-97362dafde20', 5, 1, '2022-03-02 05:37:17', '2022-03-02 05:37:17'),
('d16d4cc7-0362-468a-a836-9a4eea99e2d6', '300e40ee-f573-4ece-a7af-7371cc306795', 'E023', 'test', '213', 'b7c083ca-f074-4b55-8e25-97362dafde20', 5, 1, '2022-03-02 05:31:34', '2022-03-02 05:31:34');

-- --------------------------------------------------------

--
-- Cấu trúc bảng cho bảng `history_action`
--

CREATE TABLE `history_action` (
  `id` varchar(36) CHARACTER SET ascii COLLATE ascii_general_ci NOT NULL,
  `type` int(10) UNSIGNED NOT NULL,
  `user` varchar(36) CHARACTER SET ascii COLLATE ascii_general_ci NOT NULL,
  `menu` varchar(36) CHARACTER SET ascii COLLATE ascii_general_ci NOT NULL,
  `dataz` text NOT NULL,
  `url` varchar(50) NOT NULL,
  `created_at` timestamp NOT NULL DEFAULT current_timestamp() ON UPDATE current_timestamp(),
  `updated_at` timestamp NULL DEFAULT NULL
) ENGINE=InnoDB DEFAULT CHARSET=utf8mb4 COLLATE=utf8mb4_unicode_ci;

--
-- Đang đổ dữ liệu cho bảng `history_action`
--

INSERT INTO `history_action` (`id`, `type`, `user`, `menu`, `dataz`, `url`, `created_at`, `updated_at`) VALUES
('004f93aa-dea9-4ff2-ae3e-195ee99ac715', 2, '6affb799-6bbf-11ec-a352-309c23e68112', 'ee25fe47-8334-11ec-8b82-b42e9986cd6c', '{\"currency\":\"0\",\"accounted_auto\":\"473be704-f2c8-4ba4-8c9b-81b8fcfa8b00\",\"subject_id\":\"fe7dcd01-cda6-46ad-b117-3ac7fd5b6fbe\",\"code\":\"abc\",\"name\":\"zz\",\"traders\":\"\",\"rate\":1,\"description\":\"zz\",\"accounting_date\":\"2024-10-28\",\"reference\":\"\",\"voucher_date\":\"2024-10-28\",\"voucher\":\"PTYYYYMMxxx\",\"automatic_ai\":\"\",\"detail\":[{\"id\":\"2c881318-a30d-462f-a3e9-b0d5ebbabf95\",\"description\":\"Nh\\u00f3m t\\u00e0i kho\\u1ea3n doanh thu\",\"amount\":20000,\"rate\":1,\"amount_rate\":20000,\"case_code\":{\"id\":0,\"code\":\"---SELECT---\",\"name\":\"---SELECT---\"},\"cost_code\":{\"id\":0,\"code\":\"---SELECT---\",\"name\":\"---SELECT---\"},\"statistical_code\":{\"id\":0,\"code\":\"---SELECT---\",\"name\":\"---SELECT---\"},\"subject_code\":{\"id\":0,\"code\":\"---SELECT---\",\"name\":\"---SELECT---\"},\"work_code\":{\"id\":0,\"code\":\"---SELECT---\",\"name\":\"---SELECT---\"},\"department\":{\"id\":0,\"code\":\"---SELECT---\",\"name\":\"---SELECT---\"},\"bank_account\":{\"id\":0,\"code\":\"---SELECT---\",\"name\":\"---SELECT---\"},\"debit\":{\"id\":\"9974dc26-ca54-4275-bada-533e93bbbb8d\",\"code\":\"1112\",\"name\":\"Foreign currencies\",\"object\":0,\"bank_account\":0,\"work_code\":0,\"cost_code\":0,\"case_code\":0,\"statistical_code\":0,\"order\":0,\"contract\":0,\"depreciation\":0,\"attribution\":0},\"credit\":{\"id\":\"b954255d-9367-482d-b615-80e302db45aa\",\"code\":\"5113\",\"name\":\"Revenue from services rendered\",\"object\":0,\"bank_account\":0,\"work_code\":0,\"cost_code\":0,\"case_code\":0,\"statistical_code\":0,\"order\":0,\"contract\":0,\"depreciation\":0,\"attribution\":0},\"accounted_fast\":{\"id\":\"c49f4326-7a23-4c58-bbbe-21aebcc82e6d\",\"code\":\"DT\",\"name\":\"Nh\\u00f3m t\\u00e0i kho\\u1ea3n doanh thu\",\"description\":\"Nh\\u00f3m t\\u00e0i kho\\u1ea3n doanh thu\",\"debit\":\"2\",\"credit\":\"235\",\"subject_code\":\"0\",\"case_code\":\"2\",\"cost_code\":\"0\",\"statistical_code\":\"0\",\"work_code\":\"0\",\"department\":\"0\",\"bank_account\":\"0\",\"accounted_fast\":null},\"lot_number\":\"\",\"contract\":\"\",\"order\":\"\",\"address\":null,\"invoice_form\":null,\"invoice_symbol\":null}],\"tax\":[],\"reference_by\":{},\"total_number\":0,\"total_amount\":\"20000\",\"total_amount_rate\":\"20000\",\"id\":null}', 'cash-receipts-voucher-save', '2024-10-28 15:28:22', '2024-10-28 15:28:22'),
('03e8dfe8-160d-43a8-96fd-1b13e4ce77d7', 3, '6affb799-6bbf-11ec-a352-309c23e68112', 'ee250b45-8334-11ec-8b82-b42e9986cd6c', '{\"id\":\"b7c083ca-f074-4b55-8e25-97362dafde20\",\"code\":\"U00002\",\"name\":\"gr\",\"name_en\":\"Gram\",\"active\":1,\"created_at\":\"2022-02-28T04:28:30.000000Z\",\"updated_at\":\"2023-04-02T15:42:47.000000Z\"}', 'unit-save', '2023-04-02 15:46:51', '2023-04-02 15:46:51'),
('06253966-51f2-4051-97e6-9f363e75dbce', 4, '6affb799-6bbf-11ec-a352-309c23e68112', 'ee25fe47-8334-11ec-8b82-b42e9986cd6c', '{\"id\":\"8c3a1f54-f5e2-409f-a4d2-53255c35da23\",\"type\":1,\"currency\":\"0\",\"stock_id\":\"\",\"voucher\":\"PT071\",\"description\":\"zz\",\"voucher_date\":\"2022-06-22\",\"accounting_date\":\"2022-06-22\",\"traders\":\"\",\"subject\":\"fe7dcd01-cda6-46ad-b117-3ac7fd5b6fbe\",\"stock_receipt\":\"\",\"stock_issue\":\"\",\"total_number\":\"0\",\"total_amount\":\"2\",\"total_discount\":\"0\",\"discount\":\"0\",\"discount_percent\":\"0\",\"rate\":\"0\",\"total_amount_rate\":\"2\",\"reference\":\"\",\"reference_by\":\"\",\"payment_status\":0,\"payment\":\"\",\"user\":\"6affb799-6bbf-11ec-a352-309c23e68112\",\"status\":1,\"active\":false,\"created_at\":\"2022-06-21T17:12:03.000000Z\",\"updated_at\":\"2022-06-21T17:12:03.000000Z\",\"detail\":[{\"id\":\"d7e13f0d-ce64-4323-9659-c43d25f64087\",\"general_id\":\"8c3a1f54-f5e2-409f-a4d2-53255c35da23\",\"item_id\":\"\",\"item_code\":\"\",\"description\":\"zz\",\"currency\":\"\",\"unit\":\"\",\"debit\":{\"id\":\"504643fc-5969-4d89-bff0-8be3c7d2b30a\",\"type\":\"eb806569-d6f1-4309-9d38-491aa3092534\",\"code\":\"1111\",\"name\":\"Ti\\u1ec1n Vi\\u1ec7t Nam\",\"name_en\":\"Vietnamese Dong\",\"parent_id\":\"5b39f5a6-b5da-4df8-8e93-4de73797957e\",\"nature\":\"6c10379d-9c3a-11ec-9f9b-b42e9986cd6c\",\"date_start\":\"2020-09-19\",\"date_end\":\"2020-09-19\",\"description\":\"\",\"detail_object\":0,\"detail_bank_account\":0,\"detail_work\":0,\"detail_cost\":0,\"detail_statistical\":0,\"detail_case\":0,\"detail_orders\":0,\"detail_contract\":0,\"detail_depreciation\":0,\"detail_attribution\":0,\"document_id\":\"2f64b191-723e-11ec-80d2-309c23e68112\",\"active\":1,\"created_at\":\"2020-09-19T06:11:40.000000Z\",\"updated_at\":\"2020-09-19T06:11:40.000000Z\"},\"credit\":{\"id\":\"4145f0e0-1730-425f-acdd-3255c4d3881b\",\"type\":\"eb806569-d6f1-4309-9d38-491aa3092534\",\"code\":\"1331\",\"name\":\"Thu\\u1ebf GTGT \\u0111\\u01b0\\u1ee3c kh\\u1ea5u tr\\u1eeb c\\u1ee7a h\\u00e0ng h\\u00f3a, d\\u1ecbch v\\u1ee5\",\"name_en\":\"Deductible VAT of goods and services\",\"parent_id\":\"9b833a58-45db-427b-b915-2843dadc4b20\",\"nature\":\"6c10379d-9c3a-11ec-9f9b-b42e9986cd6c\",\"date_start\":\"2020-09-19\",\"date_end\":\"2020-09-19\",\"description\":\"\",\"detail_object\":0,\"detail_bank_account\":0,\"detail_work\":0,\"detail_cost\":0,\"detail_statistical\":0,\"detail_case\":0,\"detail_orders\":0,\"detail_contract\":0,\"detail_depreciation\":0,\"detail_attribution\":0,\"document_id\":\"2f64b191-723e-11ec-80d2-309c23e68112\",\"active\":1,\"created_at\":\"2020-09-19T06:32:40.000000Z\",\"updated_at\":\"2020-09-19T06:32:40.000000Z\"},\"quantity\":\"0\",\"quantity_receipt\":\"0\",\"price\":\"0\",\"purchase_price\":\"0\",\"amount\":\"2\",\"rate\":\"1\",\"amount_rate\":\"2\",\"purchase_amount\":\"0\",\"lot_number\":\"\",\"expiry_date\":\"22\\/06\\/2022\",\"contract\":\"\",\"order\":\"\",\"discount\":\"0.00\",\"discount_percent\":\"0.00\",\"total_discount\":\"0.00\",\"case_code\":null,\"cost_code\":null,\"statistical_code\":null,\"work_code\":null,\"accounted_fast\":null,\"department\":null,\"bank_account\":null,\"subject_id_debit\":\"\",\"subject_name_debit\":\"\",\"subject_id_credit\":\"0\",\"subject_name_credit\":\"---SELECT---\",\"status\":0,\"active\":false,\"created_at\":\"2022-06-21T17:12:02.000000Z\",\"updated_at\":\"2022-06-21T17:12:02.000000Z\"}],\"tax\":[],\"attach\":[{\"id\":\"d7e13f0d-ce64-4323-9659-c43d25f64087\",\"general_id\":\"8c3a1f54-f5e2-409f-a4d2-53255c35da23\",\"item_id\":\"\",\"item_code\":\"\",\"description\":\"zz\",\"currency\":\"\",\"unit\":\"\",\"debit\":\"504643fc-5969-4d89-bff0-8be3c7d2b30a\",\"credit\":\"4145f0e0-1730-425f-acdd-3255c4d3881b\",\"quantity\":\"0.00\",\"quantity_receipt\":\"0.00\",\"price\":\"0.00\",\"purchase_price\":\"0.00\",\"amount\":\"2.00\",\"rate\":\"1.00\",\"amount_rate\":\"2.00\",\"purchase_amount\":\"0.00\",\"lot_number\":\"\",\"expiry_date\":null,\"contract\":\"\",\"order\":\"\",\"discount\":\"0.00\",\"discount_percent\":\"0.00\",\"total_discount\":\"0.00\",\"case_code\":\"0\",\"cost_code\":\"0\",\"statistical_code\":\"0\",\"work_code\":\"0\",\"accounted_fast\":\"0\",\"department\":\"0\",\"bank_account\":\"0\",\"subject_id_debit\":\"\",\"subject_name_debit\":\"\",\"subject_id_credit\":\"0\",\"subject_name_credit\":\"---SELECT---\",\"status\":0,\"active\":0,\"created_at\":\"2022-06-21T17:12:02.000000Z\",\"updated_at\":\"2022-06-21T17:12:02.000000Z\"}]}', 'cash-receipts-voucher-delete', '2022-06-21 17:12:05', '2022-06-21 17:12:05'),
('0923d918-57d8-4d05-bca9-79434d250dca', 3, '6affb799-6bbf-11ec-a352-309c23e68112', 'ee25fc75-8334-11ec-8b82-b42e9986cd6c', '{\"id\":\"8c3a1f54-f5e2-409f-a4d2-53255c35da23\",\"type\":1,\"currency\":\"0\",\"stock_id\":\"\",\"voucher\":\"PT071\",\"description\":\"zz\",\"voucher_date\":\"2022-06-22\",\"accounting_date\":\"2022-06-22\",\"traders\":\"\",\"subject\":\"fe7dcd01-cda6-46ad-b117-3ac7fd5b6fbe\",\"stock_receipt\":\"\",\"stock_issue\":\"\",\"total_number\":\"0\",\"total_amount\":\"2\",\"total_discount\":\"0\",\"discount\":\"0\",\"discount_percent\":\"0\",\"rate\":\"0\",\"total_amount_rate\":\"2\",\"reference\":\"\",\"reference_by\":\"\",\"payment_status\":0,\"payment\":\"\",\"user\":\"6affb799-6bbf-11ec-a352-309c23e68112\",\"status\":1,\"active\":true,\"created_at\":\"2022-06-21T17:12:02.000000Z\",\"updated_at\":\"2022-06-21T17:12:02.000000Z\"}', 'cash-receipts-voucher-unwrite', '2022-06-21 17:12:03', '2022-06-21 17:12:03'),
('0c2d74dd-11a9-474d-9c1c-bed8433d383c', 5, '6affb799-6bbf-11ec-a352-309c23e68112', '5b61b5e3-f451-4d71-9036-fc627290246c', '{\"action\":\"import\",\"com\":\"9aecf6c6-827d-11ec-aea9-b42e9986cd6c\",\"key\":\"count-voucher\",\"0\":[{\"id\":\"0240a9b7-0d84-48a3-8d95-5ccd5dc4f6bb\",\"number_voucher\":\"adbbf485-e85b-4a1c-8455-043bbd86e8b6\",\"format\":\"DDX\",\"day\":\"15\",\"month\":\"2\",\"year\":\"1988\",\"number\":1,\"length_number\":1,\"active\":1,\"created_at\":\"2024-10-28T13:44:31.000000Z\",\"updated_at\":\"2024-10-28T13:44:31.000000Z\",\"row_number\":2},{\"id\":\"3995b78b-6d96-4d48-9a7e-05aaa3084f6c\",\"number_voucher\":\"adbbf485-e85b-4a1c-8455-043bbd86e8b6\",\"format\":\"DD-X\",\"day\":\"28\",\"month\":\"10\",\"year\":\"2024\",\"number\":1,\"length_number\":1,\"active\":1,\"created_at\":\"2024-10-28T13:26:54.000000Z\",\"updated_at\":\"2024-10-28T13:26:54.000000Z\",\"row_number\":1}]}', 'count-voucher-import', '2024-10-28 13:44:31', '2024-10-28 13:44:31'),
('0dd0d1dd-ef86-4eb4-b362-2892a3512560', 2, '6affb799-6bbf-11ec-a352-309c23e68112', 'ee25fe47-8334-11ec-8b82-b42e9986cd6c', '{\"currency\":\"0\",\"accounted_auto\":\"0\",\"subject_id\":\"fe7dcd01-cda6-46ad-b117-3ac7fd5b6fbe\",\"code\":\"abc\",\"name\":\"zz\",\"traders\":\"zz\",\"rate\":0,\"description\":\"test\",\"accounting_date\":\"2024-10-30\",\"reference\":\"\",\"voucher_date\":\"2024-10-30\",\"voucher\":\"PTYYYYMMxxx\",\"automatic_ai\":\"\",\"detail\":[{\"id\":\"3af294d0-3c81-449e-b2fa-f26d9a97821a\",\"description\":\"Nh\\u00f3m t\\u00e0i kho\\u1ea3n kho\",\"amount\":20000,\"rate\":1,\"amount_rate\":20000,\"case_code\":{\"id\":0,\"code\":\"---SELECT---\",\"name\":\"---SELECT---\"},\"cost_code\":{\"id\":0,\"code\":\"---SELECT---\",\"name\":\"---SELECT---\"},\"statistical_code\":{\"id\":0,\"code\":\"---SELECT---\",\"name\":\"---SELECT---\"},\"subject_code\":{\"id\":0,\"code\":\"---SELECT---\",\"name\":\"---SELECT---\"},\"work_code\":{\"id\":0,\"code\":\"---SELECT---\",\"name\":\"---SELECT---\"},\"department\":{\"id\":0,\"code\":\"---SELECT---\",\"name\":\"---SELECT---\"},\"bank_account\":{\"id\":0,\"code\":\"---SELECT---\",\"name\":\"---SELECT---\"},\"debit\":{\"id\":\"9974dc26-ca54-4275-bada-533e93bbbb8d\",\"code\":\"1112\",\"name\":\"1111\"},\"credit\":{\"id\":\"b954255d-9367-482d-b615-80e302db45aa\",\"code\":\"5113\",\"name\":\"Revenue from services rendered\",\"object\":0,\"bank_account\":0,\"work_code\":0,\"cost_code\":0,\"case_code\":0,\"statistical_code\":0,\"order\":0,\"contract\":0,\"depreciation\":0,\"attribution\":0},\"accounted_fast\":{\"id\":\"12b0d545-524f-47c5-942f-74dd4cc814da\",\"code\":\"KH\",\"name\":\"Nh\\u00f3m t\\u00e0i kho\\u1ea3n kho\",\"description\":\"Nh\\u00f3m t\\u00e0i kho\\u1ea3n kho\",\"debit\":\"9974dc26-ca54-4275-bada-533e93bbbb8d\",\"credit\":\"0\",\"subject_code\":\"1\",\"case_code\":\"0\",\"cost_code\":\"0\",\"statistical_code\":\"0\",\"work_code\":\"0\",\"department\":\"0\",\"bank_account\":\"0\",\"accounted_fast\":null},\"lot_number\":\"\",\"contract\":\"\",\"order\":\"\",\"address\":null,\"invoice_form\":null,\"invoice_symbol\":null}],\"tax\":[],\"reference_by\":{},\"total_number\":0,\"total_amount\":\"20000\",\"total_amount_rate\":\"20000\",\"id\":null}', 'cash-receipts-voucher-save', '2024-10-30 14:24:19', '2024-10-30 14:24:19'),
('0e43404d-0c2e-45ea-827d-e44fcfe10e75', 2, '6affb799-6bbf-11ec-a352-309c23e68112', 'ee250263-8334-11ec-8b82-b42e9986cd6c', '{\"company_id\":\"9aecf6c6-827d-11ec-aea9-b42e9986cd6c\",\"code\":\"zz\",\"name\":\"zz\",\"active\":1,\"id\":\"35c6153b-e2ee-40f5-86ab-932e12dde35f\",\"updated_at\":\"2022-06-12T17:01:06.000000Z\",\"created_at\":\"2022-06-12T17:01:06.000000Z\"}', 'group-users-save', '2022-06-12 17:01:06', '2022-06-12 17:01:06'),
('10b66c7c-12c6-424a-80a2-091968f9ac34', 2, '6affb799-6bbf-11ec-a352-309c23e68112', 'ee25fe47-8334-11ec-8b82-b42e9986cd6c', '{\"currency\":\"0\",\"accounted_auto\":\"0\",\"subject_id\":\"fe7dcd01-cda6-46ad-b117-3ac7fd5b6fbe\",\"code\":\"abc\",\"name\":\"zz\",\"traders\":\"\",\"rate\":0,\"description\":\"tesst\",\"accounting_date\":\"2024-10-31\",\"reference\":\"\",\"voucher_date\":\"2024-10-31\",\"voucher\":\"PTYYYYMMxxx\",\"automatic_ai\":\"\",\"detail\":[{\"id\":\"93ce2124-4afc-4d7b-b5b7-9bd2887a9f34\",\"description\":\"Nh\\u00f3m t\\u00e0i kho\\u1ea3n kho\",\"amount\":20000,\"rate\":1,\"amount_rate\":20000,\"case_code\":{\"id\":0,\"code\":\"---SELECT---\",\"name\":\"---SELECT---\"},\"cost_code\":{\"id\":0,\"code\":\"---SELECT---\",\"name\":\"---SELECT---\"},\"statistical_code\":{\"id\":0,\"code\":\"---SELECT---\",\"name\":\"---SELECT---\"},\"subject_code\":{\"id\":0,\"code\":\"---SELECT---\",\"name\":\"---SELECT---\"},\"work_code\":{\"id\":0,\"code\":\"---SELECT---\",\"name\":\"---SELECT---\"},\"department\":{\"id\":0,\"code\":\"---SELECT---\",\"name\":\"---SELECT---\"},\"bank_account\":{\"id\":0,\"code\":\"---SELECT---\",\"name\":\"---SELECT---\"},\"debit\":{\"id\":\"9974dc26-ca54-4275-bada-533e93bbbb8d\",\"code\":\"1112\",\"name\":\"1111\"},\"credit\":{\"id\":\"310aa3cf-674f-4080-88d3-a3ec5362f335\",\"code\":\"141\",\"name\":\"Advances\",\"object\":0,\"bank_account\":0,\"work_code\":0,\"cost_code\":0,\"case_code\":0,\"statistical_code\":0,\"order\":0,\"contract\":0,\"depreciation\":0,\"attribution\":0},\"accounted_fast\":{\"id\":\"12b0d545-524f-47c5-942f-74dd4cc814da\",\"code\":\"KH\",\"name\":\"Nh\\u00f3m t\\u00e0i kho\\u1ea3n kho\",\"description\":\"Nh\\u00f3m t\\u00e0i kho\\u1ea3n kho\",\"debit\":\"9974dc26-ca54-4275-bada-533e93bbbb8d\",\"credit\":\"0\",\"subject_code\":\"1\",\"case_code\":\"0\",\"cost_code\":\"0\",\"statistical_code\":\"0\",\"work_code\":\"0\",\"department\":\"0\",\"bank_account\":\"0\",\"accounted_fast\":null},\"lot_number\":\"\",\"contract\":\"\",\"order\":\"\",\"address\":null,\"invoice_form\":null,\"invoice_symbol\":null}],\"tax\":[],\"reference_by\":{},\"total_number\":0,\"total_amount\":\"20000\",\"total_amount_rate\":\"20000\",\"id\":null}', 'cash-receipts-voucher-save', '2024-10-31 14:05:45', '2024-10-31 14:05:45'),
('115b1d22-2e76-47c2-bd0d-0d7cd56bc016', 4, '6affb799-6bbf-11ec-a352-309c23e68112', 'ee25fe47-8334-11ec-8b82-b42e9986cd6c', '{\"id\":\"2e8b860b-5a2a-4dac-b6ab-2f85c7e96b80\",\"type\":1,\"currency\":\"0\",\"stock_id\":\"\",\"voucher\":\"PT066\",\"description\":\"321\",\"voucher_date\":\"2022-06-21\",\"accounting_date\":\"2022-06-21\",\"traders\":\"\",\"subject\":\"fe7dcd01-cda6-46ad-b117-3ac7fd5b6fbe\",\"stock_receipt\":\"\",\"stock_issue\":\"\",\"total_number\":\"0\",\"total_amount\":\"1000\",\"total_discount\":\"0\",\"discount\":\"0\",\"discount_percent\":\"0\",\"rate\":\"0\",\"total_amount_rate\":\"1000\",\"reference\":\"\",\"reference_by\":\"\",\"payment_status\":0,\"payment\":\"\",\"user\":\"6affb799-6bbf-11ec-a352-309c23e68112\",\"status\":1,\"active\":false,\"created_at\":\"2022-06-21T16:29:47.000000Z\",\"updated_at\":\"2022-06-21T16:29:47.000000Z\",\"detail\":[{\"id\":\"0a2465b6-b2ba-48f2-9fa1-c08b9c45988c\",\"general_id\":\"2e8b860b-5a2a-4dac-b6ab-2f85c7e96b80\",\"item_id\":\"\",\"item_code\":\"\",\"description\":\"321\",\"currency\":\"\",\"unit\":\"\",\"debit\":{\"id\":\"504643fc-5969-4d89-bff0-8be3c7d2b30a\",\"type\":\"eb806569-d6f1-4309-9d38-491aa3092534\",\"code\":\"1111\",\"name\":\"Ti\\u1ec1n Vi\\u1ec7t Nam\",\"name_en\":\"Vietnamese Dong\",\"parent_id\":\"5b39f5a6-b5da-4df8-8e93-4de73797957e\",\"nature\":\"6c10379d-9c3a-11ec-9f9b-b42e9986cd6c\",\"date_start\":\"2020-09-19\",\"date_end\":\"2020-09-19\",\"description\":\"\",\"detail_object\":0,\"detail_bank_account\":0,\"detail_work\":0,\"detail_cost\":0,\"detail_statistical\":0,\"detail_case\":0,\"detail_orders\":0,\"detail_contract\":0,\"detail_depreciation\":0,\"detail_attribution\":0,\"document_id\":\"2f64b191-723e-11ec-80d2-309c23e68112\",\"active\":1,\"created_at\":\"2020-09-19T06:11:40.000000Z\",\"updated_at\":\"2020-09-19T06:11:40.000000Z\"},\"credit\":{\"id\":\"310aa3cf-674f-4080-88d3-a3ec5362f335\",\"type\":\"eb806569-d6f1-4309-9d38-491aa3092534\",\"code\":\"141\",\"name\":\"T\\u1ea1m \\u1ee9ng\",\"name_en\":\"Advances\",\"parent_id\":null,\"nature\":\"6c10379d-9c3a-11ec-9f9b-b42e9986cd6c\",\"date_start\":\"2020-09-19\",\"date_end\":\"2020-09-19\",\"description\":\"\",\"detail_object\":0,\"detail_bank_account\":0,\"detail_work\":0,\"detail_cost\":0,\"detail_statistical\":0,\"detail_case\":0,\"detail_orders\":0,\"detail_contract\":0,\"detail_depreciation\":0,\"detail_attribution\":0,\"document_id\":\"2f64b191-723e-11ec-80d2-309c23e68112\",\"active\":1,\"created_at\":\"2020-09-19T06:43:40.000000Z\",\"updated_at\":\"2020-09-19T06:43:40.000000Z\"},\"quantity\":\"0\",\"quantity_receipt\":\"0\",\"price\":\"0\",\"purchase_price\":\"0\",\"amount\":\"1000\",\"rate\":\"1\",\"amount_rate\":\"1000\",\"purchase_amount\":\"0\",\"lot_number\":\"\",\"expiry_date\":\"21\\/06\\/2022\",\"contract\":\"\",\"order\":\"\",\"discount\":\"0.00\",\"discount_percent\":\"0.00\",\"total_discount\":\"0.00\",\"case_code\":null,\"cost_code\":null,\"statistical_code\":null,\"work_code\":null,\"accounted_fast\":{\"id\":\"49cd4e94-c290-4639-9e23-83fdc6ef2edd\",\"code\":\"CP\",\"name\":\"Nh\\u00f3m t\\u00e0i kho\\u1ea3n chi ph\\u00ed\",\"debit\":\"3\",\"credit\":\"235\",\"subject_debit\":\"0\",\"subject_credit\":\"0\",\"case_code\":\"0\",\"cost_code\":\"0\",\"statistical_code\":\"0\",\"work_code\":\"0\",\"department\":\"0\",\"bank_account\":\"0\",\"active\":1,\"created_at\":\"2020-09-19T09:36:29.000000Z\",\"updated_at\":\"2021-06-12T05:04:17.000000Z\"},\"department\":null,\"bank_account\":null,\"subject_id_debit\":\"\",\"subject_name_debit\":\"\",\"subject_id_credit\":\"0\",\"subject_name_credit\":\"---SELECT---\",\"status\":0,\"active\":false,\"created_at\":\"2022-06-21T16:29:45.000000Z\",\"updated_at\":\"2022-06-21T16:29:45.000000Z\"}],\"tax\":[],\"attach\":[{\"id\":\"0a2465b6-b2ba-48f2-9fa1-c08b9c45988c\",\"general_id\":\"2e8b860b-5a2a-4dac-b6ab-2f85c7e96b80\",\"item_id\":\"\",\"item_code\":\"\",\"description\":\"321\",\"currency\":\"\",\"unit\":\"\",\"debit\":\"504643fc-5969-4d89-bff0-8be3c7d2b30a\",\"credit\":\"310aa3cf-674f-4080-88d3-a3ec5362f335\",\"quantity\":\"0.00\",\"quantity_receipt\":\"0.00\",\"price\":\"0.00\",\"purchase_price\":\"0.00\",\"amount\":\"1000.00\",\"rate\":\"1.00\",\"amount_rate\":\"1000.00\",\"purchase_amount\":\"0.00\",\"lot_number\":\"\",\"expiry_date\":null,\"contract\":\"\",\"order\":\"\",\"discount\":\"0.00\",\"discount_percent\":\"0.00\",\"total_discount\":\"0.00\",\"case_code\":\"0\",\"cost_code\":\"0\",\"statistical_code\":\"0\",\"work_code\":\"0\",\"accounted_fast\":\"49cd4e94-c290-4639-9e23-83fdc6ef2edd\",\"department\":\"0\",\"bank_account\":\"0\",\"subject_id_debit\":\"\",\"subject_name_debit\":\"\",\"subject_id_credit\":\"0\",\"subject_name_credit\":\"---SELECT---\",\"status\":0,\"active\":0,\"created_at\":\"2022-06-21T16:29:45.000000Z\",\"updated_at\":\"2022-06-21T16:29:45.000000Z\"}]}', 'cash-receipts-voucher-delete', '2022-06-21 16:29:49', '2022-06-21 16:29:49'),
('11f9d071-d2df-4432-9bb4-911c95c61e74', 3, '6affb799-6bbf-11ec-a352-309c23e68112', 'ee25fc75-8334-11ec-8b82-b42e9986cd6c', '{\"id\":\"cc7bf8a0-3c8d-4f3a-832a-3d7a40fdf105\",\"type\":1,\"currency\":\"0\",\"stock_id\":\"\",\"voucher\":\"PT063\",\"description\":\"test description 21\\/06\\/2022\",\"voucher_date\":\"2022-06-21\",\"accounting_date\":\"2022-06-21\",\"traders\":\"\",\"subject\":\"fe7dcd01-cda6-46ad-b117-3ac7fd5b6fbe\",\"stock_receipt\":\"\",\"stock_issue\":\"\",\"total_number\":\"0\",\"total_amount\":\"400000\",\"total_discount\":\"0\",\"discount\":\"0\",\"discount_percent\":\"0\",\"rate\":\"1\",\"total_amount_rate\":\"400000\",\"reference\":\"\",\"reference_by\":\"\",\"payment_status\":0,\"payment\":\"\",\"user\":\"6affb799-6bbf-11ec-a352-309c23e68112\",\"status\":1,\"active\":true,\"created_at\":\"2022-06-21T15:59:28.000000Z\",\"updated_at\":\"2022-06-21T15:59:28.000000Z\"}', 'cash-receipts-voucher-unwrite', '2022-06-21 15:59:31', '2022-06-21 15:59:31'),
('120b8f4f-7dc8-4ed1-8594-fc731eff2382', 4, '6affb799-6bbf-11ec-a352-309c23e68112', '5b61b5e3-f451-4d71-9036-fc627290246c', '{\"id\":\"9c8f3d88-3a89-47b9-928f-0712042619fe\",\"number_voucher\":\"ee25fe47-8334-11ec-8b82-b42e9986cd6c\",\"format\":\"YY\",\"day\":\"14\",\"month\":\"11\",\"year\":\"2023\",\"number\":1,\"length_number\":1,\"active\":1,\"created_at\":\"2023-11-14T11:52:35.000000Z\",\"updated_at\":\"2023-11-14T11:52:35.000000Z\"}', 'number-format-delete', '2023-11-14 14:31:11', '2023-11-14 14:31:11'),
('163a4d39-1159-4db5-95c0-781631205078', 2, '6affb799-6bbf-11ec-a352-309c23e68112', 'ee25fe47-8334-11ec-8b82-b42e9986cd6c', '{\"currency\":\"0\",\"accounted_auto\":\"0\",\"subject_id\":\"fe7dcd01-cda6-46ad-b117-3ac7fd5b6fbe\",\"code\":\"abc\",\"name\":\"zz\",\"traders\":\"dsa\",\"rate\":0,\"description\":\"dsa\",\"accounting_date\":\"2024-10-30\",\"reference\":\"\",\"voucher_date\":\"2024-10-30\",\"voucher\":\"PTYYYYMMxxx\",\"automatic_ai\":\"\",\"detail\":[{\"id\":\"ef7083b7-4cf7-4cba-836d-ce488e0196f6\",\"description\":\"Nh\\u00f3m t\\u00e0i kho\\u1ea3n doanh thu\",\"amount\":20000,\"rate\":1,\"amount_rate\":20000,\"case_code\":{\"id\":0,\"code\":\"---SELECT---\",\"name\":\"---SELECT---\"},\"cost_code\":{\"id\":0,\"code\":\"---SELECT---\",\"name\":\"---SELECT---\"},\"statistical_code\":{\"id\":0,\"code\":\"---SELECT---\",\"name\":\"---SELECT---\"},\"subject_code\":{\"id\":0,\"code\":\"---SELECT---\",\"name\":\"---SELECT---\"},\"work_code\":{\"id\":0,\"code\":\"---SELECT---\",\"name\":\"---SELECT---\"},\"department\":{\"id\":0,\"code\":\"---SELECT---\",\"name\":\"---SELECT---\"},\"bank_account\":{\"id\":0,\"code\":\"---SELECT---\",\"name\":\"---SELECT---\"},\"debit\":{\"id\":\"9974dc26-ca54-4275-bada-533e93bbbb8d\",\"code\":\"1112\",\"name\":\"Foreign currencies\",\"object\":0,\"bank_account\":0,\"work_code\":0,\"cost_code\":0,\"case_code\":0,\"statistical_code\":0,\"order\":0,\"contract\":0,\"depreciation\":0,\"attribution\":0},\"credit\":{\"id\":\"ac6fb29a-e1fc-4b43-8d81-c076fc863628\",\"code\":\"5111\",\"name\":\"Revenue from sales of merchandises\",\"object\":0,\"bank_account\":0,\"work_code\":0,\"cost_code\":0,\"case_code\":0,\"statistical_code\":0,\"order\":0,\"contract\":0,\"depreciation\":0,\"attribution\":0},\"accounted_fast\":{\"id\":\"c49f4326-7a23-4c58-bbbe-21aebcc82e6d\",\"code\":\"DT\",\"name\":\"Nh\\u00f3m t\\u00e0i kho\\u1ea3n doanh thu\",\"description\":\"Nh\\u00f3m t\\u00e0i kho\\u1ea3n doanh thu\",\"debit\":\"2\",\"credit\":\"235\",\"subject_code\":\"0\",\"case_code\":\"2\",\"cost_code\":\"0\",\"statistical_code\":\"0\",\"work_code\":\"0\",\"department\":\"0\",\"bank_account\":\"0\",\"accounted_fast\":null},\"lot_number\":\"\",\"contract\":\"\",\"order\":\"\",\"address\":null,\"invoice_form\":null,\"invoice_symbol\":null}],\"tax\":[],\"reference_by\":{},\"total_number\":0,\"total_amount\":\"20000\",\"total_amount_rate\":\"20000\",\"id\":null}', 'cash-receipts-voucher-save', '2024-10-30 15:01:58', '2024-10-30 15:01:58'),
('16a9c895-2a60-49f7-a79f-7622bf1cc1e1', 4, '6affb799-6bbf-11ec-a352-309c23e68112', 'ee25fe47-8334-11ec-8b82-b42e9986cd6c', '{\"id\":\"c4792dff-c501-421f-b91d-b0fbc42d330a\",\"type\":1,\"currency\":\"0\",\"stock_id\":\"\",\"voucher\":\"PT064\",\"description\":\"test description 21\\/06\\/2022\",\"voucher_date\":\"2022-06-21\",\"accounting_date\":\"2022-06-21\",\"traders\":\"\",\"subject\":\"fe7dcd01-cda6-46ad-b117-3ac7fd5b6fbe\",\"stock_receipt\":\"\",\"stock_issue\":\"\",\"total_number\":\"0\",\"total_amount\":\"200000\",\"total_discount\":\"0\",\"discount\":\"0\",\"discount_percent\":\"0\",\"rate\":\"0\",\"total_amount_rate\":\"200000\",\"reference\":\"\",\"reference_by\":\"\",\"payment_status\":0,\"payment\":\"\",\"user\":\"6affb799-6bbf-11ec-a352-309c23e68112\",\"status\":1,\"active\":false,\"created_at\":\"2022-06-21T16:02:19.000000Z\",\"updated_at\":\"2022-06-21T16:02:19.000000Z\",\"detail\":[{\"id\":\"481e74da-a966-4466-9cc3-cbd3c5baeb52\",\"general_id\":\"c4792dff-c501-421f-b91d-b0fbc42d330a\",\"item_id\":\"\",\"item_code\":\"\",\"description\":\"Nh\\u00f3m t\\u00e0i kho\\u1ea3n doanh thu\",\"currency\":\"\",\"unit\":\"\",\"debit\":{\"id\":\"504643fc-5969-4d89-bff0-8be3c7d2b30a\",\"type\":\"eb806569-d6f1-4309-9d38-491aa3092534\",\"code\":\"1111\",\"name\":\"Ti\\u1ec1n Vi\\u1ec7t Nam\",\"name_en\":\"Vietnamese Dong\",\"parent_id\":\"5b39f5a6-b5da-4df8-8e93-4de73797957e\",\"nature\":\"6c10379d-9c3a-11ec-9f9b-b42e9986cd6c\",\"date_start\":\"2020-09-19\",\"date_end\":\"2020-09-19\",\"description\":\"\",\"detail_object\":0,\"detail_bank_account\":0,\"detail_work\":0,\"detail_cost\":0,\"detail_statistical\":0,\"detail_case\":0,\"detail_orders\":0,\"detail_contract\":0,\"detail_depreciation\":0,\"detail_attribution\":0,\"document_id\":\"2f64b191-723e-11ec-80d2-309c23e68112\",\"active\":1,\"created_at\":\"2020-09-19T06:11:40.000000Z\",\"updated_at\":\"2020-09-19T06:11:40.000000Z\"},\"credit\":{\"id\":\"310aa3cf-674f-4080-88d3-a3ec5362f335\",\"type\":\"eb806569-d6f1-4309-9d38-491aa3092534\",\"code\":\"141\",\"name\":\"T\\u1ea1m \\u1ee9ng\",\"name_en\":\"Advances\",\"parent_id\":null,\"nature\":\"6c10379d-9c3a-11ec-9f9b-b42e9986cd6c\",\"date_start\":\"2020-09-19\",\"date_end\":\"2020-09-19\",\"description\":\"\",\"detail_object\":0,\"detail_bank_account\":0,\"detail_work\":0,\"detail_cost\":0,\"detail_statistical\":0,\"detail_case\":0,\"detail_orders\":0,\"detail_contract\":0,\"detail_depreciation\":0,\"detail_attribution\":0,\"document_id\":\"2f64b191-723e-11ec-80d2-309c23e68112\",\"active\":1,\"created_at\":\"2020-09-19T06:43:40.000000Z\",\"updated_at\":\"2020-09-19T06:43:40.000000Z\"},\"quantity\":\"0\",\"quantity_receipt\":\"0\",\"price\":\"0\",\"purchase_price\":\"0\",\"amount\":\"200000\",\"rate\":\"1\",\"amount_rate\":\"200000\",\"purchase_amount\":\"0\",\"lot_number\":\"\",\"expiry_date\":\"21\\/06\\/2022\",\"contract\":\"\",\"order\":\"\",\"discount\":\"0.00\",\"discount_percent\":\"0.00\",\"total_discount\":\"0.00\",\"case_code\":null,\"cost_code\":null,\"statistical_code\":null,\"work_code\":null,\"accounted_fast\":{\"id\":\"c49f4326-7a23-4c58-bbbe-21aebcc82e6d\",\"code\":\"DT\",\"name\":\"Nh\\u00f3m t\\u00e0i kho\\u1ea3n doanh thu\",\"debit\":\"2\",\"credit\":\"235\",\"subject_debit\":\"0\",\"subject_credit\":\"0\",\"case_code\":\"2\",\"cost_code\":\"0\",\"statistical_code\":\"0\",\"work_code\":\"0\",\"department\":\"0\",\"bank_account\":\"0\",\"active\":1,\"created_at\":\"2020-09-19T09:29:37.000000Z\",\"updated_at\":\"2021-06-12T10:16:54.000000Z\"},\"department\":null,\"bank_account\":null,\"subject_id_debit\":\"\",\"subject_name_debit\":\"\",\"subject_id_credit\":\"0\",\"subject_name_credit\":\"---SELECT---\",\"status\":0,\"active\":false,\"created_at\":\"2022-06-21T16:02:16.000000Z\",\"updated_at\":\"2022-06-21T16:02:16.000000Z\"}],\"tax\":[],\"attach\":[{\"id\":\"481e74da-a966-4466-9cc3-cbd3c5baeb52\",\"general_id\":\"c4792dff-c501-421f-b91d-b0fbc42d330a\",\"item_id\":\"\",\"item_code\":\"\",\"description\":\"Nh\\u00f3m t\\u00e0i kho\\u1ea3n doanh thu\",\"currency\":\"\",\"unit\":\"\",\"debit\":\"504643fc-5969-4d89-bff0-8be3c7d2b30a\",\"credit\":\"310aa3cf-674f-4080-88d3-a3ec5362f335\",\"quantity\":\"0.00\",\"quantity_receipt\":\"0.00\",\"price\":\"0.00\",\"purchase_price\":\"0.00\",\"amount\":\"200000.00\",\"rate\":\"1.00\",\"amount_rate\":\"200000.00\",\"purchase_amount\":\"0.00\",\"lot_number\":\"\",\"expiry_date\":null,\"contract\":\"\",\"order\":\"\",\"discount\":\"0.00\",\"discount_percent\":\"0.00\",\"total_discount\":\"0.00\",\"case_code\":\"0\",\"cost_code\":\"0\",\"statistical_code\":\"0\",\"work_code\":\"0\",\"accounted_fast\":\"c49f4326-7a23-4c58-bbbe-21aebcc82e6d\",\"department\":\"0\",\"bank_account\":\"0\",\"subject_id_debit\":\"\",\"subject_name_debit\":\"\",\"subject_id_credit\":\"0\",\"subject_name_credit\":\"---SELECT---\",\"status\":0,\"active\":0,\"created_at\":\"2022-06-21T16:02:16.000000Z\",\"updated_at\":\"2022-06-21T16:02:16.000000Z\"}]}', 'cash-receipts-voucher-delete', '2022-06-21 16:02:21', '2022-06-21 16:02:21'),
('18742286-73e9-4c0b-9692-46d6341ada43', 4, '6affb799-6bbf-11ec-a352-309c23e68112', 'ee25fe47-8334-11ec-8b82-b42e9986cd6c', '{\"id\":\"d932f6ff-0bca-495a-8293-27b090582853\",\"type\":1,\"currency\":\"0\",\"stock_id\":\"\",\"voucher\":\"PT062\",\"description\":\"test description zz 21\\/06\\/2022\",\"voucher_date\":\"2022-06-21\",\"accounting_date\":\"2022-06-21\",\"traders\":\"\",\"subject\":\"fe7dcd01-cda6-46ad-b117-3ac7fd5b6fbe\",\"stock_receipt\":\"\",\"stock_issue\":\"\",\"total_number\":\"0\",\"total_amount\":\"20000\",\"total_discount\":\"0\",\"discount\":\"0\",\"discount_percent\":\"0\",\"rate\":\"0\",\"total_amount_rate\":\"20000\",\"reference\":\"\",\"reference_by\":\"\",\"payment_status\":0,\"payment\":\"\",\"user\":\"6affb799-6bbf-11ec-a352-309c23e68112\",\"status\":1,\"active\":false,\"created_at\":\"2022-06-21T15:22:46.000000Z\",\"updated_at\":\"2022-06-21T15:22:46.000000Z\",\"detail\":[{\"id\":\"35b62d09-805d-4646-8576-9094ac86223d\",\"general_id\":\"d932f6ff-0bca-495a-8293-27b090582853\",\"item_id\":\"\",\"item_code\":\"\",\"description\":\"Nh\\u00f3m t\\u00e0i kho\\u1ea3n chi ph\\u00ed\",\"currency\":\"\",\"unit\":\"\",\"debit\":{\"id\":\"9974dc26-ca54-4275-bada-533e93bbbb8d\",\"type\":\"eb806569-d6f1-4309-9d38-491aa3092534\",\"code\":\"1112\",\"name\":\"Ngo\\u1ea1i t\\u1ec7\",\"name_en\":\"Foreign currencies\",\"parent_id\":\"5b39f5a6-b5da-4df8-8e93-4de73797957e\",\"nature\":\"6c10379d-9c3a-11ec-9f9b-b42e9986cd6c\",\"date_start\":\"2020-09-19\",\"date_end\":\"2020-09-19\",\"description\":\"\",\"detail_object\":0,\"detail_bank_account\":0,\"detail_work\":0,\"detail_cost\":0,\"detail_statistical\":0,\"detail_case\":0,\"detail_orders\":0,\"detail_contract\":0,\"detail_depreciation\":0,\"detail_attribution\":0,\"document_id\":\"2f64b191-723e-11ec-80d2-309c23e68112\",\"active\":1,\"created_at\":\"2020-09-19T06:12:40.000000Z\",\"updated_at\":\"2020-09-19T06:12:40.000000Z\"},\"credit\":{\"id\":\"4145f0e0-1730-425f-acdd-3255c4d3881b\",\"type\":\"eb806569-d6f1-4309-9d38-491aa3092534\",\"code\":\"1331\",\"name\":\"Thu\\u1ebf GTGT \\u0111\\u01b0\\u1ee3c kh\\u1ea5u tr\\u1eeb c\\u1ee7a h\\u00e0ng h\\u00f3a, d\\u1ecbch v\\u1ee5\",\"name_en\":\"Deductible VAT of goods and services\",\"parent_id\":\"9b833a58-45db-427b-b915-2843dadc4b20\",\"nature\":\"6c10379d-9c3a-11ec-9f9b-b42e9986cd6c\",\"date_start\":\"2020-09-19\",\"date_end\":\"2020-09-19\",\"description\":\"\",\"detail_object\":0,\"detail_bank_account\":0,\"detail_work\":0,\"detail_cost\":0,\"detail_statistical\":0,\"detail_case\":0,\"detail_orders\":0,\"detail_contract\":0,\"detail_depreciation\":0,\"detail_attribution\":0,\"document_id\":\"2f64b191-723e-11ec-80d2-309c23e68112\",\"active\":1,\"created_at\":\"2020-09-19T06:32:40.000000Z\",\"updated_at\":\"2020-09-19T06:32:40.000000Z\"},\"quantity\":\"0\",\"quantity_receipt\":\"0\",\"price\":\"0\",\"purchase_price\":\"0\",\"amount\":\"20000\",\"rate\":\"1\",\"amount_rate\":\"20000\",\"purchase_amount\":\"0\",\"lot_number\":\"\",\"expiry_date\":\"21\\/06\\/2022\",\"contract\":\"\",\"order\":\"\",\"discount\":\"0.00\",\"discount_percent\":\"0.00\",\"total_discount\":\"0.00\",\"case_code\":null,\"cost_code\":null,\"statistical_code\":null,\"work_code\":null,\"accounted_fast\":{\"id\":\"49cd4e94-c290-4639-9e23-83fdc6ef2edd\",\"code\":\"CP\",\"name\":\"Nh\\u00f3m t\\u00e0i kho\\u1ea3n chi ph\\u00ed\",\"debit\":\"3\",\"credit\":\"235\",\"subject_debit\":\"0\",\"subject_credit\":\"0\",\"case_code\":\"0\",\"cost_code\":\"0\",\"statistical_code\":\"0\",\"work_code\":\"0\",\"department\":\"0\",\"bank_account\":\"0\",\"active\":1,\"created_at\":\"2020-09-19T09:36:29.000000Z\",\"updated_at\":\"2021-06-12T05:04:17.000000Z\"},\"department\":null,\"bank_account\":null,\"subject_id_debit\":\"\",\"subject_name_debit\":\"\",\"subject_id_credit\":\"0\",\"subject_name_credit\":\"---SELECT---\",\"status\":0,\"active\":false,\"created_at\":\"2022-06-21T15:22:22.000000Z\",\"updated_at\":\"2022-06-21T15:22:22.000000Z\"}],\"tax\":[],\"attach\":[{\"id\":\"35b62d09-805d-4646-8576-9094ac86223d\",\"general_id\":\"d932f6ff-0bca-495a-8293-27b090582853\",\"item_id\":\"\",\"item_code\":\"\",\"description\":\"Nh\\u00f3m t\\u00e0i kho\\u1ea3n chi ph\\u00ed\",\"currency\":\"\",\"unit\":\"\",\"debit\":\"9974dc26-ca54-4275-bada-533e93bbbb8d\",\"credit\":\"4145f0e0-1730-425f-acdd-3255c4d3881b\",\"quantity\":\"0.00\",\"quantity_receipt\":\"0.00\",\"price\":\"0.00\",\"purchase_price\":\"0.00\",\"amount\":\"20000.00\",\"rate\":\"1.00\",\"amount_rate\":\"20000.00\",\"purchase_amount\":\"0.00\",\"lot_number\":\"\",\"expiry_date\":null,\"contract\":\"\",\"order\":\"\",\"discount\":\"0.00\",\"discount_percent\":\"0.00\",\"total_discount\":\"0.00\",\"case_code\":\"0\",\"cost_code\":\"0\",\"statistical_code\":\"0\",\"work_code\":\"0\",\"accounted_fast\":\"49cd4e94-c290-4639-9e23-83fdc6ef2edd\",\"department\":\"0\",\"bank_account\":\"0\",\"subject_id_debit\":\"\",\"subject_name_debit\":\"\",\"subject_id_credit\":\"0\",\"subject_name_credit\":\"---SELECT---\",\"status\":0,\"active\":0,\"created_at\":\"2022-06-21T15:22:22.000000Z\",\"updated_at\":\"2022-06-21T15:22:22.000000Z\"}]}', 'cash-receipts-voucher-delete', '2022-06-21 15:56:46', '2022-06-21 15:56:46'),
('1927544c-e6c1-43fb-894b-50e1a5a8c260', 4, '6affb799-6bbf-11ec-a352-309c23e68112', 'ee25fe47-8334-11ec-8b82-b42e9986cd6c', '{\"id\":\"5e3a5f51-06ef-4415-b135-8080b1ffc25c\",\"type\":1,\"currency\":\"0\",\"stock_id\":\"\",\"voucher\":\"PT076\",\"description\":\"zzz\",\"voucher_date\":\"2022-06-22\",\"accounting_date\":\"2022-06-22\",\"traders\":\"\",\"subject\":\"fe7dcd01-cda6-46ad-b117-3ac7fd5b6fbe\",\"stock_receipt\":\"\",\"stock_issue\":\"\",\"total_number\":\"0\",\"total_amount\":\"10000\",\"total_discount\":\"0\",\"discount\":\"0\",\"discount_percent\":\"0\",\"rate\":\"0\",\"total_amount_rate\":\"10000\",\"reference\":\"\",\"reference_by\":\"\",\"payment_status\":0,\"payment\":\"\",\"user\":\"6affb799-6bbf-11ec-a352-309c23e68112\",\"status\":1,\"active\":false,\"created_at\":\"2022-06-22T15:09:08.000000Z\",\"updated_at\":\"2022-06-22T15:09:08.000000Z\",\"detail\":[{\"id\":\"b64253d9-8ff7-4e02-aaa2-b4b4d5ad847e\",\"general_id\":\"5e3a5f51-06ef-4415-b135-8080b1ffc25c\",\"item_id\":\"\",\"item_code\":\"\",\"description\":\"zzz\",\"currency\":\"\",\"unit\":\"\",\"debit\":{\"id\":\"504643fc-5969-4d89-bff0-8be3c7d2b30a\",\"type\":\"eb806569-d6f1-4309-9d38-491aa3092534\",\"code\":\"1111\",\"name\":\"Ti\\u1ec1n Vi\\u1ec7t Nam\",\"name_en\":\"Vietnamese Dong\",\"parent_id\":\"5b39f5a6-b5da-4df8-8e93-4de73797957e\",\"nature\":\"6c10379d-9c3a-11ec-9f9b-b42e9986cd6c\",\"date_start\":\"2020-09-19\",\"date_end\":\"2020-09-19\",\"description\":\"\",\"detail_object\":0,\"detail_bank_account\":0,\"detail_work\":0,\"detail_cost\":0,\"detail_statistical\":0,\"detail_case\":0,\"detail_orders\":0,\"detail_contract\":0,\"detail_depreciation\":0,\"detail_attribution\":0,\"document_id\":\"2f64b191-723e-11ec-80d2-309c23e68112\",\"active\":1,\"created_at\":\"2020-09-19T06:11:40.000000Z\",\"updated_at\":\"2020-09-19T06:11:40.000000Z\"},\"credit\":{\"id\":\"310aa3cf-674f-4080-88d3-a3ec5362f335\",\"type\":\"eb806569-d6f1-4309-9d38-491aa3092534\",\"code\":\"141\",\"name\":\"T\\u1ea1m \\u1ee9ng\",\"name_en\":\"Advances\",\"parent_id\":null,\"nature\":\"6c10379d-9c3a-11ec-9f9b-b42e9986cd6c\",\"date_start\":\"2020-09-19\",\"date_end\":\"2020-09-19\",\"description\":\"\",\"detail_object\":0,\"detail_bank_account\":0,\"detail_work\":0,\"detail_cost\":0,\"detail_statistical\":0,\"detail_case\":0,\"detail_orders\":0,\"detail_contract\":0,\"detail_depreciation\":0,\"detail_attribution\":0,\"document_id\":\"2f64b191-723e-11ec-80d2-309c23e68112\",\"active\":1,\"created_at\":\"2020-09-19T06:43:40.000000Z\",\"updated_at\":\"2020-09-19T06:43:40.000000Z\"},\"quantity\":\"0\",\"quantity_receipt\":\"0\",\"price\":\"0\",\"purchase_price\":\"0\",\"amount\":\"10000\",\"rate\":\"1\",\"amount_rate\":\"10000\",\"purchase_amount\":\"0\",\"lot_number\":\"\",\"expiry_date\":\"22\\/06\\/2022\",\"contract\":\"\",\"order\":\"\",\"discount\":\"0.00\",\"discount_percent\":\"0.00\",\"total_discount\":\"0.00\",\"case_code\":null,\"cost_code\":null,\"statistical_code\":null,\"work_code\":null,\"accounted_fast\":null,\"department\":null,\"bank_account\":null,\"subject_id_debit\":\"\",\"subject_name_debit\":\"\",\"subject_id_credit\":\"0\",\"subject_name_credit\":\"---SELECT---\",\"status\":0,\"active\":false,\"created_at\":\"2022-06-22T15:09:03.000000Z\",\"updated_at\":\"2022-06-22T15:09:03.000000Z\"}],\"tax\":[],\"attach\":[{\"id\":\"b64253d9-8ff7-4e02-aaa2-b4b4d5ad847e\",\"general_id\":\"5e3a5f51-06ef-4415-b135-8080b1ffc25c\",\"item_id\":\"\",\"item_code\":\"\",\"description\":\"zzz\",\"currency\":\"\",\"unit\":\"\",\"debit\":\"504643fc-5969-4d89-bff0-8be3c7d2b30a\",\"credit\":\"310aa3cf-674f-4080-88d3-a3ec5362f335\",\"quantity\":\"0.00\",\"quantity_receipt\":\"0.00\",\"price\":\"0.00\",\"purchase_price\":\"0.00\",\"amount\":\"10000.00\",\"rate\":\"1.00\",\"amount_rate\":\"10000.00\",\"purchase_amount\":\"0.00\",\"lot_number\":\"\",\"expiry_date\":null,\"contract\":\"\",\"order\":\"\",\"discount\":\"0.00\",\"discount_percent\":\"0.00\",\"total_discount\":\"0.00\",\"case_code\":\"0\",\"cost_code\":\"0\",\"statistical_code\":\"0\",\"work_code\":\"0\",\"accounted_fast\":\"0\",\"department\":\"0\",\"bank_account\":\"0\",\"subject_id_debit\":\"\",\"subject_name_debit\":\"\",\"subject_id_credit\":\"0\",\"subject_name_credit\":\"---SELECT---\",\"status\":0,\"active\":0,\"created_at\":\"2022-06-22T15:09:03.000000Z\",\"updated_at\":\"2022-06-22T15:09:03.000000Z\"}]}', 'cash-receipts-voucher-delete', '2022-06-22 15:09:18', '2022-06-22 15:09:18'),
('195d58ca-cf7a-46c2-b4d5-9cdd47d40a7f', 2, '6affb799-6bbf-11ec-a352-309c23e68112', 'ee250263-8334-11ec-8b82-b42e9986cd6c', '{\"company_id\":\"9aecf6c6-827d-11ec-aea9-b42e9986cd6c\",\"code\":\"zz\",\"name\":\"rr\",\"active\":1,\"id\":\"6a9dc3e8-8f4f-460c-a13f-97b72bd45837\",\"updated_at\":\"2022-06-12T17:27:49.000000Z\",\"created_at\":\"2022-06-12T17:27:49.000000Z\"}', 'group-users-save', '2022-06-12 17:27:49', '2022-06-12 17:27:49'),
('1e03cf99-3d51-4be0-8c94-fa909918979d', 3, '6affb799-6bbf-11ec-a352-309c23e68112', 'ee25fc75-8334-11ec-8b82-b42e9986cd6c', '{\"id\":\"d932f6ff-0bca-495a-8293-27b090582853\",\"type\":1,\"currency\":\"0\",\"stock_id\":\"\",\"voucher\":\"PT062\",\"description\":\"test description 21\\/06\\/2022\",\"voucher_date\":\"2022-06-21\",\"accounting_date\":\"2022-06-21\",\"traders\":\"\",\"subject\":\"fe7dcd01-cda6-46ad-b117-3ac7fd5b6fbe\",\"stock_receipt\":\"\",\"stock_issue\":\"\",\"total_number\":\"0\",\"total_amount\":\"20000\",\"total_discount\":\"0\",\"discount\":\"0\",\"discount_percent\":\"0\",\"rate\":\"0\",\"total_amount_rate\":\"20000\",\"reference\":\"\",\"reference_by\":\"\",\"payment_status\":0,\"payment\":\"\",\"user\":\"6affb799-6bbf-11ec-a352-309c23e68112\",\"status\":1,\"active\":true,\"created_at\":\"2022-06-21T15:20:10.000000Z\",\"updated_at\":\"2022-06-21T15:20:10.000000Z\"}', 'cash-receipts-voucher-unwrite', '2022-06-21 15:22:02', '2022-06-21 15:22:02'),
('1f516ddd-9d93-4247-91a3-36fc559fccdb', 4, '6affb799-6bbf-11ec-a352-309c23e68112', 'ee250a01-8334-11ec-8b82-b42e9986cd6c', '{\"id\":\"674467d4-66b5-4e44-a3b4-9438d422f3ee\",\"menu_id\":\"ee25fe47-8334-11ec-8b82-b42e9986cd6c\",\"code\":\"PC\",\"name\":\"Phi\\u1ebfu thu\",\"name_en\":\"Cash receipts\",\"prefix\":\"PT\",\"format_type\":\"DD\",\"format\":\"DD\",\"number\":78,\"length_number\":3,\"change_voucher\":1,\"active\":1,\"created_at\":\"2024-10-28T10:58:28.000000Z\",\"updated_at\":\"2024-10-28T10:58:28.000000Z\"}', 'number-voucher-delete', '2024-10-28 10:58:32', '2024-10-28 10:58:32'),
('204599fe-983c-4fa3-9831-3232a33145c4', 4, '6affb799-6bbf-11ec-a352-309c23e68112', '5b61b5e3-f451-4d71-9036-fc627290246c', '{\"id\":\"35a28f34-1e6c-490e-ad2e-8feff76f5878\",\"number_voucher\":\"ee25fe91-8334-11ec-8b82-b42e9986cd6c\",\"format\":\"DD\",\"day\":\"14\",\"month\":\"11\",\"year\":\"2023\",\"number\":1,\"length_number\":1,\"active\":1,\"created_at\":\"2023-11-14T11:50:57.000000Z\",\"updated_at\":\"2023-11-14T11:51:05.000000Z\"}', 'number-format-delete', '2023-11-14 11:51:10', '2023-11-14 11:51:10'),
('20a8ed13-6f02-47a1-b674-281be996b8e5', 2, '6affb799-6bbf-11ec-a352-309c23e68112', 'ee25fe47-8334-11ec-8b82-b42e9986cd6c', '{\"currency\":\"0\",\"accounted_auto\":\"0\",\"subject_id\":\"fe7dcd01-cda6-46ad-b117-3ac7fd5b6fbe\",\"code\":\"abc\",\"name\":\"zz\",\"traders\":\"\",\"rate\":1,\"description\":\"test description 21\\/06\\/2022\",\"accounting_date\":\"2022-06-21\",\"reference\":\"\",\"voucher_date\":\"2022-06-21\",\"voucher\":\"PTxxx\",\"automatic_ai\":\"\",\"detail\":[{\"id\":\"a4c1e756-fb74-4e25-846d-4314f5db68f5\",\"description\":\"Nh\\u00f3m t\\u00e0i kho\\u1ea3n chi ph\\u00ed\",\"amount\":300000,\"rate\":1,\"amount_rate\":300000,\"case_code\":{\"id\":0,\"code\":\"---SELECT---\",\"name\":\"---SELECT---\"},\"cost_code\":{\"id\":0,\"code\":\"---SELECT---\",\"name\":\"---SELECT---\"},\"statistical_code\":{\"id\":0,\"code\":\"---SELECT---\",\"name\":\"---SELECT---\"},\"subject_code\":{\"id\":0,\"code\":\"---SELECT---\",\"name\":\"---SELECT---\"},\"work_code\":{\"id\":0,\"code\":\"---SELECT---\",\"name\":\"---SELECT---\"},\"department\":{\"id\":0,\"code\":\"---SELECT---\",\"name\":\"---SELECT---\"},\"bank_account\":{\"id\":0,\"code\":\"---SELECT---\",\"name\":\"---SELECT---\"},\"debit\":{\"id\":\"504643fc-5969-4d89-bff0-8be3c7d2b30a\",\"code\":\"1111\",\"name\":\"Vietnamese Dong\",\"object\":0,\"bank_account\":0,\"work_code\":0,\"cost_code\":0,\"case_code\":0,\"statistical_code\":0,\"order\":0,\"contract\":0,\"depreciation\":0,\"attribution\":0},\"credit\":{\"id\":\"4145f0e0-1730-425f-acdd-3255c4d3881b\",\"code\":\"1331\",\"name\":\"Deductible VAT of goods and services\",\"object\":0,\"bank_account\":0,\"work_code\":0,\"cost_code\":0,\"case_code\":0,\"statistical_code\":0,\"order\":0,\"contract\":0,\"depreciation\":0,\"attribution\":0},\"accounted_fast\":{\"id\":\"49cd4e94-c290-4639-9e23-83fdc6ef2edd\",\"code\":\"CP\",\"name\":\"Nh\\u00f3m t\\u00e0i kho\\u1ea3n chi ph\\u00ed\",\"description\":\"Nh\\u00f3m t\\u00e0i kho\\u1ea3n chi ph\\u00ed\",\"debit\":\"3\",\"credit\":\"235\",\"subject_code\":\"0\",\"case_code\":\"0\",\"cost_code\":\"0\",\"statistical_code\":\"0\",\"work_code\":\"0\",\"department\":\"0\",\"bank_account\":\"0\",\"accounted_fast\":null},\"lot_number\":\"\",\"contract\":\"\",\"order\":\"\"},{\"id\":\"2727457b-de7e-4d99-9a7b-ab41d2d01e09\",\"description\":\"Nh\\u00f3m t\\u00e0i kho\\u1ea3n kho\",\"amount\":100000,\"rate\":1,\"amount_rate\":100000,\"case_code\":{\"id\":0,\"code\":\"---SELECT---\",\"name\":\"---SELECT---\"},\"cost_code\":{\"id\":0,\"code\":\"---SELECT---\",\"name\":\"---SELECT---\"},\"statistical_code\":{\"id\":0,\"code\":\"---SELECT---\",\"name\":\"---SELECT---\"},\"subject_code\":{\"id\":0,\"code\":\"---SELECT---\",\"name\":\"---SELECT---\"},\"work_code\":{\"id\":0,\"code\":\"---SELECT---\",\"name\":\"---SELECT---\"},\"department\":{\"id\":0,\"code\":\"---SELECT---\",\"name\":\"---SELECT---\"},\"bank_account\":{\"id\":0,\"code\":\"---SELECT---\",\"name\":\"---SELECT---\"},\"debit\":{\"id\":\"9974dc26-ca54-4275-bada-533e93bbbb8d\",\"code\":\"1112\",\"name\":\"1111\"},\"credit\":{\"id\":\"4289c824-911e-4144-abfc-90ded2395b67\",\"code\":\"5117\",\"name\":\"Revenue from investment properties\",\"object\":0,\"bank_account\":0,\"work_code\":0,\"cost_code\":0,\"case_code\":0,\"statistical_code\":0,\"order\":0,\"contract\":0,\"depreciation\":0,\"attribution\":0},\"accounted_fast\":{\"id\":\"12b0d545-524f-47c5-942f-74dd4cc814da\",\"code\":\"KH\",\"name\":\"Nh\\u00f3m t\\u00e0i kho\\u1ea3n kho\",\"description\":\"Nh\\u00f3m t\\u00e0i kho\\u1ea3n kho\",\"debit\":\"9974dc26-ca54-4275-bada-533e93bbbb8d\",\"credit\":\"0\",\"subject_code\":\"1\",\"case_code\":\"0\",\"cost_code\":\"0\",\"statistical_code\":\"0\",\"work_code\":\"0\",\"department\":\"0\",\"bank_account\":\"0\",\"accounted_fast\":null},\"lot_number\":\"\",\"contract\":\"\",\"order\":\"\"}],\"tax\":[],\"reference_by\":{},\"total_number\":0,\"total_amount\":\"400000\",\"total_amount_rate\":\"400000\",\"id\":null}', 'cash-receipts-voucher-save', '2022-06-21 15:59:29', '2022-06-21 15:59:29'),
('212186c8-a155-4fe2-a27f-9409538f1fa5', 3, '6affb799-6bbf-11ec-a352-309c23e68112', 'ee25fc75-8334-11ec-8b82-b42e9986cd6c', '{\"id\":\"d9a50165-b0f6-42dc-9e02-5e1c1bf49a0c\",\"type\":1,\"currency\":\"0\",\"stock_id\":\"\",\"voucher\":\"PT077\",\"description\":\"zzz\",\"voucher_date\":\"2022-06-23\",\"accounting_date\":\"2022-06-23\",\"traders\":\"\",\"subject\":\"fe7dcd01-cda6-46ad-b117-3ac7fd5b6fbe\",\"stock_receipt\":\"\",\"stock_issue\":\"\",\"total_number\":\"0\",\"total_amount\":\"1000\",\"total_discount\":\"0\",\"discount\":\"0\",\"discount_percent\":\"0\",\"rate\":\"0\",\"total_amount_rate\":\"1000\",\"reference\":\"\",\"reference_by\":\"\",\"payment_status\":0,\"payment\":\"\",\"user\":\"6affb799-6bbf-11ec-a352-309c23e68112\",\"status\":1,\"active\":true,\"created_at\":\"2022-06-23T15:33:02.000000Z\",\"updated_at\":\"2022-06-23T15:33:02.000000Z\"}', 'cash-receipts-voucher-unwrite', '2022-06-23 16:12:52', '2022-06-23 16:12:52');
INSERT INTO `history_action` (`id`, `type`, `user`, `menu`, `dataz`, `url`, `created_at`, `updated_at`) VALUES
('2670fc54-e0d2-4ee4-8178-65451bd63083', 4, '6affb799-6bbf-11ec-a352-309c23e68112', 'ee25fe47-8334-11ec-8b82-b42e9986cd6c', '{\"id\":\"497f83f9-8802-4abe-81e6-3ab2ef554e3f\",\"type\":1,\"currency\":\"0\",\"stock_id\":\"\",\"voucher\":\"PT069\",\"description\":\"zz\",\"voucher_date\":\"2022-06-22\",\"accounting_date\":\"2022-06-22\",\"traders\":\"\",\"subject\":\"fe7dcd01-cda6-46ad-b117-3ac7fd5b6fbe\",\"stock_receipt\":\"\",\"stock_issue\":\"\",\"total_number\":\"0\",\"total_amount\":\"1000\",\"total_discount\":\"0\",\"discount\":\"0\",\"discount_percent\":\"0\",\"rate\":\"0\",\"total_amount_rate\":\"1000\",\"reference\":\"\",\"reference_by\":\"\",\"payment_status\":0,\"payment\":\"\",\"user\":\"6affb799-6bbf-11ec-a352-309c23e68112\",\"status\":1,\"active\":false,\"created_at\":\"2022-06-21T17:07:08.000000Z\",\"updated_at\":\"2022-06-21T17:07:08.000000Z\",\"detail\":[{\"id\":\"3967e7d0-ea31-42d7-b14b-b710fe864708\",\"general_id\":\"497f83f9-8802-4abe-81e6-3ab2ef554e3f\",\"item_id\":\"\",\"item_code\":\"\",\"description\":\"zz\",\"currency\":\"\",\"unit\":\"\",\"debit\":{\"id\":\"504643fc-5969-4d89-bff0-8be3c7d2b30a\",\"type\":\"eb806569-d6f1-4309-9d38-491aa3092534\",\"code\":\"1111\",\"name\":\"Ti\\u1ec1n Vi\\u1ec7t Nam\",\"name_en\":\"Vietnamese Dong\",\"parent_id\":\"5b39f5a6-b5da-4df8-8e93-4de73797957e\",\"nature\":\"6c10379d-9c3a-11ec-9f9b-b42e9986cd6c\",\"date_start\":\"2020-09-19\",\"date_end\":\"2020-09-19\",\"description\":\"\",\"detail_object\":0,\"detail_bank_account\":0,\"detail_work\":0,\"detail_cost\":0,\"detail_statistical\":0,\"detail_case\":0,\"detail_orders\":0,\"detail_contract\":0,\"detail_depreciation\":0,\"detail_attribution\":0,\"document_id\":\"2f64b191-723e-11ec-80d2-309c23e68112\",\"active\":1,\"created_at\":\"2020-09-19T06:11:40.000000Z\",\"updated_at\":\"2020-09-19T06:11:40.000000Z\"},\"credit\":{\"id\":\"164644c5-af91-4b24-b853-14aac22db7bf\",\"type\":\"dc7b1510-32d2-4025-a221-a3cd673e589a\",\"code\":\"5112\",\"name\":\"Doanh thu b\\u00e1n c\\u00e1c th\\u00e0nh ph\\u1ea9m\",\"name_en\":\"Revenue from sales of finished goods\",\"parent_id\":\"9ade13bf-a8e7-4a79-b387-f07a87ccefc9\",\"nature\":\"6c0e5221-9c3a-11ec-9f9b-b42e9986cd6c\",\"date_start\":\"2020-09-19\",\"date_end\":\"2020-09-19\",\"description\":\"\",\"detail_object\":0,\"detail_bank_account\":0,\"detail_work\":0,\"detail_cost\":0,\"detail_statistical\":0,\"detail_case\":0,\"detail_orders\":0,\"detail_contract\":0,\"detail_depreciation\":0,\"detail_attribution\":0,\"document_id\":\"2f64b191-723e-11ec-80d2-309c23e68112\",\"active\":1,\"created_at\":\"2020-09-19T09:10:40.000000Z\",\"updated_at\":\"2020-09-19T09:10:40.000000Z\"},\"quantity\":\"0\",\"quantity_receipt\":\"0\",\"price\":\"0\",\"purchase_price\":\"0\",\"amount\":\"1000\",\"rate\":\"1\",\"amount_rate\":\"1000\",\"purchase_amount\":\"0\",\"lot_number\":\"\",\"expiry_date\":\"22\\/06\\/2022\",\"contract\":\"\",\"order\":\"\",\"discount\":\"0.00\",\"discount_percent\":\"0.00\",\"total_discount\":\"0.00\",\"case_code\":null,\"cost_code\":null,\"statistical_code\":null,\"work_code\":null,\"accounted_fast\":null,\"department\":null,\"bank_account\":null,\"subject_id_debit\":\"\",\"subject_name_debit\":\"\",\"subject_id_credit\":\"0\",\"subject_name_credit\":\"---SELECT---\",\"status\":0,\"active\":false,\"created_at\":\"2022-06-21T17:07:06.000000Z\",\"updated_at\":\"2022-06-21T17:07:06.000000Z\"}],\"tax\":[],\"attach\":[{\"id\":\"3967e7d0-ea31-42d7-b14b-b710fe864708\",\"general_id\":\"497f83f9-8802-4abe-81e6-3ab2ef554e3f\",\"item_id\":\"\",\"item_code\":\"\",\"description\":\"zz\",\"currency\":\"\",\"unit\":\"\",\"debit\":\"504643fc-5969-4d89-bff0-8be3c7d2b30a\",\"credit\":\"164644c5-af91-4b24-b853-14aac22db7bf\",\"quantity\":\"0.00\",\"quantity_receipt\":\"0.00\",\"price\":\"0.00\",\"purchase_price\":\"0.00\",\"amount\":\"1000.00\",\"rate\":\"1.00\",\"amount_rate\":\"1000.00\",\"purchase_amount\":\"0.00\",\"lot_number\":\"\",\"expiry_date\":null,\"contract\":\"\",\"order\":\"\",\"discount\":\"0.00\",\"discount_percent\":\"0.00\",\"total_discount\":\"0.00\",\"case_code\":\"0\",\"cost_code\":\"0\",\"statistical_code\":\"0\",\"work_code\":\"0\",\"accounted_fast\":\"0\",\"department\":\"0\",\"bank_account\":\"0\",\"subject_id_debit\":\"\",\"subject_name_debit\":\"\",\"subject_id_credit\":\"0\",\"subject_name_credit\":\"---SELECT---\",\"status\":0,\"active\":0,\"created_at\":\"2022-06-21T17:07:06.000000Z\",\"updated_at\":\"2022-06-21T17:07:06.000000Z\"}]}', 'cash-receipts-voucher-delete', '2022-06-21 17:07:10', '2022-06-21 17:07:10'),
('277ca3a1-0c2f-4bbb-9dcf-7c1ff48731ab', 4, '6affb799-6bbf-11ec-a352-309c23e68112', 'ee250263-8334-11ec-8b82-b42e9986cd6c', '{\"id\":\"241b7dc7-8754-4a58-8292-b14d46064e5f\",\"company_id\":\"9aecf6c6-827d-11ec-aea9-b42e9986cd6c\",\"code\":\"test\",\"name\":\"zzz\",\"active\":1,\"created_at\":\"2022-06-12T15:33:30.000000Z\",\"updated_at\":\"2022-06-12T15:33:30.000000Z\"}', 'group-users-delete', '2022-06-12 16:50:53', '2022-06-12 16:50:53'),
('278c4f92-174b-4aae-9de4-3b8ba0f690e1', 2, '6affb799-6bbf-11ec-a352-309c23e68112', 'ee25fe47-8334-11ec-8b82-b42e9986cd6c', '{\"currency\":\"0\",\"accounted_auto\":\"0\",\"subject_id\":\"fe7dcd01-cda6-46ad-b117-3ac7fd5b6fbe\",\"code\":\"abc\",\"name\":\"zz\",\"traders\":\"\",\"rate\":0,\"description\":\"zz\",\"accounting_date\":\"2022-06-22\",\"reference\":\"\",\"voucher_date\":\"2022-06-22\",\"voucher\":\"PTxxx\",\"automatic_ai\":\"\",\"detail\":[{\"id\":\"d7e13f0d-ce64-4323-9659-c43d25f64087\",\"description\":\"zz\",\"amount\":2,\"rate\":1,\"amount_rate\":2,\"case_code\":{\"id\":0,\"code\":\"---SELECT---\",\"name\":\"---SELECT---\"},\"cost_code\":{\"id\":0,\"code\":\"---SELECT---\",\"name\":\"---SELECT---\"},\"statistical_code\":{\"id\":0,\"code\":\"---SELECT---\",\"name\":\"---SELECT---\"},\"subject_code\":{\"id\":0,\"code\":\"---SELECT---\",\"name\":\"---SELECT---\"},\"work_code\":{\"id\":0,\"code\":\"---SELECT---\",\"name\":\"---SELECT---\"},\"department\":{\"id\":0,\"code\":\"---SELECT---\",\"name\":\"---SELECT---\"},\"bank_account\":{\"id\":0,\"code\":\"---SELECT---\",\"name\":\"---SELECT---\"},\"debit\":{\"id\":\"504643fc-5969-4d89-bff0-8be3c7d2b30a\",\"code\":\"1111\",\"name\":\"1111\"},\"credit\":{\"id\":\"4145f0e0-1730-425f-acdd-3255c4d3881b\",\"code\":\"1331\",\"name\":\"Deductible VAT of goods and services\",\"object\":0,\"bank_account\":0,\"work_code\":0,\"cost_code\":0,\"case_code\":0,\"statistical_code\":0,\"order\":0,\"contract\":0,\"depreciation\":0,\"attribution\":0},\"accounted_fast\":{\"id\":0,\"code\":\"---SELECT---\",\"name\":\"---SELECT---\"},\"lot_number\":\"\",\"contract\":\"\",\"order\":\"\"}],\"tax\":[],\"reference_by\":{},\"total_number\":0,\"total_amount\":\"2\",\"total_amount_rate\":\"2\",\"id\":null}', 'cash-receipts-voucher-save', '2022-06-21 17:12:02', '2022-06-21 17:12:02'),
('2e118229-cdf9-44fa-905e-a996a4994d7d', 2, '6affb799-6bbf-11ec-a352-309c23e68112', 'ee25fe47-8334-11ec-8b82-b42e9986cd6c', '{\"currency\":\"0\",\"accounted_auto\":\"0\",\"subject_id\":\"fe7dcd01-cda6-46ad-b117-3ac7fd5b6fbe\",\"code\":\"abc\",\"name\":\"zz\",\"traders\":\"\",\"rate\":0,\"description\":\"zz\",\"accounting_date\":\"2022-06-22\",\"reference\":\"\",\"voucher_date\":\"2022-06-22\",\"voucher\":\"PTxxx\",\"automatic_ai\":\"\",\"detail\":[{\"id\":\"3967e7d0-ea31-42d7-b14b-b710fe864708\",\"description\":\"zz\",\"amount\":1000,\"rate\":1,\"amount_rate\":1000,\"case_code\":{\"id\":0,\"code\":\"---SELECT---\",\"name\":\"---SELECT---\"},\"cost_code\":{\"id\":0,\"code\":\"---SELECT---\",\"name\":\"---SELECT---\"},\"statistical_code\":{\"id\":0,\"code\":\"---SELECT---\",\"name\":\"---SELECT---\"},\"subject_code\":{\"id\":0,\"code\":\"---SELECT---\",\"name\":\"---SELECT---\"},\"work_code\":{\"id\":0,\"code\":\"---SELECT---\",\"name\":\"---SELECT---\"},\"department\":{\"id\":0,\"code\":\"---SELECT---\",\"name\":\"---SELECT---\"},\"bank_account\":{\"id\":0,\"code\":\"---SELECT---\",\"name\":\"---SELECT---\"},\"debit\":{\"id\":\"504643fc-5969-4d89-bff0-8be3c7d2b30a\",\"code\":\"1111\",\"name\":\"1111\"},\"credit\":{\"id\":\"164644c5-af91-4b24-b853-14aac22db7bf\",\"code\":\"5112\",\"name\":\"Revenue from sales of finished goods\",\"object\":0,\"bank_account\":0,\"work_code\":0,\"cost_code\":0,\"case_code\":0,\"statistical_code\":0,\"order\":0,\"contract\":0,\"depreciation\":0,\"attribution\":0},\"accounted_fast\":{\"id\":0,\"code\":\"---SELECT---\",\"name\":\"---SELECT---\"},\"lot_number\":\"\",\"contract\":\"\",\"order\":\"\"}],\"tax\":[],\"reference_by\":{},\"total_number\":0,\"total_amount\":\"1000\",\"total_amount_rate\":\"1000\",\"id\":null}', 'cash-receipts-voucher-save', '2022-06-21 17:07:06', '2022-06-21 17:07:06'),
('3718c463-bb46-4164-bf08-bb4e423dd81c', 4, '6affb799-6bbf-11ec-a352-309c23e68112', '5b61b5e3-f451-4d71-9036-fc627290246c', '{\"id\":\"2c99caf5-5e6f-40bb-82e7-4e616c2910bb\",\"number_voucher\":\"adbbf485-e85b-4a1c-8455-043bbd86e8b6\",\"format\":\"XDD\",\"day\":\"28\",\"month\":\"10\",\"year\":\"2024\",\"number\":1,\"length_number\":4,\"active\":1,\"created_at\":\"2024-10-28T13:26:27.000000Z\",\"updated_at\":\"2024-10-28T13:26:41.000000Z\"}', 'count-voucher-delete', '2024-10-28 13:26:46', '2024-10-28 13:26:46'),
('38146efa-5b34-4bc3-b57d-70821c891f62', 4, '6affb799-6bbf-11ec-a352-309c23e68112', 'ee25fe47-8334-11ec-8b82-b42e9986cd6c', '{\"id\":\"4ef8e61c-b6f7-4d3c-8303-820e65d4c70d\",\"type\":1,\"currency\":\"0\",\"stock_id\":\"\",\"voucher\":\"PT067\",\"description\":\"zz\",\"voucher_date\":\"2022-06-21\",\"accounting_date\":\"2022-06-21\",\"traders\":\"\",\"subject\":\"fe7dcd01-cda6-46ad-b117-3ac7fd5b6fbe\",\"stock_receipt\":\"\",\"stock_issue\":\"\",\"total_number\":\"0\",\"total_amount\":\"10000\",\"total_discount\":\"0\",\"discount\":\"0\",\"discount_percent\":\"0\",\"rate\":\"0\",\"total_amount_rate\":\"10000\",\"reference\":\"\",\"reference_by\":\"\",\"payment_status\":0,\"payment\":\"\",\"user\":\"6affb799-6bbf-11ec-a352-309c23e68112\",\"status\":1,\"active\":false,\"created_at\":\"2022-06-21T16:39:31.000000Z\",\"updated_at\":\"2022-06-21T16:39:31.000000Z\",\"detail\":[{\"id\":\"1786b6ba-9c5b-4cfd-b699-eb93c68898b2\",\"general_id\":\"4ef8e61c-b6f7-4d3c-8303-820e65d4c70d\",\"item_id\":\"\",\"item_code\":\"\",\"description\":\"Nh\\u00f3m t\\u00e0i kho\\u1ea3n chi ph\\u00ed\",\"currency\":\"\",\"unit\":\"\",\"debit\":{\"id\":\"504643fc-5969-4d89-bff0-8be3c7d2b30a\",\"type\":\"eb806569-d6f1-4309-9d38-491aa3092534\",\"code\":\"1111\",\"name\":\"Ti\\u1ec1n Vi\\u1ec7t Nam\",\"name_en\":\"Vietnamese Dong\",\"parent_id\":\"5b39f5a6-b5da-4df8-8e93-4de73797957e\",\"nature\":\"6c10379d-9c3a-11ec-9f9b-b42e9986cd6c\",\"date_start\":\"2020-09-19\",\"date_end\":\"2020-09-19\",\"description\":\"\",\"detail_object\":0,\"detail_bank_account\":0,\"detail_work\":0,\"detail_cost\":0,\"detail_statistical\":0,\"detail_case\":0,\"detail_orders\":0,\"detail_contract\":0,\"detail_depreciation\":0,\"detail_attribution\":0,\"document_id\":\"2f64b191-723e-11ec-80d2-309c23e68112\",\"active\":1,\"created_at\":\"2020-09-19T06:11:40.000000Z\",\"updated_at\":\"2020-09-19T06:11:40.000000Z\"},\"credit\":{\"id\":\"4145f0e0-1730-425f-acdd-3255c4d3881b\",\"type\":\"eb806569-d6f1-4309-9d38-491aa3092534\",\"code\":\"1331\",\"name\":\"Thu\\u1ebf GTGT \\u0111\\u01b0\\u1ee3c kh\\u1ea5u tr\\u1eeb c\\u1ee7a h\\u00e0ng h\\u00f3a, d\\u1ecbch v\\u1ee5\",\"name_en\":\"Deductible VAT of goods and services\",\"parent_id\":\"9b833a58-45db-427b-b915-2843dadc4b20\",\"nature\":\"6c10379d-9c3a-11ec-9f9b-b42e9986cd6c\",\"date_start\":\"2020-09-19\",\"date_end\":\"2020-09-19\",\"description\":\"\",\"detail_object\":0,\"detail_bank_account\":0,\"detail_work\":0,\"detail_cost\":0,\"detail_statistical\":0,\"detail_case\":0,\"detail_orders\":0,\"detail_contract\":0,\"detail_depreciation\":0,\"detail_attribution\":0,\"document_id\":\"2f64b191-723e-11ec-80d2-309c23e68112\",\"active\":1,\"created_at\":\"2020-09-19T06:32:40.000000Z\",\"updated_at\":\"2020-09-19T06:32:40.000000Z\"},\"quantity\":\"0\",\"quantity_receipt\":\"0\",\"price\":\"0\",\"purchase_price\":\"0\",\"amount\":\"10000\",\"rate\":\"1\",\"amount_rate\":\"10000\",\"purchase_amount\":\"0\",\"lot_number\":\"\",\"expiry_date\":\"21\\/06\\/2022\",\"contract\":\"\",\"order\":\"\",\"discount\":\"0.00\",\"discount_percent\":\"0.00\",\"total_discount\":\"0.00\",\"case_code\":null,\"cost_code\":null,\"statistical_code\":null,\"work_code\":null,\"accounted_fast\":{\"id\":\"49cd4e94-c290-4639-9e23-83fdc6ef2edd\",\"code\":\"CP\",\"name\":\"Nh\\u00f3m t\\u00e0i kho\\u1ea3n chi ph\\u00ed\",\"debit\":\"3\",\"credit\":\"235\",\"subject_debit\":\"0\",\"subject_credit\":\"0\",\"case_code\":\"0\",\"cost_code\":\"0\",\"statistical_code\":\"0\",\"work_code\":\"0\",\"department\":\"0\",\"bank_account\":\"0\",\"active\":1,\"created_at\":\"2020-09-19T09:36:29.000000Z\",\"updated_at\":\"2021-06-12T05:04:17.000000Z\"},\"department\":null,\"bank_account\":null,\"subject_id_debit\":\"\",\"subject_name_debit\":\"\",\"subject_id_credit\":\"0\",\"subject_name_credit\":\"---SELECT---\",\"status\":0,\"active\":false,\"created_at\":\"2022-06-21T16:39:27.000000Z\",\"updated_at\":\"2022-06-21T16:39:27.000000Z\"}],\"tax\":[],\"attach\":[{\"id\":\"1786b6ba-9c5b-4cfd-b699-eb93c68898b2\",\"general_id\":\"4ef8e61c-b6f7-4d3c-8303-820e65d4c70d\",\"item_id\":\"\",\"item_code\":\"\",\"description\":\"Nh\\u00f3m t\\u00e0i kho\\u1ea3n chi ph\\u00ed\",\"currency\":\"\",\"unit\":\"\",\"debit\":\"504643fc-5969-4d89-bff0-8be3c7d2b30a\",\"credit\":\"4145f0e0-1730-425f-acdd-3255c4d3881b\",\"quantity\":\"0.00\",\"quantity_receipt\":\"0.00\",\"price\":\"0.00\",\"purchase_price\":\"0.00\",\"amount\":\"10000.00\",\"rate\":\"1.00\",\"amount_rate\":\"10000.00\",\"purchase_amount\":\"0.00\",\"lot_number\":\"\",\"expiry_date\":null,\"contract\":\"\",\"order\":\"\",\"discount\":\"0.00\",\"discount_percent\":\"0.00\",\"total_discount\":\"0.00\",\"case_code\":\"0\",\"cost_code\":\"0\",\"statistical_code\":\"0\",\"work_code\":\"0\",\"accounted_fast\":\"49cd4e94-c290-4639-9e23-83fdc6ef2edd\",\"department\":\"0\",\"bank_account\":\"0\",\"subject_id_debit\":\"\",\"subject_name_debit\":\"\",\"subject_id_credit\":\"0\",\"subject_name_credit\":\"---SELECT---\",\"status\":0,\"active\":0,\"created_at\":\"2022-06-21T16:39:27.000000Z\",\"updated_at\":\"2022-06-21T16:39:27.000000Z\"}]}', 'cash-receipts-voucher-delete', '2022-06-21 16:39:33', '2022-06-21 16:39:33'),
('39813027-f548-4651-a470-5367c51313ee', 4, '6affb799-6bbf-11ec-a352-309c23e68112', 'ee250fbc-8334-11ec-8b82-b42e9986cd6c', '{\"id\":\"3\",\"code\":\"rqeq\",\"name\":\"r\\u01b0qewq\",\"name_en\":\"r\\u01b0qewq\",\"description\":null,\"active\":1,\"created_at\":\"2020-07-19T04:15:19.000000Z\",\"updated_at\":\"2020-07-19T04:15:19.000000Z\"}', 'work-code-delete', '2024-10-30 14:11:26', '2024-10-30 14:11:26'),
('3a6e8be1-d745-4d5e-9ccf-795c2b543473', 2, '6affb799-6bbf-11ec-a352-309c23e68112', 'ee250263-8334-11ec-8b82-b42e9986cd6c', '{\"company_id\":\"9aecf6c6-827d-11ec-aea9-b42e9986cd6c\",\"code\":\"test\",\"name\":\"zzz\",\"active\":1,\"id\":\"241b7dc7-8754-4a58-8292-b14d46064e5f\",\"updated_at\":\"2022-06-12T15:33:30.000000Z\",\"created_at\":\"2022-06-12T15:33:30.000000Z\"}', 'group-users-save', '2022-06-12 15:33:30', '2022-06-12 15:33:30'),
('3b30cdbf-2f7e-4c76-a035-4876bdcee2eb', 3, '6affb799-6bbf-11ec-a352-309c23e68112', 'ee25fc75-8334-11ec-8b82-b42e9986cd6c', '{\"id\":\"d932f6ff-0bca-495a-8293-27b090582853\",\"type\":1,\"currency\":\"0\",\"stock_id\":\"\",\"voucher\":\"PT062\",\"description\":\"test description zz 21\\/06\\/2022\",\"voucher_date\":\"2022-06-21\",\"accounting_date\":\"2022-06-21\",\"traders\":\"\",\"subject\":\"fe7dcd01-cda6-46ad-b117-3ac7fd5b6fbe\",\"stock_receipt\":\"\",\"stock_issue\":\"\",\"total_number\":\"0\",\"total_amount\":\"20000\",\"total_discount\":\"0\",\"discount\":\"0\",\"discount_percent\":\"0\",\"rate\":\"0\",\"total_amount_rate\":\"20000\",\"reference\":\"\",\"reference_by\":\"\",\"payment_status\":0,\"payment\":\"\",\"user\":\"6affb799-6bbf-11ec-a352-309c23e68112\",\"status\":1,\"active\":true,\"created_at\":\"2022-06-21T15:22:22.000000Z\",\"updated_at\":\"2022-06-21T15:22:22.000000Z\"}', 'cash-receipts-voucher-unwrite', '2022-06-21 15:22:46', '2022-06-21 15:22:46'),
('3ce19307-9ccf-4070-a34d-1e4b9398177d', 2, '6affb799-6bbf-11ec-a352-309c23e68112', '5b61b5e3-f451-4d71-9036-fc627290246c', '{\"number_voucher\":\"adbbf485-e85b-4a1c-8455-043bbd86e8b6\",\"format\":\"XDD\",\"day\":\"28\",\"month\":\"10\",\"year\":\"2024\",\"number\":\"1\",\"length_number\":\"1\",\"active\":1,\"id\":\"2c99caf5-5e6f-40bb-82e7-4e616c2910bb\",\"updated_at\":\"2024-10-28T13:26:27.000000Z\",\"created_at\":\"2024-10-28T13:26:27.000000Z\"}', 'count-voucher-save', '2024-10-28 13:26:27', '2024-10-28 13:26:27'),
('3d61703b-a2ad-4857-9da0-bd93441824bd', 2, '6affb799-6bbf-11ec-a352-309c23e68112', 'ee250263-8334-11ec-8b82-b42e9986cd6c', '{\"company_id\":\"9aecf6c6-827d-11ec-aea9-b42e9986cd6c\",\"code\":\"test\",\"name\":\"zz\",\"active\":1,\"id\":\"83435121-6b67-40eb-bc58-f1abc683e860\",\"updated_at\":\"2022-06-12T16:51:27.000000Z\",\"created_at\":\"2022-06-12T16:51:27.000000Z\"}', 'group-users-save', '2022-06-12 16:51:27', '2022-06-12 16:51:27'),
('43679759-fc9d-4fa3-80e3-13d4b8b203a0', 3, '6affb799-6bbf-11ec-a352-309c23e68112', 'ee25fc75-8334-11ec-8b82-b42e9986cd6c', '{\"id\":\"d9a50165-b0f6-42dc-9e02-5e1c1bf49a0c\",\"type\":1,\"currency\":\"0\",\"stock_id\":\"\",\"voucher\":\"PT077\",\"description\":\"zzz\",\"voucher_date\":\"2022-06-23\",\"accounting_date\":\"2022-06-23\",\"traders\":\"\",\"subject\":\"fe7dcd01-cda6-46ad-b117-3ac7fd5b6fbe\",\"stock_receipt\":\"\",\"stock_issue\":\"\",\"total_number\":\"0\",\"total_amount\":\"1000\",\"total_discount\":\"0\",\"discount\":\"0\",\"discount_percent\":\"0\",\"rate\":\"0\",\"total_amount_rate\":\"1000\",\"reference\":\"\",\"reference_by\":\"\",\"payment_status\":0,\"payment\":\"\",\"user\":\"6affb799-6bbf-11ec-a352-309c23e68112\",\"status\":1,\"active\":true,\"created_at\":\"2022-06-23T15:32:55.000000Z\",\"updated_at\":\"2022-06-23T15:32:55.000000Z\"}', 'cash-receipts-voucher-unwrite', '2022-06-23 15:32:58', '2022-06-23 15:32:58'),
('46a4c0c6-e8ec-4479-929c-4b9ab09c0573', 3, '6affb799-6bbf-11ec-a352-309c23e68112', 'ee250b45-8334-11ec-8b82-b42e9986cd6c', '{\"id\":\"b7c083ca-f074-4b55-8e25-97362dafde20\",\"code\":\"U00002\",\"name\":\"gram\",\"name_en\":\"Gram\",\"active\":1,\"created_at\":\"2022-02-28T04:28:30.000000Z\",\"updated_at\":\"2023-04-02T15:28:01.000000Z\"}', 'unit-save', '2023-04-02 15:28:19', '2023-04-02 15:28:19'),
('4716b940-4251-4329-af8e-798cece45250', 4, '6affb799-6bbf-11ec-a352-309c23e68112', '5b61b5e3-f451-4d71-9036-fc627290246c', '{\"id\":\"7736b261-c0f2-46f1-8808-819e98a201e0\",\"number_voucher\":\"5b61b5e3-f451-4d71-9036-fc627290246c\",\"format\":\"YY\",\"day\":\"14\",\"month\":\"11\",\"year\":\"2023\",\"number\":1,\"length_number\":1,\"active\":1,\"created_at\":\"2023-11-14T11:52:17.000000Z\",\"updated_at\":\"2023-11-14T11:52:26.000000Z\"}', 'number-format-delete', '2023-12-24 07:16:46', '2023-12-24 07:16:46'),
('4b169e9f-f10d-489d-be42-b32f0af75918', 2, '6affb799-6bbf-11ec-a352-309c23e68112', 'ee25fe47-8334-11ec-8b82-b42e9986cd6c', '{\"currency\":\"0\",\"accounted_auto\":\"0\",\"subject_id\":\"fe7dcd01-cda6-46ad-b117-3ac7fd5b6fbe\",\"code\":\"abc\",\"name\":\"zz\",\"traders\":\"\",\"rate\":0,\"description\":\"321\",\"accounting_date\":\"2022-06-22\",\"reference\":\"\",\"voucher_date\":\"2022-06-22\",\"voucher\":\"PTxxx\",\"automatic_ai\":\"\",\"detail\":[{\"id\":\"d79dd0fe-cda8-49a8-a99e-2797085b48ed\",\"description\":\"321\",\"amount\":10,\"rate\":1,\"amount_rate\":10,\"case_code\":{\"id\":0,\"code\":\"---SELECT---\",\"name\":\"---SELECT---\"},\"cost_code\":{\"id\":0,\"code\":\"---SELECT---\",\"name\":\"---SELECT---\"},\"statistical_code\":{\"id\":0,\"code\":\"---SELECT---\",\"name\":\"---SELECT---\"},\"subject_code\":{\"id\":0,\"code\":\"---SELECT---\",\"name\":\"---SELECT---\"},\"work_code\":{\"id\":0,\"code\":\"---SELECT---\",\"name\":\"---SELECT---\"},\"department\":{\"id\":0,\"code\":\"---SELECT---\",\"name\":\"---SELECT---\"},\"bank_account\":{\"id\":0,\"code\":\"---SELECT---\",\"name\":\"---SELECT---\"},\"debit\":{\"id\":\"504643fc-5969-4d89-bff0-8be3c7d2b30a\",\"code\":\"1111\",\"name\":\"1111\"},\"credit\":{\"id\":\"4145f0e0-1730-425f-acdd-3255c4d3881b\",\"code\":\"1331\",\"name\":\"Deductible VAT of goods and services\",\"object\":0,\"bank_account\":0,\"work_code\":0,\"cost_code\":0,\"case_code\":0,\"statistical_code\":0,\"order\":0,\"contract\":0,\"depreciation\":0,\"attribution\":0},\"accounted_fast\":{\"id\":0,\"code\":\"---SELECT---\",\"name\":\"---SELECT---\"},\"lot_number\":\"\",\"contract\":\"\",\"order\":\"\"}],\"tax\":[],\"reference_by\":{},\"total_number\":0,\"total_amount\":\"10\",\"total_amount_rate\":\"10\",\"id\":null}', 'cash-receipts-voucher-save', '2022-06-21 18:04:20', '2022-06-21 18:04:20'),
('4d06dcf0-f427-450c-8f1b-284ef7560a4a', 2, '6affb799-6bbf-11ec-a352-309c23e68112', 'ee25fe47-8334-11ec-8b82-b42e9986cd6c', '{\"currency\":\"0\",\"accounted_auto\":\"0\",\"subject_id\":\"fe7dcd01-cda6-46ad-b117-3ac7fd5b6fbe\",\"code\":\"abc\",\"name\":\"zz\",\"traders\":\"\",\"rate\":1,\"description\":\"test description 21\\/06\\/2022\",\"accounting_date\":\"2022-06-21\",\"reference\":\"\",\"voucher_date\":\"2022-06-21\",\"voucher\":\"PTxxx\",\"automatic_ai\":\"\",\"detail\":[{\"id\":\"35b62d09-805d-4646-8576-9094ac86223d\",\"description\":\"Nh\\u00f3m t\\u00e0i kho\\u1ea3n chi ph\\u00ed\",\"amount\":20000,\"rate\":1,\"amount_rate\":20000,\"case_code\":{\"id\":0,\"code\":\"---SELECT---\",\"name\":\"---SELECT---\"},\"cost_code\":{\"id\":0,\"code\":\"---SELECT---\",\"name\":\"---SELECT---\"},\"statistical_code\":{\"id\":0,\"code\":\"---SELECT---\",\"name\":\"---SELECT---\"},\"subject_code\":{\"id\":0,\"code\":\"---SELECT---\",\"name\":\"---SELECT---\"},\"work_code\":{\"id\":0,\"code\":\"---SELECT---\",\"name\":\"---SELECT---\"},\"department\":{\"id\":0,\"code\":\"---SELECT---\",\"name\":\"---SELECT---\"},\"bank_account\":{\"id\":0,\"code\":\"---SELECT---\",\"name\":\"---SELECT---\"},\"debit\":{\"id\":\"9974dc26-ca54-4275-bada-533e93bbbb8d\",\"code\":\"1112\",\"name\":\"Foreign currencies\",\"object\":0,\"bank_account\":0,\"work_code\":0,\"cost_code\":0,\"case_code\":0,\"statistical_code\":0,\"order\":0,\"contract\":0,\"depreciation\":0,\"attribution\":0},\"credit\":{\"id\":\"4145f0e0-1730-425f-acdd-3255c4d3881b\",\"code\":\"1331\",\"name\":\"Deductible VAT of goods and services\",\"object\":0,\"bank_account\":0,\"work_code\":0,\"cost_code\":0,\"case_code\":0,\"statistical_code\":0,\"order\":0,\"contract\":0,\"depreciation\":0,\"attribution\":0},\"accounted_fast\":{\"id\":\"49cd4e94-c290-4639-9e23-83fdc6ef2edd\",\"code\":\"CP\",\"name\":\"Nh\\u00f3m t\\u00e0i kho\\u1ea3n chi ph\\u00ed\",\"description\":\"Nh\\u00f3m t\\u00e0i kho\\u1ea3n chi ph\\u00ed\",\"debit\":\"3\",\"credit\":\"235\",\"subject_code\":\"0\",\"case_code\":\"0\",\"cost_code\":\"0\",\"statistical_code\":\"0\",\"work_code\":\"0\",\"department\":\"0\",\"bank_account\":\"0\",\"accounted_fast\":null},\"lot_number\":\"\",\"contract\":\"\",\"order\":\"\"}],\"tax\":[],\"reference_by\":{},\"total_number\":0,\"total_amount\":\"20000\",\"total_amount_rate\":\"20000\",\"id\":null}', 'cash-receipts-voucher-save', '2022-06-21 14:34:09', '2022-06-21 14:34:09'),
('4d568db8-e852-4b6f-a9fd-6c56e008ab59', 4, '6affb799-6bbf-11ec-a352-309c23e68112', 'ee25fe47-8334-11ec-8b82-b42e9986cd6c', '{\"id\":\"7257b04d-7055-45a3-a0e2-d2294b6d380d\",\"type\":1,\"currency\":\"0\",\"stock_id\":\"\",\"voucher\":\"PT070\",\"description\":\"test description zz\",\"voucher_date\":\"2022-06-22\",\"accounting_date\":\"2022-06-22\",\"traders\":\"\",\"subject\":\"fe7dcd01-cda6-46ad-b117-3ac7fd5b6fbe\",\"stock_receipt\":\"\",\"stock_issue\":\"\",\"total_number\":\"0\",\"total_amount\":\"30000\",\"total_discount\":\"0\",\"discount\":\"0\",\"discount_percent\":\"0\",\"rate\":\"0\",\"total_amount_rate\":\"30000\",\"reference\":\"\",\"reference_by\":\"\",\"payment_status\":0,\"payment\":\"\",\"user\":\"6affb799-6bbf-11ec-a352-309c23e68112\",\"status\":1,\"active\":false,\"created_at\":\"2022-06-21T17:11:20.000000Z\",\"updated_at\":\"2022-06-21T17:11:20.000000Z\",\"detail\":[{\"id\":\"024cee34-d7e4-4b52-962d-9f957bc074b7\",\"general_id\":\"7257b04d-7055-45a3-a0e2-d2294b6d380d\",\"item_id\":\"\",\"item_code\":\"\",\"description\":\"test description zz\",\"currency\":\"\",\"unit\":\"\",\"debit\":{\"id\":\"504643fc-5969-4d89-bff0-8be3c7d2b30a\",\"type\":\"eb806569-d6f1-4309-9d38-491aa3092534\",\"code\":\"1111\",\"name\":\"Ti\\u1ec1n Vi\\u1ec7t Nam\",\"name_en\":\"Vietnamese Dong\",\"parent_id\":\"5b39f5a6-b5da-4df8-8e93-4de73797957e\",\"nature\":\"6c10379d-9c3a-11ec-9f9b-b42e9986cd6c\",\"date_start\":\"2020-09-19\",\"date_end\":\"2020-09-19\",\"description\":\"\",\"detail_object\":0,\"detail_bank_account\":0,\"detail_work\":0,\"detail_cost\":0,\"detail_statistical\":0,\"detail_case\":0,\"detail_orders\":0,\"detail_contract\":0,\"detail_depreciation\":0,\"detail_attribution\":0,\"document_id\":\"2f64b191-723e-11ec-80d2-309c23e68112\",\"active\":1,\"created_at\":\"2020-09-19T06:11:40.000000Z\",\"updated_at\":\"2020-09-19T06:11:40.000000Z\"},\"credit\":{\"id\":\"5c60fb4e-f3ef-423c-900f-f1692fefc41c\",\"type\":\"eb806569-d6f1-4309-9d38-491aa3092534\",\"code\":\"1332\",\"name\":\"Thu\\u1ebf GTGT \\u0111\\u01b0\\u1ee3c kh\\u1ea5u tr\\u1eeb c\\u1ee7a TSC\\u0110\",\"name_en\":\"Deductible VAT of fixed assets\",\"parent_id\":\"9b833a58-45db-427b-b915-2843dadc4b20\",\"nature\":\"6c10379d-9c3a-11ec-9f9b-b42e9986cd6c\",\"date_start\":\"2020-09-19\",\"date_end\":\"2020-09-19\",\"description\":\"\",\"detail_object\":0,\"detail_bank_account\":0,\"detail_work\":0,\"detail_cost\":0,\"detail_statistical\":0,\"detail_case\":0,\"detail_orders\":0,\"detail_contract\":0,\"detail_depreciation\":0,\"detail_attribution\":0,\"document_id\":\"2f64b191-723e-11ec-80d2-309c23e68112\",\"active\":1,\"created_at\":\"2020-09-19T06:33:40.000000Z\",\"updated_at\":\"2020-09-19T06:33:40.000000Z\"},\"quantity\":\"0\",\"quantity_receipt\":\"0\",\"price\":\"0\",\"purchase_price\":\"0\",\"amount\":\"30000\",\"rate\":\"1\",\"amount_rate\":\"30000\",\"purchase_amount\":\"0\",\"lot_number\":\"\",\"expiry_date\":\"22\\/06\\/2022\",\"contract\":\"\",\"order\":\"\",\"discount\":\"0.00\",\"discount_percent\":\"0.00\",\"total_discount\":\"0.00\",\"case_code\":null,\"cost_code\":null,\"statistical_code\":null,\"work_code\":null,\"accounted_fast\":null,\"department\":null,\"bank_account\":null,\"subject_id_debit\":\"\",\"subject_name_debit\":\"\",\"subject_id_credit\":\"0\",\"subject_name_credit\":\"---SELECT---\",\"status\":0,\"active\":false,\"created_at\":\"2022-06-21T17:11:17.000000Z\",\"updated_at\":\"2022-06-21T17:11:17.000000Z\"}],\"tax\":[],\"attach\":[{\"id\":\"024cee34-d7e4-4b52-962d-9f957bc074b7\",\"general_id\":\"7257b04d-7055-45a3-a0e2-d2294b6d380d\",\"item_id\":\"\",\"item_code\":\"\",\"description\":\"test description zz\",\"currency\":\"\",\"unit\":\"\",\"debit\":\"504643fc-5969-4d89-bff0-8be3c7d2b30a\",\"credit\":\"5c60fb4e-f3ef-423c-900f-f1692fefc41c\",\"quantity\":\"0.00\",\"quantity_receipt\":\"0.00\",\"price\":\"0.00\",\"purchase_price\":\"0.00\",\"amount\":\"30000.00\",\"rate\":\"1.00\",\"amount_rate\":\"30000.00\",\"purchase_amount\":\"0.00\",\"lot_number\":\"\",\"expiry_date\":null,\"contract\":\"\",\"order\":\"\",\"discount\":\"0.00\",\"discount_percent\":\"0.00\",\"total_discount\":\"0.00\",\"case_code\":\"0\",\"cost_code\":\"0\",\"statistical_code\":\"0\",\"work_code\":\"0\",\"accounted_fast\":\"0\",\"department\":\"0\",\"bank_account\":\"0\",\"subject_id_debit\":\"\",\"subject_name_debit\":\"\",\"subject_id_credit\":\"0\",\"subject_name_credit\":\"---SELECT---\",\"status\":0,\"active\":0,\"created_at\":\"2022-06-21T17:11:17.000000Z\",\"updated_at\":\"2022-06-21T17:11:17.000000Z\"}]}', 'cash-receipts-voucher-delete', '2022-06-21 17:11:22', '2022-06-21 17:11:22'),
('4e5a3d23-a1f4-4c79-aabd-f15d6b6a8fd5', 2, '6affb799-6bbf-11ec-a352-309c23e68112', 'ee25fe47-8334-11ec-8b82-b42e9986cd6c', '{\"currency\":\"0\",\"accounted_auto\":\"473be704-f2c8-4ba4-8c9b-81b8fcfa8b00\",\"subject_id\":\"fe7dcd01-cda6-46ad-b117-3ac7fd5b6fbe\",\"code\":\"abc\",\"name\":\"zz\",\"traders\":\"\",\"rate\":1,\"description\":\"zz\",\"accounting_date\":\"2024-10-28\",\"reference\":\"\",\"voucher_date\":\"2024-10-28\",\"voucher\":\"PTYYYYMMxxx\",\"automatic_ai\":\"\",\"detail\":[{\"id\":\"fe468da6-59ae-4a68-be97-91d25c493933\",\"description\":\"Nh\\u00f3m t\\u00e0i kho\\u1ea3n doanh thu\",\"amount\":20000,\"rate\":1,\"amount_rate\":20000,\"case_code\":{\"id\":\"304dc3cd-1878-4fce-8289-cec9c1a0b99c\",\"code\":\"ewae\",\"name\":\"---SELECT---\"},\"cost_code\":{\"id\":\"5aaced68-e5cb-4ed5-8109-6cd364fb7ee9\",\"code\":\"dsa\",\"name\":\"---SELECT---\"},\"statistical_code\":{\"id\":0,\"code\":\"---SELECT---\",\"name\":\"---SELECT---\"},\"subject_code\":{\"id\":\"fd9fa60e-02c6-490a-83ae-99619c877a25\",\"code\":\"NCC0003\",\"name\":\"---SELECT---\"},\"work_code\":{\"id\":0,\"code\":\"---SELECT---\",\"name\":\"---SELECT---\"},\"department\":{\"id\":\"f4a0a9a1-5cbf-4342-a1fc-cf6baca360b6\",\"code\":\"dsa\",\"name\":\"---SELECT---\"},\"bank_account\":{\"id\":\"618bf07f-b7d0-452e-ace5-5bb0d6f68dcd\",\"code\":\"058100238625\",\"name\":\"---SELECT---\"},\"debit\":{\"id\":\"9974dc26-ca54-4275-bada-533e93bbbb8d\",\"code\":\"1112\",\"name\":\"Foreign currencies\",\"object\":0,\"bank_account\":0,\"work_code\":0,\"cost_code\":0,\"case_code\":0,\"statistical_code\":0,\"order\":0,\"contract\":0,\"depreciation\":0,\"attribution\":0},\"credit\":{\"id\":\"5c60fb4e-f3ef-423c-900f-f1692fefc41c\",\"code\":\"1332\",\"name\":\"Deductible VAT of fixed assets\",\"object\":0,\"bank_account\":0,\"work_code\":0,\"cost_code\":0,\"case_code\":0,\"statistical_code\":0,\"order\":0,\"contract\":0,\"depreciation\":0,\"attribution\":0},\"accounted_fast\":{\"id\":\"c49f4326-7a23-4c58-bbbe-21aebcc82e6d\",\"code\":\"DT\",\"name\":\"---SELECT---\"},\"lot_number\":\"\",\"contract\":\"\",\"order\":\"\"}],\"tax\":[],\"reference_by\":{},\"total_number\":0,\"total_amount\":\"20000\",\"total_amount_rate\":\"20000\",\"id\":null}', 'cash-receipts-voucher-save', '2024-10-28 15:23:22', '2024-10-28 15:23:22'),
('513abe33-44d8-4f76-85e5-d6e5d41b8ded', 2, '6affb799-6bbf-11ec-a352-309c23e68112', 'ee25fe47-8334-11ec-8b82-b42e9986cd6c', '{\"currency\":\"0\",\"accounted_auto\":\"0\",\"subject_id\":\"fe7dcd01-cda6-46ad-b117-3ac7fd5b6fbe\",\"code\":\"abc\",\"name\":\"zz\",\"traders\":\"\",\"rate\":0,\"description\":\"zzz\",\"accounting_date\":\"2022-06-22\",\"reference\":\"\",\"voucher_date\":\"2022-06-22\",\"voucher\":\"PTxxx\",\"automatic_ai\":\"\",\"detail\":[{\"id\":\"40e5dc9d-2fdc-4320-aa88-fc1c0ca733ee\",\"description\":\"zzz\",\"amount\":1000,\"rate\":1,\"amount_rate\":1000,\"case_code\":{\"id\":0,\"code\":\"---SELECT---\",\"name\":\"---SELECT---\"},\"cost_code\":{\"id\":0,\"code\":\"---SELECT---\",\"name\":\"---SELECT---\"},\"statistical_code\":{\"id\":0,\"code\":\"---SELECT---\",\"name\":\"---SELECT---\"},\"subject_code\":{\"id\":0,\"code\":\"---SELECT---\",\"name\":\"---SELECT---\"},\"work_code\":{\"id\":0,\"code\":\"---SELECT---\",\"name\":\"---SELECT---\"},\"department\":{\"id\":0,\"code\":\"---SELECT---\",\"name\":\"---SELECT---\"},\"bank_account\":{\"id\":0,\"code\":\"---SELECT---\",\"name\":\"---SELECT---\"},\"debit\":{\"id\":\"504643fc-5969-4d89-bff0-8be3c7d2b30a\",\"code\":\"1111\",\"name\":\"1111\"},\"credit\":{\"id\":\"310aa3cf-674f-4080-88d3-a3ec5362f335\",\"code\":\"141\",\"name\":\"Advances\",\"object\":0,\"bank_account\":0,\"work_code\":0,\"cost_code\":0,\"case_code\":0,\"statistical_code\":0,\"order\":0,\"contract\":0,\"depreciation\":0,\"attribution\":0},\"accounted_fast\":{\"id\":0,\"code\":\"---SELECT---\",\"name\":\"---SELECT---\"},\"lot_number\":\"\",\"contract\":\"\",\"order\":\"\"}],\"tax\":[],\"reference_by\":{},\"total_number\":0,\"total_amount\":\"1000\",\"total_amount_rate\":\"1000\",\"id\":null}', 'cash-receipts-voucher-save', '2022-06-21 17:06:15', '2022-06-21 17:06:15'),
('52db0984-8afc-44a9-b445-1d7a8d4c398b', 4, '6affb799-6bbf-11ec-a352-309c23e68112', 'ee250fbc-8334-11ec-8b82-b42e9986cd6c', '{\"id\":\"4294967295\",\"code\":\"zzz\",\"name\":\"11\",\"name_en\":\"11\",\"description\":\"1\",\"active\":1,\"created_at\":\"2022-03-04T12:12:02.000000Z\",\"updated_at\":\"2022-03-04T12:12:02.000000Z\"}', 'work-code-delete', '2024-10-30 14:11:13', '2024-10-30 14:11:13'),
('584479bd-4d3a-455c-ae20-25e652cb6864', 4, '6affb799-6bbf-11ec-a352-309c23e68112', 'ee25fe47-8334-11ec-8b82-b42e9986cd6c', '{\"id\":\"4403b6e9-0c02-4b15-91b8-b58669d9007e\",\"type\":1,\"currency\":\"0\",\"stock_id\":\"\",\"voucher\":\"PT065\",\"description\":\"zz\",\"voucher_date\":\"2022-06-21\",\"accounting_date\":\"2022-06-21\",\"traders\":\"\",\"subject\":\"fe7dcd01-cda6-46ad-b117-3ac7fd5b6fbe\",\"stock_receipt\":\"\",\"stock_issue\":\"\",\"total_number\":\"0\",\"total_amount\":\"100\",\"total_discount\":\"0\",\"discount\":\"0\",\"discount_percent\":\"0\",\"rate\":\"0\",\"total_amount_rate\":\"100\",\"reference\":\"\",\"reference_by\":\"\",\"payment_status\":0,\"payment\":\"\",\"user\":\"6affb799-6bbf-11ec-a352-309c23e68112\",\"status\":1,\"active\":false,\"created_at\":\"2022-06-21T16:08:29.000000Z\",\"updated_at\":\"2022-06-21T16:08:29.000000Z\",\"detail\":[{\"id\":\"710d5331-f350-4ba0-b98b-b4f86fdf1bf9\",\"general_id\":\"4403b6e9-0c02-4b15-91b8-b58669d9007e\",\"item_id\":\"\",\"item_code\":\"\",\"description\":\"Nh\\u00f3m t\\u00e0i kho\\u1ea3n chi ph\\u00ed\",\"currency\":\"\",\"unit\":\"\",\"debit\":{\"id\":\"504643fc-5969-4d89-bff0-8be3c7d2b30a\",\"type\":\"eb806569-d6f1-4309-9d38-491aa3092534\",\"code\":\"1111\",\"name\":\"Ti\\u1ec1n Vi\\u1ec7t Nam\",\"name_en\":\"Vietnamese Dong\",\"parent_id\":\"5b39f5a6-b5da-4df8-8e93-4de73797957e\",\"nature\":\"6c10379d-9c3a-11ec-9f9b-b42e9986cd6c\",\"date_start\":\"2020-09-19\",\"date_end\":\"2020-09-19\",\"description\":\"\",\"detail_object\":0,\"detail_bank_account\":0,\"detail_work\":0,\"detail_cost\":0,\"detail_statistical\":0,\"detail_case\":0,\"detail_orders\":0,\"detail_contract\":0,\"detail_depreciation\":0,\"detail_attribution\":0,\"document_id\":\"2f64b191-723e-11ec-80d2-309c23e68112\",\"active\":1,\"created_at\":\"2020-09-19T06:11:40.000000Z\",\"updated_at\":\"2020-09-19T06:11:40.000000Z\"},\"credit\":{\"id\":\"4145f0e0-1730-425f-acdd-3255c4d3881b\",\"type\":\"eb806569-d6f1-4309-9d38-491aa3092534\",\"code\":\"1331\",\"name\":\"Thu\\u1ebf GTGT \\u0111\\u01b0\\u1ee3c kh\\u1ea5u tr\\u1eeb c\\u1ee7a h\\u00e0ng h\\u00f3a, d\\u1ecbch v\\u1ee5\",\"name_en\":\"Deductible VAT of goods and services\",\"parent_id\":\"9b833a58-45db-427b-b915-2843dadc4b20\",\"nature\":\"6c10379d-9c3a-11ec-9f9b-b42e9986cd6c\",\"date_start\":\"2020-09-19\",\"date_end\":\"2020-09-19\",\"description\":\"\",\"detail_object\":0,\"detail_bank_account\":0,\"detail_work\":0,\"detail_cost\":0,\"detail_statistical\":0,\"detail_case\":0,\"detail_orders\":0,\"detail_contract\":0,\"detail_depreciation\":0,\"detail_attribution\":0,\"document_id\":\"2f64b191-723e-11ec-80d2-309c23e68112\",\"active\":1,\"created_at\":\"2020-09-19T06:32:40.000000Z\",\"updated_at\":\"2020-09-19T06:32:40.000000Z\"},\"quantity\":\"0\",\"quantity_receipt\":\"0\",\"price\":\"0\",\"purchase_price\":\"0\",\"amount\":\"100\",\"rate\":\"1\",\"amount_rate\":\"100\",\"purchase_amount\":\"0\",\"lot_number\":\"\",\"expiry_date\":\"21\\/06\\/2022\",\"contract\":\"\",\"order\":\"\",\"discount\":\"0.00\",\"discount_percent\":\"0.00\",\"total_discount\":\"0.00\",\"case_code\":null,\"cost_code\":null,\"statistical_code\":null,\"work_code\":null,\"accounted_fast\":{\"id\":\"49cd4e94-c290-4639-9e23-83fdc6ef2edd\",\"code\":\"CP\",\"name\":\"Nh\\u00f3m t\\u00e0i kho\\u1ea3n chi ph\\u00ed\",\"debit\":\"3\",\"credit\":\"235\",\"subject_debit\":\"0\",\"subject_credit\":\"0\",\"case_code\":\"0\",\"cost_code\":\"0\",\"statistical_code\":\"0\",\"work_code\":\"0\",\"department\":\"0\",\"bank_account\":\"0\",\"active\":1,\"created_at\":\"2020-09-19T09:36:29.000000Z\",\"updated_at\":\"2021-06-12T05:04:17.000000Z\"},\"department\":null,\"bank_account\":null,\"subject_id_debit\":\"\",\"subject_name_debit\":\"\",\"subject_id_credit\":\"0\",\"subject_name_credit\":\"---SELECT---\",\"status\":0,\"active\":false,\"created_at\":\"2022-06-21T16:08:26.000000Z\",\"updated_at\":\"2022-06-21T16:08:26.000000Z\"}],\"tax\":[],\"attach\":[{\"id\":\"710d5331-f350-4ba0-b98b-b4f86fdf1bf9\",\"general_id\":\"4403b6e9-0c02-4b15-91b8-b58669d9007e\",\"item_id\":\"\",\"item_code\":\"\",\"description\":\"Nh\\u00f3m t\\u00e0i kho\\u1ea3n chi ph\\u00ed\",\"currency\":\"\",\"unit\":\"\",\"debit\":\"504643fc-5969-4d89-bff0-8be3c7d2b30a\",\"credit\":\"4145f0e0-1730-425f-acdd-3255c4d3881b\",\"quantity\":\"0.00\",\"quantity_receipt\":\"0.00\",\"price\":\"0.00\",\"purchase_price\":\"0.00\",\"amount\":\"100.00\",\"rate\":\"1.00\",\"amount_rate\":\"100.00\",\"purchase_amount\":\"0.00\",\"lot_number\":\"\",\"expiry_date\":null,\"contract\":\"\",\"order\":\"\",\"discount\":\"0.00\",\"discount_percent\":\"0.00\",\"total_discount\":\"0.00\",\"case_code\":\"0\",\"cost_code\":\"0\",\"statistical_code\":\"0\",\"work_code\":\"0\",\"accounted_fast\":\"49cd4e94-c290-4639-9e23-83fdc6ef2edd\",\"department\":\"0\",\"bank_account\":\"0\",\"subject_id_debit\":\"\",\"subject_name_debit\":\"\",\"subject_id_credit\":\"0\",\"subject_name_credit\":\"---SELECT---\",\"status\":0,\"active\":0,\"created_at\":\"2022-06-21T16:08:26.000000Z\",\"updated_at\":\"2022-06-21T16:08:26.000000Z\"}]}', 'cash-receipts-voucher-delete', '2022-06-21 16:08:47', '2022-06-21 16:08:47'),
('5a769526-6850-4916-86b0-632fb63a6107', 4, '6affb799-6bbf-11ec-a352-309c23e68112', 'ee250fbc-8334-11ec-8b82-b42e9986cd6c', '{\"id\":\"5\",\"code\":\"dsa\",\"name\":\"dsa\",\"name_en\":\"dsa\",\"description\":null,\"active\":1,\"created_at\":\"2020-07-19T04:19:09.000000Z\",\"updated_at\":\"2020-07-19T04:19:09.000000Z\"}', 'work-code-delete', '2024-10-30 14:11:20', '2024-10-30 14:11:20'),
('5d70dc28-d07c-473c-b357-31c6842af3b7', 3, '6affb799-6bbf-11ec-a352-309c23e68112', 'ee25fc75-8334-11ec-8b82-b42e9986cd6c', '{\"id\":\"b057df4d-838c-4cac-8c7b-28ecd61330ca\",\"type\":1,\"currency\":\"0\",\"stock_id\":\"\",\"voucher\":\"PT072\",\"description\":\"rs\",\"voucher_date\":\"2022-06-22\",\"accounting_date\":\"2022-06-22\",\"traders\":\"\",\"subject\":\"fe7dcd01-cda6-46ad-b117-3ac7fd5b6fbe\",\"stock_receipt\":\"\",\"stock_issue\":\"\",\"total_number\":\"0\",\"total_amount\":\"1000\",\"total_discount\":\"0\",\"discount\":\"0\",\"discount_percent\":\"0\",\"rate\":\"0\",\"total_amount_rate\":\"1000\",\"reference\":\"\",\"reference_by\":\"\",\"payment_status\":0,\"payment\":\"\",\"user\":\"6affb799-6bbf-11ec-a352-309c23e68112\",\"status\":1,\"active\":true,\"created_at\":\"2022-06-21T18:00:46.000000Z\",\"updated_at\":\"2022-06-21T18:00:46.000000Z\"}', 'cash-receipts-voucher-unwrite', '2022-06-21 18:00:49', '2022-06-21 18:00:49'),
('5d725e00-87e9-4883-9351-cad0c7c2979a', 2, '6affb799-6bbf-11ec-a352-309c23e68112', 'ee25fe47-8334-11ec-8b82-b42e9986cd6c', '{\"currency\":\"0\",\"accounted_auto\":\"0\",\"subject_id\":\"fe7dcd01-cda6-46ad-b117-3ac7fd5b6fbe\",\"code\":\"abc\",\"name\":\"zz\",\"traders\":\"\",\"rate\":0,\"description\":\"321\",\"accounting_date\":\"2022-06-21\",\"reference\":\"\",\"voucher_date\":\"2022-06-21\",\"voucher\":\"PTxxx\",\"automatic_ai\":\"\",\"detail\":[{\"id\":\"0a2465b6-b2ba-48f2-9fa1-c08b9c45988c\",\"description\":\"321\",\"amount\":1000,\"rate\":1,\"amount_rate\":1000,\"case_code\":{\"id\":0,\"code\":\"---SELECT---\",\"name\":\"---SELECT---\"},\"cost_code\":{\"id\":0,\"code\":\"---SELECT---\",\"name\":\"---SELECT---\"},\"statistical_code\":{\"id\":0,\"code\":\"---SELECT---\",\"name\":\"---SELECT---\"},\"subject_code\":{\"id\":0,\"code\":\"---SELECT---\",\"name\":\"---SELECT---\"},\"work_code\":{\"id\":0,\"code\":\"---SELECT---\",\"name\":\"---SELECT---\"},\"department\":{\"id\":0,\"code\":\"---SELECT---\",\"name\":\"---SELECT---\"},\"bank_account\":{\"id\":0,\"code\":\"---SELECT---\",\"name\":\"---SELECT---\"},\"debit\":{\"id\":\"504643fc-5969-4d89-bff0-8be3c7d2b30a\",\"code\":\"1111\",\"name\":\"1111\"},\"credit\":{\"id\":\"310aa3cf-674f-4080-88d3-a3ec5362f335\",\"code\":\"141\",\"name\":\"Advances\",\"object\":0,\"bank_account\":0,\"work_code\":0,\"cost_code\":0,\"case_code\":0,\"statistical_code\":0,\"order\":0,\"contract\":0,\"depreciation\":0,\"attribution\":0},\"accounted_fast\":{\"id\":\"49cd4e94-c290-4639-9e23-83fdc6ef2edd\",\"code\":\"CP\",\"name\":\"Nh\\u00f3m t\\u00e0i kho\\u1ea3n chi ph\\u00ed\",\"description\":\"Nh\\u00f3m t\\u00e0i kho\\u1ea3n chi ph\\u00ed\",\"debit\":\"3\",\"credit\":\"235\",\"subject_code\":\"0\",\"case_code\":\"0\",\"cost_code\":\"0\",\"statistical_code\":\"0\",\"work_code\":\"0\",\"department\":\"0\",\"bank_account\":\"0\",\"accounted_fast\":null},\"lot_number\":\"\",\"contract\":\"\",\"order\":\"\"}],\"tax\":[],\"reference_by\":{},\"total_number\":0,\"total_amount\":\"1000\",\"total_amount_rate\":\"1000\",\"id\":null}', 'cash-receipts-voucher-save', '2022-06-21 16:29:45', '2022-06-21 16:29:45'),
('628b0498-dde6-408f-84d8-9e68ce38036f', 3, '6affb799-6bbf-11ec-a352-309c23e68112', 'ee25fc75-8334-11ec-8b82-b42e9986cd6c', '{\"id\":\"1b6b8847-8639-4e3d-998f-59af1f448ef4\",\"type\":1,\"currency\":\"0\",\"stock_id\":\"\",\"voucher\":\"PT075\",\"description\":\"zzz\",\"voucher_date\":\"2022-06-22\",\"accounting_date\":\"2022-06-22\",\"traders\":\"\",\"subject\":\"fe7dcd01-cda6-46ad-b117-3ac7fd5b6fbe\",\"stock_receipt\":\"\",\"stock_issue\":\"\",\"total_number\":\"0\",\"total_amount\":\"10000\",\"total_discount\":\"0\",\"discount\":\"0\",\"discount_percent\":\"0\",\"rate\":\"1\",\"total_amount_rate\":\"10000\",\"reference\":\"\",\"reference_by\":\"\",\"payment_status\":0,\"payment\":\"\",\"user\":\"6affb799-6bbf-11ec-a352-309c23e68112\",\"status\":1,\"active\":true,\"created_at\":\"2022-06-22T14:33:12.000000Z\",\"updated_at\":\"2022-06-22T14:33:12.000000Z\"}', 'cash-receipts-voucher-unwrite', '2022-06-22 14:33:15', '2022-06-22 14:33:15'),
('6e0d1968-1c2e-47ed-9747-ee70efebedd1', 2, '6affb799-6bbf-11ec-a352-309c23e68112', 'ee250fbc-8334-11ec-8b82-b42e9986cd6c', '{\"code\":\"W002\",\"name\":\"test\",\"name_en\":\"1122\",\"description\":\"222\",\"active\":1,\"id\":\"c4828c80-74ea-43a0-a178-c811e381ce9d\",\"updated_at\":\"2024-10-30T14:12:55.000000Z\",\"created_at\":\"2024-10-30T14:12:55.000000Z\"}', 'work-code-save', '2024-10-30 14:12:55', '2024-10-30 14:12:55'),
('6f8c2e21-9abe-4dc9-9cd1-9588d5795139', 4, '6affb799-6bbf-11ec-a352-309c23e68112', 'ee250fbc-8334-11ec-8b82-b42e9986cd6c', '{\"id\":\"7\",\"code\":\"W001\",\"name\":\"test\",\"name_en\":\"azz\",\"description\":\"zz\",\"active\":1,\"created_at\":\"2022-03-04T12:09:30.000000Z\",\"updated_at\":\"2022-03-04T12:09:30.000000Z\"}', 'work-code-delete', '2024-10-30 14:11:17', '2024-10-30 14:11:17'),
('7023e0c6-de7f-44fb-86ad-a8c94f2d9044', 3, '6affb799-6bbf-11ec-a352-309c23e68112', 'ee25fc75-8334-11ec-8b82-b42e9986cd6c', '{\"id\":\"d9a50165-b0f6-42dc-9e02-5e1c1bf49a0c\",\"type\":1,\"currency\":\"0\",\"stock_id\":\"\",\"voucher\":\"PT077\",\"description\":\"zzz\",\"voucher_date\":\"2022-06-23\",\"accounting_date\":\"2022-06-23\",\"traders\":\"\",\"subject\":\"fe7dcd01-cda6-46ad-b117-3ac7fd5b6fbe\",\"stock_receipt\":\"\",\"stock_issue\":\"\",\"total_number\":\"0\",\"total_amount\":\"1000\",\"total_discount\":\"0\",\"discount\":\"0\",\"discount_percent\":\"0\",\"rate\":\"0\",\"total_amount_rate\":\"1000\",\"reference\":\"\",\"reference_by\":\"\",\"payment_status\":0,\"payment\":\"\",\"user\":\"6affb799-6bbf-11ec-a352-309c23e68112\",\"status\":1,\"active\":false,\"created_at\":\"2022-06-23T15:32:58.000000Z\",\"updated_at\":\"2022-06-23T15:32:58.000000Z\"}', 'cash-receipts-voucher-write', '2022-06-23 15:33:02', '2022-06-23 15:33:02'),
('716ffcff-3206-4bd8-b546-a38dd409a0d4', 2, '6affb799-6bbf-11ec-a352-309c23e68112', 'ee250a01-8334-11ec-8b82-b42e9986cd6c', '{\"menu_id\":\"ee25fe47-8334-11ec-8b82-b42e9986cd6c\",\"code\":\"PC\",\"name\":\"Phi\\u1ebfu thu\",\"name_en\":\"Cash receipts\",\"prefix\":\"PT\",\"format\":\"DD\",\"format_type\":\"DD\",\"number\":\"78\",\"length_number\":\"3\",\"change_voucher\":1,\"active\":1,\"id\":\"674467d4-66b5-4e44-a3b4-9438d422f3ee\",\"updated_at\":\"2024-10-28T10:58:28.000000Z\",\"created_at\":\"2024-10-28T10:58:28.000000Z\"}', 'number-voucher-save', '2024-10-28 10:58:28', '2024-10-28 10:58:28'),
('71e6a7f4-08d5-488c-8038-4ea4b16b2b9a', 3, '6affb799-6bbf-11ec-a352-309c23e68112', 'ee25fc75-8334-11ec-8b82-b42e9986cd6c', '{\"id\":\"0831720c-ce11-44ee-8d58-549e6d8b1d98\",\"type\":1,\"currency\":\"0\",\"stock_id\":\"\",\"voucher\":\"PT073\",\"description\":\"321\",\"voucher_date\":\"2022-06-22\",\"accounting_date\":\"2022-06-22\",\"traders\":\"\",\"subject\":\"fe7dcd01-cda6-46ad-b117-3ac7fd5b6fbe\",\"stock_receipt\":\"\",\"stock_issue\":\"\",\"total_number\":\"0\",\"total_amount\":\"10\",\"total_discount\":\"0\",\"discount\":\"0\",\"discount_percent\":\"0\",\"rate\":\"0\",\"total_amount_rate\":\"10\",\"reference\":\"\",\"reference_by\":\"\",\"payment_status\":0,\"payment\":\"\",\"user\":\"6affb799-6bbf-11ec-a352-309c23e68112\",\"status\":1,\"active\":true,\"created_at\":\"2022-06-21T18:04:20.000000Z\",\"updated_at\":\"2022-06-21T18:04:20.000000Z\"}', 'cash-receipts-voucher-unwrite', '2022-06-21 18:04:23', '2022-06-21 18:04:23'),
('76c336cb-a486-482c-bbcd-dc250301b344', 2, '6affb799-6bbf-11ec-a352-309c23e68112', 'ee25fe47-8334-11ec-8b82-b42e9986cd6c', '{\"currency\":\"0\",\"accounted_auto\":\"0\",\"subject_id\":\"fe7dcd01-cda6-46ad-b117-3ac7fd5b6fbe\",\"code\":\"abc\",\"name\":\"zz\",\"traders\":\"\",\"rate\":0,\"description\":\"rs\",\"accounting_date\":\"2022-06-22\",\"reference\":\"\",\"voucher_date\":\"2022-06-22\",\"voucher\":\"PTxxx\",\"automatic_ai\":\"\",\"detail\":[{\"id\":\"e56530f3-a681-42a4-961d-d0dc892314ba\",\"description\":\"rs\",\"amount\":1000,\"rate\":1,\"amount_rate\":1000,\"case_code\":{\"id\":0,\"code\":\"---SELECT---\",\"name\":\"---SELECT---\"},\"cost_code\":{\"id\":0,\"code\":\"---SELECT---\",\"name\":\"---SELECT---\"},\"statistical_code\":{\"id\":0,\"code\":\"---SELECT---\",\"name\":\"---SELECT---\"},\"subject_code\":{\"id\":0,\"code\":\"---SELECT---\",\"name\":\"---SELECT---\"},\"work_code\":{\"id\":0,\"code\":\"---SELECT---\",\"name\":\"---SELECT---\"},\"department\":{\"id\":0,\"code\":\"---SELECT---\",\"name\":\"---SELECT---\"},\"bank_account\":{\"id\":0,\"code\":\"---SELECT---\",\"name\":\"---SELECT---\"},\"debit\":{\"id\":\"504643fc-5969-4d89-bff0-8be3c7d2b30a\",\"code\":\"1111\",\"name\":\"1111\"},\"credit\":{\"id\":\"310aa3cf-674f-4080-88d3-a3ec5362f335\",\"code\":\"141\",\"name\":\"Advances\",\"object\":0,\"bank_account\":0,\"work_code\":0,\"cost_code\":0,\"case_code\":0,\"statistical_code\":0,\"order\":0,\"contract\":0,\"depreciation\":0,\"attribution\":0},\"accounted_fast\":{\"id\":0,\"code\":\"---SELECT---\",\"name\":\"---SELECT---\"},\"lot_number\":\"\",\"contract\":\"\",\"order\":\"\"}],\"tax\":[],\"reference_by\":{},\"total_number\":0,\"total_amount\":\"1000\",\"total_amount_rate\":\"1000\",\"id\":null}', 'cash-receipts-voucher-save', '2022-06-21 18:00:47', '2022-06-21 18:00:47'),
('7899bf68-dea4-4309-807f-405d9a4b3541', 2, '6affb799-6bbf-11ec-a352-309c23e68112', 'ee25fe47-8334-11ec-8b82-b42e9986cd6c', '{\"currency\":\"0\",\"accounted_auto\":\"0\",\"subject_id\":\"fe7dcd01-cda6-46ad-b117-3ac7fd5b6fbe\",\"code\":\"abc\",\"name\":\"zz\",\"traders\":\"\",\"rate\":0,\"description\":\"test description zz\",\"accounting_date\":\"2022-06-22\",\"reference\":\"\",\"voucher_date\":\"2022-06-22\",\"voucher\":\"PTxxx\",\"automatic_ai\":\"\",\"detail\":[{\"id\":\"024cee34-d7e4-4b52-962d-9f957bc074b7\",\"description\":\"test description zz\",\"amount\":30000,\"rate\":1,\"amount_rate\":30000,\"case_code\":{\"id\":0,\"code\":\"---SELECT---\",\"name\":\"---SELECT---\"},\"cost_code\":{\"id\":0,\"code\":\"---SELECT---\",\"name\":\"---SELECT---\"},\"statistical_code\":{\"id\":0,\"code\":\"---SELECT---\",\"name\":\"---SELECT---\"},\"subject_code\":{\"id\":0,\"code\":\"---SELECT---\",\"name\":\"---SELECT---\"},\"work_code\":{\"id\":0,\"code\":\"---SELECT---\",\"name\":\"---SELECT---\"},\"department\":{\"id\":0,\"code\":\"---SELECT---\",\"name\":\"---SELECT---\"},\"bank_account\":{\"id\":0,\"code\":\"---SELECT---\",\"name\":\"---SELECT---\"},\"debit\":{\"id\":\"504643fc-5969-4d89-bff0-8be3c7d2b30a\",\"code\":\"1111\",\"name\":\"1111\"},\"credit\":{\"id\":\"5c60fb4e-f3ef-423c-900f-f1692fefc41c\",\"code\":\"1332\",\"name\":\"Deductible VAT of fixed assets\",\"object\":0,\"bank_account\":0,\"work_code\":0,\"cost_code\":0,\"case_code\":0,\"statistical_code\":0,\"order\":0,\"contract\":0,\"depreciation\":0,\"attribution\":0},\"accounted_fast\":{\"id\":0,\"code\":\"---SELECT---\",\"name\":\"---SELECT---\"},\"lot_number\":\"\",\"contract\":\"\",\"order\":\"\"}],\"tax\":[],\"reference_by\":{},\"total_number\":0,\"total_amount\":\"30000\",\"total_amount_rate\":\"30000\",\"id\":null}', 'cash-receipts-voucher-save', '2022-06-21 17:11:17', '2022-06-21 17:11:17'),
('7cde3255-f0f6-4b9f-a0ab-b7c954b0d5d1', 4, '6affb799-6bbf-11ec-a352-309c23e68112', 'ee250263-8334-11ec-8b82-b42e9986cd6c', '{\"id\":\"2baae485-92aa-43ce-a201-2ffedea649fb\",\"company_id\":\"9aecf6c6-827d-11ec-aea9-b42e9986cd6c\",\"code\":\"test\",\"name\":\"z\",\"active\":1,\"created_at\":\"2022-06-12T15:05:58.000000Z\",\"updated_at\":\"2022-06-12T15:05:58.000000Z\"}', 'group-users-delete', '2022-06-12 15:30:06', '2022-06-12 15:30:06');
INSERT INTO `history_action` (`id`, `type`, `user`, `menu`, `dataz`, `url`, `created_at`, `updated_at`) VALUES
('8058dd06-4b5d-4a3e-a69c-b525626226bb', 4, '6affb799-6bbf-11ec-a352-309c23e68112', 'ee250263-8334-11ec-8b82-b42e9986cd6c', '{\"id\":\"83435121-6b67-40eb-bc58-f1abc683e860\",\"company_id\":\"9aecf6c6-827d-11ec-aea9-b42e9986cd6c\",\"code\":\"test\",\"name\":\"zz\",\"active\":1,\"created_at\":\"2022-06-12T16:51:27.000000Z\",\"updated_at\":\"2022-06-12T16:51:27.000000Z\"}', 'group-users-delete', '2022-06-12 16:54:20', '2022-06-12 16:54:20'),
('81167f4e-f717-4343-949c-52506cb75595', 3, '6affb799-6bbf-11ec-a352-309c23e68112', 'ee251534-8334-11ec-8b82-b42e9986cd6c', '{\"id\":\"1\",\"code\":\"S1\",\"name\":\"H\\u00e0ng minibar\",\"name_en\":\"Minibar\",\"description\":\"test\",\"unit_id\":\"c3a76329-f49b-449d-b3e4-27036543f0e1\",\"type\":\"79299bb5-0e36-4165-ae78-3365d2a16134\",\"group\":\"79299bb5-0e36-4165-ae78-3365d2a16134\",\"interpretations_buy\":\"aa\",\"interpretations_sell\":\"zz\",\"warranty_period\":\"0\",\"minimum_stock_quantity\":\"0.00\",\"maximum_stock_quantity\":\"0.00\",\"origin\":\"\",\"stock_default\":\"0\",\"stock_account\":\"0\",\"revenue_account\":\"0\",\"cost_account\":\"0\",\"percent_purchase_discount\":\"0.00\",\"purchase_discount\":\"0.00\",\"price_purchase\":\"200000.00\",\"price\":\"300000.00\",\"vat_tax\":\"0\",\"import_tax\":\"0\",\"export_tax\":\"0\",\"excise_tax\":\"0\",\"image\":\"uploads\\/sg\\/1\\/1\\/Screenshot (1).png\",\"identity\":\"\",\"sync\":\"64c5ba68-aea6-45e9-b57d-b7895310d3cc\",\"active\":1,\"created_at\":\"2020-09-01T21:47:25.000000Z\",\"updated_at\":\"2022-06-12T15:35:16.000000Z\"}', 'supplies-goods-save', '2022-06-12 18:02:14', '2022-06-12 18:02:14'),
('813852d3-a4f8-427b-93e6-ff48b608c3bc', 2, '6affb799-6bbf-11ec-a352-309c23e68112', 'ee25fe47-8334-11ec-8b82-b42e9986cd6c', '{\"currency\":\"0\",\"accounted_auto\":\"0\",\"subject_id\":\"fe7dcd01-cda6-46ad-b117-3ac7fd5b6fbe\",\"code\":\"abc\",\"name\":\"zz\",\"traders\":\"\",\"rate\":0,\"description\":\"zzz\",\"accounting_date\":\"2022-06-22\",\"reference\":\"\",\"voucher_date\":\"2022-06-22\",\"voucher\":\"PTxxx\",\"automatic_ai\":\"\",\"detail\":[{\"id\":\"b64253d9-8ff7-4e02-aaa2-b4b4d5ad847e\",\"description\":\"zzz\",\"amount\":10000,\"rate\":1,\"amount_rate\":10000,\"case_code\":{\"id\":0,\"code\":\"---SELECT---\",\"name\":\"---SELECT---\"},\"cost_code\":{\"id\":0,\"code\":\"---SELECT---\",\"name\":\"---SELECT---\"},\"statistical_code\":{\"id\":0,\"code\":\"---SELECT---\",\"name\":\"---SELECT---\"},\"subject_code\":{\"id\":0,\"code\":\"---SELECT---\",\"name\":\"---SELECT---\"},\"work_code\":{\"id\":0,\"code\":\"---SELECT---\",\"name\":\"---SELECT---\"},\"department\":{\"id\":0,\"code\":\"---SELECT---\",\"name\":\"---SELECT---\"},\"bank_account\":{\"id\":0,\"code\":\"---SELECT---\",\"name\":\"---SELECT---\"},\"debit\":{\"id\":\"504643fc-5969-4d89-bff0-8be3c7d2b30a\",\"code\":\"1111\",\"name\":\"1111\"},\"credit\":{\"id\":\"310aa3cf-674f-4080-88d3-a3ec5362f335\",\"code\":\"141\",\"name\":\"Advances\",\"object\":0,\"bank_account\":0,\"work_code\":0,\"cost_code\":0,\"case_code\":0,\"statistical_code\":0,\"order\":0,\"contract\":0,\"depreciation\":0,\"attribution\":0},\"accounted_fast\":{\"id\":0,\"code\":\"---SELECT---\",\"name\":\"---SELECT---\"},\"lot_number\":\"\",\"contract\":\"\",\"order\":\"\"}],\"tax\":[],\"reference_by\":{},\"total_number\":0,\"total_amount\":\"10000\",\"total_amount_rate\":\"10000\",\"id\":null}', 'cash-receipts-voucher-save', '2022-06-22 15:09:03', '2022-06-22 15:09:03'),
('890c1cd6-cd8d-4c94-af9c-302b9ae7be4a', 3, '6affb799-6bbf-11ec-a352-309c23e68112', 'ee25fc75-8334-11ec-8b82-b42e9986cd6c', '{\"id\":\"4403b6e9-0c02-4b15-91b8-b58669d9007e\",\"type\":1,\"currency\":\"0\",\"stock_id\":\"\",\"voucher\":\"PT065\",\"description\":\"zz\",\"voucher_date\":\"2022-06-21\",\"accounting_date\":\"2022-06-21\",\"traders\":\"\",\"subject\":\"fe7dcd01-cda6-46ad-b117-3ac7fd5b6fbe\",\"stock_receipt\":\"\",\"stock_issue\":\"\",\"total_number\":\"0\",\"total_amount\":\"100\",\"total_discount\":\"0\",\"discount\":\"0\",\"discount_percent\":\"0\",\"rate\":\"0\",\"total_amount_rate\":\"100\",\"reference\":\"\",\"reference_by\":\"\",\"payment_status\":0,\"payment\":\"\",\"user\":\"6affb799-6bbf-11ec-a352-309c23e68112\",\"status\":1,\"active\":true,\"created_at\":\"2022-06-21T16:08:26.000000Z\",\"updated_at\":\"2022-06-21T16:08:26.000000Z\"}', 'cash-receipts-voucher-unwrite', '2022-06-21 16:08:29', '2022-06-21 16:08:29'),
('8a157650-56ae-425b-91af-aa37d05ffc8a', 3, '6affb799-6bbf-11ec-a352-309c23e68112', 'ee251173-8334-11ec-8b82-b42e9986cd6c', '{\"id\":\"8d9b5637-ac0b-4b84-a3d3-302f24bb28d7\",\"menu_id\":\"ee25fe47-8334-11ec-8b82-b42e9986cd6c\",\"code\":\"PT\",\"name\":\"Thi\\u1ebft l\\u1eadp phi\\u1ebfu thu\",\"vat_account\":\"4145f0e0-1730-425f-acdd-3255c4d3881b\",\"discount_account\":\"0\",\"debit\":\"504643fc-5969-4d89-bff0-8be3c7d2b30a\",\"credit\":\"0\",\"active\":1,\"created_at\":\"2021-06-08T08:36:22.000000Z\",\"updated_at\":\"2022-05-05T17:25:44.000000Z\"}', 'setting-voucher-save', '2022-06-20 17:37:08', '2022-06-20 17:37:08'),
('8a2257b7-a172-487a-a03a-718f4b0cfdd6', 3, '6affb799-6bbf-11ec-a352-309c23e68112', '5b61b5e3-f451-4d71-9036-fc627290246c', '{\"id\":\"7736b261-c0f2-46f1-8808-819e98a201e0\",\"number_voucher\":\"5b61b5e3-f451-4d71-9036-fc627290246c\",\"format\":\"0\",\"day\":\"14\",\"month\":\"11\",\"year\":\"2023\",\"number\":1,\"length_number\":1,\"active\":1,\"created_at\":\"2023-11-14T11:52:17.000000Z\",\"updated_at\":\"2023-11-14T11:52:17.000000Z\"}', '', '2023-11-14 11:52:26', '2023-11-14 11:52:26'),
('8ab49429-ac9c-4dfe-9acb-9d84ed5316af', 2, '6affb799-6bbf-11ec-a352-309c23e68112', 'ee25fe47-8334-11ec-8b82-b42e9986cd6c', '{\"currency\":\"0\",\"accounted_auto\":\"0\",\"subject_id\":\"fe7dcd01-cda6-46ad-b117-3ac7fd5b6fbe\",\"code\":\"abc\",\"name\":\"zz\",\"traders\":\"\",\"rate\":0,\"description\":\"zzz\",\"accounting_date\":\"2022-06-23\",\"reference\":\"\",\"voucher_date\":\"2022-06-23\",\"voucher\":\"PTxxx\",\"automatic_ai\":\"\",\"detail\":[{\"id\":\"72b2dcf4-eb6e-45af-8dbc-95c1dc2b68cd\",\"description\":\"Nh\\u00f3m t\\u00e0i kho\\u1ea3n chi ph\\u00ed\",\"amount\":1000,\"rate\":1,\"amount_rate\":1000,\"case_code\":{\"id\":0,\"code\":\"---SELECT---\",\"name\":\"---SELECT---\"},\"cost_code\":{\"id\":0,\"code\":\"---SELECT---\",\"name\":\"---SELECT---\"},\"statistical_code\":{\"id\":0,\"code\":\"---SELECT---\",\"name\":\"---SELECT---\"},\"subject_code\":{\"id\":0,\"code\":\"---SELECT---\",\"name\":\"---SELECT---\"},\"work_code\":{\"id\":0,\"code\":\"---SELECT---\",\"name\":\"---SELECT---\"},\"department\":{\"id\":0,\"code\":\"---SELECT---\",\"name\":\"---SELECT---\"},\"bank_account\":{\"id\":0,\"code\":\"---SELECT---\",\"name\":\"---SELECT---\"},\"debit\":{\"id\":\"9974dc26-ca54-4275-bada-533e93bbbb8d\",\"code\":\"1112\",\"name\":\"Foreign currencies\",\"object\":0,\"bank_account\":0,\"work_code\":0,\"cost_code\":0,\"case_code\":0,\"statistical_code\":0,\"order\":0,\"contract\":0,\"depreciation\":0,\"attribution\":0},\"credit\":{\"id\":\"5c60fb4e-f3ef-423c-900f-f1692fefc41c\",\"code\":\"1332\",\"name\":\"Deductible VAT of fixed assets\",\"object\":0,\"bank_account\":0,\"work_code\":0,\"cost_code\":0,\"case_code\":0,\"statistical_code\":0,\"order\":0,\"contract\":0,\"depreciation\":0,\"attribution\":0},\"accounted_fast\":{\"id\":\"49cd4e94-c290-4639-9e23-83fdc6ef2edd\",\"code\":\"CP\",\"name\":\"Nh\\u00f3m t\\u00e0i kho\\u1ea3n chi ph\\u00ed\",\"description\":\"Nh\\u00f3m t\\u00e0i kho\\u1ea3n chi ph\\u00ed\",\"debit\":\"3\",\"credit\":\"235\",\"subject_code\":\"0\",\"case_code\":\"0\",\"cost_code\":\"0\",\"statistical_code\":\"0\",\"work_code\":\"0\",\"department\":\"0\",\"bank_account\":\"0\",\"accounted_fast\":null},\"lot_number\":\"\",\"contract\":\"\",\"order\":\"\",\"address\":null,\"invoice_form\":null,\"invoice_symbol\":null}],\"tax\":[],\"reference_by\":{},\"total_number\":0,\"total_amount\":\"1000\",\"total_amount_rate\":\"1000\",\"id\":null}', 'cash-receipts-voucher-save', '2022-06-23 15:32:55', '2022-06-23 15:32:55'),
('8f76c286-9d61-4c03-8aab-738bb6927199', 3, '6affb799-6bbf-11ec-a352-309c23e68112', 'ee250a01-8334-11ec-8b82-b42e9986cd6c', '{\"id\":\"adbbf485-e85b-4a1c-8455-043bbd86e8b6\",\"menu_id\":\"ee25fe47-8334-11ec-8b82-b42e9986cd6c\",\"code\":\"PT\",\"name\":\"Phi\\u1ebfu thu\",\"name_en\":\"Cash receipts\",\"prefix\":\"PT\",\"format_type\":\"0\",\"format\":\"\",\"number\":78,\"length_number\":3,\"change_voucher\":1,\"active\":1,\"created_at\":\"2021-04-22T09:50:25.000000Z\",\"updated_at\":\"2023-12-24T07:16:39.000000Z\"}', '', '2024-10-28 10:58:11', '2024-10-28 10:58:11'),
('8f7f725f-b0ba-4dd5-8b46-4b2da413d29b', 3, '6affb799-6bbf-11ec-a352-309c23e68112', 'ee25fe47-8334-11ec-8b82-b42e9986cd6c', '{\"currency\":\"0\",\"accounted_auto\":\"0\",\"subject_id\":\"fe7dcd01-cda6-46ad-b117-3ac7fd5b6fbe\",\"code\":\"abc\",\"name\":\"zz\",\"traders\":\"\",\"rate\":0,\"description\":\"test description 21\\/06\\/2022\",\"accounting_date\":\"2022-06-21\",\"reference\":\"\",\"voucher_date\":\"2022-06-21\",\"voucher\":\"PT062\",\"automatic_ai\":\"\",\"detail\":[{\"id\":\"35b62d09-805d-4646-8576-9094ac86223d\",\"description\":\"Nh\\u00f3m t\\u00e0i kho\\u1ea3n chi ph\\u00ed\",\"currency\":\"\",\"debit\":{\"id\":\"9974dc26-ca54-4275-bada-533e93bbbb8d\",\"code\":\"1112\",\"name\":\"Foreign currencies\"},\"credit\":{\"id\":\"4145f0e0-1730-425f-acdd-3255c4d3881b\",\"code\":\"1331\",\"name\":\"Deductible VAT of goods and services\"},\"amount\":20000,\"rate\":1,\"amount_rate\":20000,\"lot_number\":\"\",\"expiry_date\":\"21\\/06\\/2022\",\"order\":\"\",\"contract\":\"\",\"subject_id\":\"0\",\"subject_code\":{\"id\":0,\"name\":\"---SELECT---\"},\"subject_name\":\"---SELECT---\",\"case_code\":{\"id\":0,\"name\":\"---SELECT---\"},\"cost_code\":{\"id\":0,\"name\":\"---SELECT---\"},\"statistical_code\":{\"id\":0,\"name\":\"---SELECT---\"},\"work_code\":{\"id\":0,\"name\":\"---SELECT---\"},\"accounted_fast\":{\"id\":\"49cd4e94-c290-4639-9e23-83fdc6ef2edd\",\"code\":\"CP\",\"name\":null},\"department\":{\"id\":0,\"name\":\"---SELECT---\"},\"bank_account\":{\"id\":0,\"name\":\"---SELECT---\"},\"status\":0,\"active\":false}],\"tax\":[],\"reference_by\":{},\"total_number\":0,\"total_amount\":\"20000\",\"total_amount_rate\":\"20000\",\"id\":\"d932f6ff-0bca-495a-8293-27b090582853\"}', 'cash-receipts-voucher-save', '2022-06-21 15:20:10', '2022-06-21 15:20:10'),
('90a17dcf-c67e-44d2-9eec-df1520aee0f9', 3, '6affb799-6bbf-11ec-a352-309c23e68112', 'ee25fe47-8334-11ec-8b82-b42e9986cd6c', '{\"currency\":\"0\",\"accounted_auto\":\"0\",\"subject_id\":\"fe7dcd01-cda6-46ad-b117-3ac7fd5b6fbe\",\"code\":\"abc\",\"name\":\"zz\",\"traders\":\"\",\"rate\":0,\"description\":\"test description zz 21\\/06\\/2022\",\"accounting_date\":\"2022-06-21\",\"reference\":\"\",\"voucher_date\":\"2022-06-21\",\"voucher\":\"PT062\",\"automatic_ai\":\"\",\"detail\":[{\"id\":\"35b62d09-805d-4646-8576-9094ac86223d\",\"description\":\"Nh\\u00f3m t\\u00e0i kho\\u1ea3n chi ph\\u00ed\",\"currency\":\"\",\"debit\":{\"id\":\"9974dc26-ca54-4275-bada-533e93bbbb8d\",\"code\":\"1112\",\"name\":\"Foreign currencies\"},\"credit\":{\"id\":\"4145f0e0-1730-425f-acdd-3255c4d3881b\",\"code\":\"1331\",\"name\":\"Deductible VAT of goods and services\"},\"amount\":20000,\"rate\":1,\"amount_rate\":20000,\"lot_number\":\"\",\"expiry_date\":\"21\\/06\\/2022\",\"order\":\"\",\"contract\":\"\",\"subject_id\":\"0\",\"subject_code\":{\"id\":0,\"name\":\"---SELECT---\"},\"subject_name\":\"---SELECT---\",\"case_code\":{\"id\":0,\"name\":\"---SELECT---\"},\"cost_code\":{\"id\":0,\"name\":\"---SELECT---\"},\"statistical_code\":{\"id\":0,\"name\":\"---SELECT---\"},\"work_code\":{\"id\":0,\"name\":\"---SELECT---\"},\"accounted_fast\":{\"id\":\"49cd4e94-c290-4639-9e23-83fdc6ef2edd\",\"code\":\"CP\",\"name\":null},\"department\":{\"id\":0,\"name\":\"---SELECT---\"},\"bank_account\":{\"id\":0,\"name\":\"---SELECT---\"},\"status\":0,\"active\":false}],\"tax\":[],\"reference_by\":{},\"total_number\":0,\"total_amount\":\"20000\",\"total_amount_rate\":\"20000\",\"id\":\"d932f6ff-0bca-495a-8293-27b090582853\"}', 'cash-receipts-voucher-save', '2022-06-21 15:22:22', '2022-06-21 15:22:22'),
('9201e963-de8c-406e-8bda-11e3a807cdac', 4, '6affb799-6bbf-11ec-a352-309c23e68112', 'ee25fe47-8334-11ec-8b82-b42e9986cd6c', '{\"id\":\"cc7bf8a0-3c8d-4f3a-832a-3d7a40fdf105\",\"type\":1,\"currency\":\"0\",\"stock_id\":\"\",\"voucher\":\"PT063\",\"description\":\"test description 21\\/06\\/2022\",\"voucher_date\":\"2022-06-21\",\"accounting_date\":\"2022-06-21\",\"traders\":\"\",\"subject\":\"fe7dcd01-cda6-46ad-b117-3ac7fd5b6fbe\",\"stock_receipt\":\"\",\"stock_issue\":\"\",\"total_number\":\"0\",\"total_amount\":\"400000\",\"total_discount\":\"0\",\"discount\":\"0\",\"discount_percent\":\"0\",\"rate\":\"1\",\"total_amount_rate\":\"400000\",\"reference\":\"\",\"reference_by\":\"\",\"payment_status\":0,\"payment\":\"\",\"user\":\"6affb799-6bbf-11ec-a352-309c23e68112\",\"status\":1,\"active\":false,\"created_at\":\"2022-06-21T15:59:31.000000Z\",\"updated_at\":\"2022-06-21T15:59:31.000000Z\",\"detail\":[{\"id\":\"2727457b-de7e-4d99-9a7b-ab41d2d01e09\",\"general_id\":\"cc7bf8a0-3c8d-4f3a-832a-3d7a40fdf105\",\"item_id\":\"\",\"item_code\":\"\",\"description\":\"Nh\\u00f3m t\\u00e0i kho\\u1ea3n kho\",\"currency\":\"\",\"unit\":\"\",\"debit\":{\"id\":\"9974dc26-ca54-4275-bada-533e93bbbb8d\",\"type\":\"eb806569-d6f1-4309-9d38-491aa3092534\",\"code\":\"1112\",\"name\":\"Ngo\\u1ea1i t\\u1ec7\",\"name_en\":\"Foreign currencies\",\"parent_id\":\"5b39f5a6-b5da-4df8-8e93-4de73797957e\",\"nature\":\"6c10379d-9c3a-11ec-9f9b-b42e9986cd6c\",\"date_start\":\"2020-09-19\",\"date_end\":\"2020-09-19\",\"description\":\"\",\"detail_object\":0,\"detail_bank_account\":0,\"detail_work\":0,\"detail_cost\":0,\"detail_statistical\":0,\"detail_case\":0,\"detail_orders\":0,\"detail_contract\":0,\"detail_depreciation\":0,\"detail_attribution\":0,\"document_id\":\"2f64b191-723e-11ec-80d2-309c23e68112\",\"active\":1,\"created_at\":\"2020-09-19T06:12:40.000000Z\",\"updated_at\":\"2020-09-19T06:12:40.000000Z\"},\"credit\":{\"id\":\"4289c824-911e-4144-abfc-90ded2395b67\",\"type\":\"dc7b1510-32d2-4025-a221-a3cd673e589a\",\"code\":\"5117\",\"name\":\"Doanh thu kinh doanh b\\u1ea5t \\u0111\\u1ed9ng s\\u1ea3n \\u0111\\u1ea7u t\\u01b0\",\"name_en\":\"Revenue from investment properties\",\"parent_id\":\"9ade13bf-a8e7-4a79-b387-f07a87ccefc9\",\"nature\":\"6c0e5221-9c3a-11ec-9f9b-b42e9986cd6c\",\"date_start\":\"2020-09-19\",\"date_end\":\"2020-09-19\",\"description\":\"\",\"detail_object\":0,\"detail_bank_account\":0,\"detail_work\":0,\"detail_cost\":0,\"detail_statistical\":0,\"detail_case\":0,\"detail_orders\":0,\"detail_contract\":0,\"detail_depreciation\":0,\"detail_attribution\":0,\"document_id\":\"2f64b191-723e-11ec-80d2-309c23e68112\",\"active\":1,\"created_at\":\"2020-09-19T09:13:40.000000Z\",\"updated_at\":\"2020-09-19T09:13:40.000000Z\"},\"quantity\":\"0\",\"quantity_receipt\":\"0\",\"price\":\"0\",\"purchase_price\":\"0\",\"amount\":\"100000\",\"rate\":\"1\",\"amount_rate\":\"100000\",\"purchase_amount\":\"0\",\"lot_number\":\"\",\"expiry_date\":\"21\\/06\\/2022\",\"contract\":\"\",\"order\":\"\",\"discount\":\"0.00\",\"discount_percent\":\"0.00\",\"total_discount\":\"0.00\",\"case_code\":null,\"cost_code\":null,\"statistical_code\":null,\"work_code\":null,\"accounted_fast\":{\"id\":\"12b0d545-524f-47c5-942f-74dd4cc814da\",\"code\":\"KH\",\"name\":\"Nh\\u00f3m t\\u00e0i kho\\u1ea3n kho\",\"debit\":\"9974dc26-ca54-4275-bada-533e93bbbb8d\",\"credit\":\"0\",\"subject_debit\":\"1\",\"subject_credit\":\"23\",\"case_code\":\"0\",\"cost_code\":\"0\",\"statistical_code\":\"0\",\"work_code\":\"0\",\"department\":\"0\",\"bank_account\":\"0\",\"active\":1,\"created_at\":\"2022-03-06T04:37:28.000000Z\",\"updated_at\":\"2022-03-06T04:37:28.000000Z\"},\"department\":null,\"bank_account\":null,\"subject_id_debit\":\"\",\"subject_name_debit\":\"\",\"subject_id_credit\":\"0\",\"subject_name_credit\":\"---SELECT---\",\"status\":0,\"active\":false,\"created_at\":\"2022-06-21T15:59:29.000000Z\",\"updated_at\":\"2022-06-21T15:59:29.000000Z\"},{\"id\":\"a4c1e756-fb74-4e25-846d-4314f5db68f5\",\"general_id\":\"cc7bf8a0-3c8d-4f3a-832a-3d7a40fdf105\",\"item_id\":\"\",\"item_code\":\"\",\"description\":\"Nh\\u00f3m t\\u00e0i kho\\u1ea3n chi ph\\u00ed\",\"currency\":\"\",\"unit\":\"\",\"debit\":{\"id\":\"504643fc-5969-4d89-bff0-8be3c7d2b30a\",\"type\":\"eb806569-d6f1-4309-9d38-491aa3092534\",\"code\":\"1111\",\"name\":\"Ti\\u1ec1n Vi\\u1ec7t Nam\",\"name_en\":\"Vietnamese Dong\",\"parent_id\":\"5b39f5a6-b5da-4df8-8e93-4de73797957e\",\"nature\":\"6c10379d-9c3a-11ec-9f9b-b42e9986cd6c\",\"date_start\":\"2020-09-19\",\"date_end\":\"2020-09-19\",\"description\":\"\",\"detail_object\":0,\"detail_bank_account\":0,\"detail_work\":0,\"detail_cost\":0,\"detail_statistical\":0,\"detail_case\":0,\"detail_orders\":0,\"detail_contract\":0,\"detail_depreciation\":0,\"detail_attribution\":0,\"document_id\":\"2f64b191-723e-11ec-80d2-309c23e68112\",\"active\":1,\"created_at\":\"2020-09-19T06:11:40.000000Z\",\"updated_at\":\"2020-09-19T06:11:40.000000Z\"},\"credit\":{\"id\":\"4145f0e0-1730-425f-acdd-3255c4d3881b\",\"type\":\"eb806569-d6f1-4309-9d38-491aa3092534\",\"code\":\"1331\",\"name\":\"Thu\\u1ebf GTGT \\u0111\\u01b0\\u1ee3c kh\\u1ea5u tr\\u1eeb c\\u1ee7a h\\u00e0ng h\\u00f3a, d\\u1ecbch v\\u1ee5\",\"name_en\":\"Deductible VAT of goods and services\",\"parent_id\":\"9b833a58-45db-427b-b915-2843dadc4b20\",\"nature\":\"6c10379d-9c3a-11ec-9f9b-b42e9986cd6c\",\"date_start\":\"2020-09-19\",\"date_end\":\"2020-09-19\",\"description\":\"\",\"detail_object\":0,\"detail_bank_account\":0,\"detail_work\":0,\"detail_cost\":0,\"detail_statistical\":0,\"detail_case\":0,\"detail_orders\":0,\"detail_contract\":0,\"detail_depreciation\":0,\"detail_attribution\":0,\"document_id\":\"2f64b191-723e-11ec-80d2-309c23e68112\",\"active\":1,\"created_at\":\"2020-09-19T06:32:40.000000Z\",\"updated_at\":\"2020-09-19T06:32:40.000000Z\"},\"quantity\":\"0\",\"quantity_receipt\":\"0\",\"price\":\"0\",\"purchase_price\":\"0\",\"amount\":\"300000\",\"rate\":\"1\",\"amount_rate\":\"300000\",\"purchase_amount\":\"0\",\"lot_number\":\"\",\"expiry_date\":\"21\\/06\\/2022\",\"contract\":\"\",\"order\":\"\",\"discount\":\"0.00\",\"discount_percent\":\"0.00\",\"total_discount\":\"0.00\",\"case_code\":null,\"cost_code\":null,\"statistical_code\":null,\"work_code\":null,\"accounted_fast\":{\"id\":\"49cd4e94-c290-4639-9e23-83fdc6ef2edd\",\"code\":\"CP\",\"name\":\"Nh\\u00f3m t\\u00e0i kho\\u1ea3n chi ph\\u00ed\",\"debit\":\"3\",\"credit\":\"235\",\"subject_debit\":\"0\",\"subject_credit\":\"0\",\"case_code\":\"0\",\"cost_code\":\"0\",\"statistical_code\":\"0\",\"work_code\":\"0\",\"department\":\"0\",\"bank_account\":\"0\",\"active\":1,\"created_at\":\"2020-09-19T09:36:29.000000Z\",\"updated_at\":\"2021-06-12T05:04:17.000000Z\"},\"department\":null,\"bank_account\":null,\"subject_id_debit\":\"\",\"subject_name_debit\":\"\",\"subject_id_credit\":\"0\",\"subject_name_credit\":\"---SELECT---\",\"status\":0,\"active\":false,\"created_at\":\"2022-06-21T15:59:29.000000Z\",\"updated_at\":\"2022-06-21T15:59:29.000000Z\"}],\"tax\":[],\"attach\":[{\"id\":\"2727457b-de7e-4d99-9a7b-ab41d2d01e09\",\"general_id\":\"cc7bf8a0-3c8d-4f3a-832a-3d7a40fdf105\",\"item_id\":\"\",\"item_code\":\"\",\"description\":\"Nh\\u00f3m t\\u00e0i kho\\u1ea3n kho\",\"currency\":\"\",\"unit\":\"\",\"debit\":\"9974dc26-ca54-4275-bada-533e93bbbb8d\",\"credit\":\"4289c824-911e-4144-abfc-90ded2395b67\",\"quantity\":\"0.00\",\"quantity_receipt\":\"0.00\",\"price\":\"0.00\",\"purchase_price\":\"0.00\",\"amount\":\"100000.00\",\"rate\":\"1.00\",\"amount_rate\":\"100000.00\",\"purchase_amount\":\"0.00\",\"lot_number\":\"\",\"expiry_date\":null,\"contract\":\"\",\"order\":\"\",\"discount\":\"0.00\",\"discount_percent\":\"0.00\",\"total_discount\":\"0.00\",\"case_code\":\"0\",\"cost_code\":\"0\",\"statistical_code\":\"0\",\"work_code\":\"0\",\"accounted_fast\":\"12b0d545-524f-47c5-942f-74dd4cc814da\",\"department\":\"0\",\"bank_account\":\"0\",\"subject_id_debit\":\"\",\"subject_name_debit\":\"\",\"subject_id_credit\":\"0\",\"subject_name_credit\":\"---SELECT---\",\"status\":0,\"active\":0,\"created_at\":\"2022-06-21T15:59:29.000000Z\",\"updated_at\":\"2022-06-21T15:59:29.000000Z\"},{\"id\":\"a4c1e756-fb74-4e25-846d-4314f5db68f5\",\"general_id\":\"cc7bf8a0-3c8d-4f3a-832a-3d7a40fdf105\",\"item_id\":\"\",\"item_code\":\"\",\"description\":\"Nh\\u00f3m t\\u00e0i kho\\u1ea3n chi ph\\u00ed\",\"currency\":\"\",\"unit\":\"\",\"debit\":\"504643fc-5969-4d89-bff0-8be3c7d2b30a\",\"credit\":\"4145f0e0-1730-425f-acdd-3255c4d3881b\",\"quantity\":\"0.00\",\"quantity_receipt\":\"0.00\",\"price\":\"0.00\",\"purchase_price\":\"0.00\",\"amount\":\"300000.00\",\"rate\":\"1.00\",\"amount_rate\":\"300000.00\",\"purchase_amount\":\"0.00\",\"lot_number\":\"\",\"expiry_date\":null,\"contract\":\"\",\"order\":\"\",\"discount\":\"0.00\",\"discount_percent\":\"0.00\",\"total_discount\":\"0.00\",\"case_code\":\"0\",\"cost_code\":\"0\",\"statistical_code\":\"0\",\"work_code\":\"0\",\"accounted_fast\":\"49cd4e94-c290-4639-9e23-83fdc6ef2edd\",\"department\":\"0\",\"bank_account\":\"0\",\"subject_id_debit\":\"\",\"subject_name_debit\":\"\",\"subject_id_credit\":\"0\",\"subject_name_credit\":\"---SELECT---\",\"status\":0,\"active\":0,\"created_at\":\"2022-06-21T15:59:29.000000Z\",\"updated_at\":\"2022-06-21T15:59:29.000000Z\"}]}', 'cash-receipts-voucher-delete', '2022-06-21 15:59:33', '2022-06-21 15:59:33'),
('925f90a2-e012-4436-b56d-fdf1c1dede70', 3, '6affb799-6bbf-11ec-a352-309c23e68112', 'ee251534-8334-11ec-8b82-b42e9986cd6c', '{\"id\":\"1\",\"code\":\"S1\",\"name\":\"H\\u00e0ng minibar\",\"name_en\":\"Minibar\",\"description\":\"test\",\"unit_id\":\"c3a76329-f49b-449d-b3e4-27036543f0e1\",\"type\":\"79299bb5-0e36-4165-ae78-3365d2a16134\",\"group\":\"79299bb5-0e36-4165-ae78-3365d2a16134\",\"interpretations_buy\":\"aa\",\"interpretations_sell\":\"zz\",\"warranty_period\":\"0\",\"minimum_stock_quantity\":\"0.00\",\"maximum_stock_quantity\":\"0.00\",\"origin\":\"\",\"stock_default\":\"0\",\"stock_account\":\"0\",\"revenue_account\":\"0\",\"cost_account\":\"0\",\"percent_purchase_discount\":\"0.00\",\"purchase_discount\":\"0.00\",\"price_purchase\":\"3000000.00\",\"price\":\"3000000.00\",\"vat_tax\":\"0\",\"import_tax\":\"0\",\"export_tax\":\"0\",\"excise_tax\":\"0\",\"image\":\"uploads\\/sg\\/1\\/1\\/Screenshot (1).png\",\"identity\":\"\",\"sync\":\"64c5ba68-aea6-45e9-b57d-b7895310d3cc\",\"active\":1,\"created_at\":\"2020-09-01T21:47:25.000000Z\",\"updated_at\":\"2022-06-11T15:59:27.000000Z\"}', 'supplies-goods-save', '2022-06-12 15:35:16', '2022-06-12 15:35:16'),
('928f51c3-50d0-47d8-882e-b44023f12e4a', 2, '6affb799-6bbf-11ec-a352-309c23e68112', 'ee25fe47-8334-11ec-8b82-b42e9986cd6c', '{\"currency\":\"0\",\"accounted_auto\":\"0\",\"subject_id\":\"fe7dcd01-cda6-46ad-b117-3ac7fd5b6fbe\",\"code\":\"abc\",\"name\":\"zz\",\"traders\":\"\",\"rate\":1,\"description\":\"zzz\",\"accounting_date\":\"2022-06-22\",\"reference\":\"\",\"voucher_date\":\"2022-06-22\",\"voucher\":\"PTxxx\",\"automatic_ai\":\"\",\"detail\":[{\"id\":\"7af85fd2-4453-45ec-b50a-f15324bfc753\",\"description\":\"zzz\",\"amount\":10000,\"rate\":1,\"amount_rate\":10000,\"case_code\":{\"id\":0,\"code\":\"---SELECT---\",\"name\":\"---SELECT---\"},\"cost_code\":{\"id\":0,\"code\":\"---SELECT---\",\"name\":\"---SELECT---\"},\"statistical_code\":{\"id\":0,\"code\":\"---SELECT---\",\"name\":\"---SELECT---\"},\"subject_code\":{\"id\":0,\"code\":\"---SELECT---\",\"name\":\"---SELECT---\"},\"work_code\":{\"id\":0,\"code\":\"---SELECT---\",\"name\":\"---SELECT---\"},\"department\":{\"id\":0,\"code\":\"---SELECT---\",\"name\":\"---SELECT---\"},\"bank_account\":{\"id\":0,\"code\":\"---SELECT---\",\"name\":\"---SELECT---\"},\"debit\":{\"id\":\"504643fc-5969-4d89-bff0-8be3c7d2b30a\",\"code\":\"1111\",\"name\":\"1111\"},\"credit\":{\"id\":\"4145f0e0-1730-425f-acdd-3255c4d3881b\",\"code\":\"1331\",\"name\":\"Deductible VAT of goods and services\",\"object\":0,\"bank_account\":0,\"work_code\":0,\"cost_code\":0,\"case_code\":0,\"statistical_code\":0,\"order\":0,\"contract\":0,\"depreciation\":0,\"attribution\":0},\"accounted_fast\":{\"id\":0,\"code\":\"---SELECT---\",\"name\":\"---SELECT---\"},\"lot_number\":\"\",\"contract\":\"\",\"order\":\"\"}],\"tax\":[],\"reference_by\":{},\"total_number\":0,\"total_amount\":\"10000\",\"total_amount_rate\":\"10000\",\"id\":null}', 'cash-receipts-voucher-save', '2022-06-22 14:33:12', '2022-06-22 14:33:12'),
('932e687d-e75c-4512-bc97-1cef0562584a', 3, '6affb799-6bbf-11ec-a352-309c23e68112', 'ee251534-8334-11ec-8b82-b42e9986cd6c', '{\"id\":\"1\",\"code\":\"S1\",\"name\":\"H\\u00e0ng minibar\",\"name_en\":\"Minibar\",\"description\":\"test\",\"unit_id\":\"c3a76329-f49b-449d-b3e4-27036543f0e1\",\"type\":\"79299bb5-0e36-4165-ae78-3365d2a16134\",\"group\":\"79299bb5-0e36-4165-ae78-3365d2a16134\",\"interpretations_buy\":\"aa\",\"interpretations_sell\":\"zz\",\"warranty_period\":\"0\",\"minimum_stock_quantity\":\"0.00\",\"maximum_stock_quantity\":\"0.00\",\"origin\":\"\",\"stock_default\":\"0\",\"stock_account\":\"0\",\"revenue_account\":\"0\",\"cost_account\":\"0\",\"percent_purchase_discount\":\"0\",\"purchase_discount\":\"0\",\"price_purchase\":\"500\",\"price\":\"100\",\"vat_tax\":\"0\",\"import_tax\":\"0\",\"export_tax\":\"0\",\"excise_tax\":\"0\",\"image\":\"uploads\\/sg\\/1\\/1\\/Screenshot (1).png\",\"identity\":\"\",\"sync\":\"64c5ba68-aea6-45e9-b57d-b7895310d3cc\",\"active\":true,\"created_at\":\"2020-09-01T21:47:25.000000Z\",\"updated_at\":\"2022-06-12T18:02:14.000000Z\"}', 'supplies-goods-save', '2022-06-16 16:38:07', '2022-06-16 16:38:07'),
('93fd169c-3b92-4513-9b57-888a42c83afd', 3, '6affb799-6bbf-11ec-a352-309c23e68112', 'ee251096-8334-11ec-8b82-b42e9986cd6c', '{\"id\":\"6371aaf1-814d-48b4-bf23-616a46ff7931\",\"code\":\"C006\",\"name\":\"C\\u00f4ng ty TNHH ACB\",\"name_en\":\"Cosmetic\",\"conversion_calculation\":\"2\",\"rate\":\"0\",\"conversion_rate_vi\":\"100\",\"conversion_rate_en\":\"100\",\"currency_1_vi\":\"dong\",\"currency_1_en\":\"zz\",\"currency_2_vi\":\"test\",\"currency_2_en\":\"zz\",\"currency_3_vi\":\"zz\",\"currency_3_en\":\"zz\",\"account_bank\":\"0\",\"account_cash\":\"0\",\"filter\":null,\"active\":1,\"created_at\":\"2022-04-21T14:00:07.000000Z\",\"updated_at\":\"2022-04-21T14:09:58.000000Z\"}', 'currency-save', '2022-06-18 17:21:57', '2022-06-18 17:21:57'),
('94ef496c-9582-47f1-b8d9-d1f4fa9fa6c4', 3, '6affb799-6bbf-11ec-a352-309c23e68112', 'ee25fc75-8334-11ec-8b82-b42e9986cd6c', '{\"id\":\"d932f6ff-0bca-495a-8293-27b090582853\",\"type\":1,\"currency\":\"0\",\"stock_id\":\"\",\"voucher\":\"PT062\",\"description\":\"test description 21\\/06\\/2022\",\"voucher_date\":\"2022-06-21\",\"accounting_date\":\"2022-06-21\",\"traders\":\"\",\"subject\":\"fe7dcd01-cda6-46ad-b117-3ac7fd5b6fbe\",\"stock_receipt\":\"\",\"stock_issue\":\"\",\"total_number\":\"0\",\"total_amount\":\"20000\",\"total_discount\":\"0\",\"discount\":\"0\",\"discount_percent\":\"0\",\"rate\":\"1\",\"total_amount_rate\":\"20000\",\"reference\":\"\",\"reference_by\":\"\",\"payment_status\":0,\"payment\":\"\",\"user\":\"6affb799-6bbf-11ec-a352-309c23e68112\",\"status\":1,\"active\":true,\"created_at\":\"2022-06-21T14:34:09.000000Z\",\"updated_at\":\"2022-06-21T14:34:09.000000Z\"}', 'cash-receipts-voucher-unwrite', '2022-06-21 15:20:05', '2022-06-21 15:20:05'),
('9578673f-6aab-498d-8a3c-4d19ba0bd58c', 4, '6affb799-6bbf-11ec-a352-309c23e68112', 'ee25fe47-8334-11ec-8b82-b42e9986cd6c', '{\"id\":\"1b6b8847-8639-4e3d-998f-59af1f448ef4\",\"type\":1,\"currency\":\"0\",\"stock_id\":\"\",\"voucher\":\"PT075\",\"description\":\"zzz\",\"voucher_date\":\"2022-06-22\",\"accounting_date\":\"2022-06-22\",\"traders\":\"\",\"subject\":\"fe7dcd01-cda6-46ad-b117-3ac7fd5b6fbe\",\"stock_receipt\":\"\",\"stock_issue\":\"\",\"total_number\":\"0\",\"total_amount\":\"10000\",\"total_discount\":\"0\",\"discount\":\"0\",\"discount_percent\":\"0\",\"rate\":\"1\",\"total_amount_rate\":\"10000\",\"reference\":\"\",\"reference_by\":\"\",\"payment_status\":0,\"payment\":\"\",\"user\":\"6affb799-6bbf-11ec-a352-309c23e68112\",\"status\":1,\"active\":false,\"created_at\":\"2022-06-22T14:33:15.000000Z\",\"updated_at\":\"2022-06-22T14:33:15.000000Z\",\"detail\":[{\"id\":\"7af85fd2-4453-45ec-b50a-f15324bfc753\",\"general_id\":\"1b6b8847-8639-4e3d-998f-59af1f448ef4\",\"item_id\":\"\",\"item_code\":\"\",\"description\":\"zzz\",\"currency\":\"\",\"unit\":\"\",\"debit\":{\"id\":\"504643fc-5969-4d89-bff0-8be3c7d2b30a\",\"type\":\"eb806569-d6f1-4309-9d38-491aa3092534\",\"code\":\"1111\",\"name\":\"Ti\\u1ec1n Vi\\u1ec7t Nam\",\"name_en\":\"Vietnamese Dong\",\"parent_id\":\"5b39f5a6-b5da-4df8-8e93-4de73797957e\",\"nature\":\"6c10379d-9c3a-11ec-9f9b-b42e9986cd6c\",\"date_start\":\"2020-09-19\",\"date_end\":\"2020-09-19\",\"description\":\"\",\"detail_object\":0,\"detail_bank_account\":0,\"detail_work\":0,\"detail_cost\":0,\"detail_statistical\":0,\"detail_case\":0,\"detail_orders\":0,\"detail_contract\":0,\"detail_depreciation\":0,\"detail_attribution\":0,\"document_id\":\"2f64b191-723e-11ec-80d2-309c23e68112\",\"active\":1,\"created_at\":\"2020-09-19T06:11:40.000000Z\",\"updated_at\":\"2020-09-19T06:11:40.000000Z\"},\"credit\":{\"id\":\"4145f0e0-1730-425f-acdd-3255c4d3881b\",\"type\":\"eb806569-d6f1-4309-9d38-491aa3092534\",\"code\":\"1331\",\"name\":\"Thu\\u1ebf GTGT \\u0111\\u01b0\\u1ee3c kh\\u1ea5u tr\\u1eeb c\\u1ee7a h\\u00e0ng h\\u00f3a, d\\u1ecbch v\\u1ee5\",\"name_en\":\"Deductible VAT of goods and services\",\"parent_id\":\"9b833a58-45db-427b-b915-2843dadc4b20\",\"nature\":\"6c10379d-9c3a-11ec-9f9b-b42e9986cd6c\",\"date_start\":\"2020-09-19\",\"date_end\":\"2020-09-19\",\"description\":\"\",\"detail_object\":0,\"detail_bank_account\":0,\"detail_work\":0,\"detail_cost\":0,\"detail_statistical\":0,\"detail_case\":0,\"detail_orders\":0,\"detail_contract\":0,\"detail_depreciation\":0,\"detail_attribution\":0,\"document_id\":\"2f64b191-723e-11ec-80d2-309c23e68112\",\"active\":1,\"created_at\":\"2020-09-19T06:32:40.000000Z\",\"updated_at\":\"2020-09-19T06:32:40.000000Z\"},\"quantity\":\"0\",\"quantity_receipt\":\"0\",\"price\":\"0\",\"purchase_price\":\"0\",\"amount\":\"10000\",\"rate\":\"1\",\"amount_rate\":\"10000\",\"purchase_amount\":\"0\",\"lot_number\":\"\",\"expiry_date\":\"22\\/06\\/2022\",\"contract\":\"\",\"order\":\"\",\"discount\":\"0.00\",\"discount_percent\":\"0.00\",\"total_discount\":\"0.00\",\"case_code\":null,\"cost_code\":null,\"statistical_code\":null,\"work_code\":null,\"accounted_fast\":null,\"department\":null,\"bank_account\":null,\"subject_id_debit\":\"\",\"subject_name_debit\":\"\",\"subject_id_credit\":\"0\",\"subject_name_credit\":\"---SELECT---\",\"status\":0,\"active\":false,\"created_at\":\"2022-06-22T14:33:12.000000Z\",\"updated_at\":\"2022-06-22T14:33:12.000000Z\"}],\"tax\":[],\"attach\":[{\"id\":\"7af85fd2-4453-45ec-b50a-f15324bfc753\",\"general_id\":\"1b6b8847-8639-4e3d-998f-59af1f448ef4\",\"item_id\":\"\",\"item_code\":\"\",\"description\":\"zzz\",\"currency\":\"\",\"unit\":\"\",\"debit\":\"504643fc-5969-4d89-bff0-8be3c7d2b30a\",\"credit\":\"4145f0e0-1730-425f-acdd-3255c4d3881b\",\"quantity\":\"0.00\",\"quantity_receipt\":\"0.00\",\"price\":\"0.00\",\"purchase_price\":\"0.00\",\"amount\":\"10000.00\",\"rate\":\"1.00\",\"amount_rate\":\"10000.00\",\"purchase_amount\":\"0.00\",\"lot_number\":\"\",\"expiry_date\":null,\"contract\":\"\",\"order\":\"\",\"discount\":\"0.00\",\"discount_percent\":\"0.00\",\"total_discount\":\"0.00\",\"case_code\":\"0\",\"cost_code\":\"0\",\"statistical_code\":\"0\",\"work_code\":\"0\",\"accounted_fast\":\"0\",\"department\":\"0\",\"bank_account\":\"0\",\"subject_id_debit\":\"\",\"subject_name_debit\":\"\",\"subject_id_credit\":\"0\",\"subject_name_credit\":\"---SELECT---\",\"status\":0,\"active\":0,\"created_at\":\"2022-06-22T14:33:12.000000Z\",\"updated_at\":\"2022-06-22T14:33:12.000000Z\"}]}', 'cash-receipts-voucher-delete', '2022-06-22 14:33:46', '2022-06-22 14:33:46'),
('9754ed38-1791-4b8a-a6c7-98ca930d55bf', 3, '6affb799-6bbf-11ec-a352-309c23e68112', 'ee25fc75-8334-11ec-8b82-b42e9986cd6c', '{\"id\":\"497f83f9-8802-4abe-81e6-3ab2ef554e3f\",\"type\":1,\"currency\":\"0\",\"stock_id\":\"\",\"voucher\":\"PT069\",\"description\":\"zz\",\"voucher_date\":\"2022-06-22\",\"accounting_date\":\"2022-06-22\",\"traders\":\"\",\"subject\":\"fe7dcd01-cda6-46ad-b117-3ac7fd5b6fbe\",\"stock_receipt\":\"\",\"stock_issue\":\"\",\"total_number\":\"0\",\"total_amount\":\"1000\",\"total_discount\":\"0\",\"discount\":\"0\",\"discount_percent\":\"0\",\"rate\":\"0\",\"total_amount_rate\":\"1000\",\"reference\":\"\",\"reference_by\":\"\",\"payment_status\":0,\"payment\":\"\",\"user\":\"6affb799-6bbf-11ec-a352-309c23e68112\",\"status\":1,\"active\":true,\"created_at\":\"2022-06-21T17:07:06.000000Z\",\"updated_at\":\"2022-06-21T17:07:06.000000Z\"}', 'cash-receipts-voucher-unwrite', '2022-06-21 17:07:08', '2022-06-21 17:07:08'),
('9ad913db-68df-4e28-9ea4-192e6b33da03', 3, '6affb799-6bbf-11ec-a352-309c23e68112', 'ee250a01-8334-11ec-8b82-b42e9986cd6c', '{\"id\":\"adbbf485-e85b-4a1c-8455-043bbd86e8b6\",\"menu_id\":\"ee25fe47-8334-11ec-8b82-b42e9986cd6c\",\"menu_general_id\":null,\"code\":\"PT\",\"name\":\"Phi\\u1ebfu thu\",\"name_en\":\"Cash receipts\",\"prefix\":\"PT\",\"format\":\"YYYYMMX\",\"number\":78,\"length_number\":3,\"change_voucher\":1,\"active\":1,\"created_at\":\"2021-04-22T09:50:25.000000Z\",\"updated_at\":\"2024-10-31T12:54:58.000000Z\"}', '', '2024-11-04 15:13:43', '2024-11-04 15:13:43'),
('9f9a423b-86ef-4598-8a80-6831aa13e35f', 2, '6affb799-6bbf-11ec-a352-309c23e68112', 'ee25fe47-8334-11ec-8b82-b42e9986cd6c', '{\"currency\":\"0\",\"accounted_auto\":\"0\",\"subject_id\":\"fe7dcd01-cda6-46ad-b117-3ac7fd5b6fbe\",\"code\":\"abc\",\"name\":\"zz\",\"traders\":\"\",\"rate\":0,\"description\":\"test description 21\\/06\\/2022\",\"accounting_date\":\"2022-06-21\",\"reference\":\"\",\"voucher_date\":\"2022-06-21\",\"voucher\":\"PTxxx\",\"automatic_ai\":\"\",\"detail\":[{\"id\":\"481e74da-a966-4466-9cc3-cbd3c5baeb52\",\"description\":\"Nh\\u00f3m t\\u00e0i kho\\u1ea3n doanh thu\",\"amount\":200000,\"rate\":1,\"amount_rate\":200000,\"case_code\":{\"id\":0,\"code\":\"---SELECT---\",\"name\":\"---SELECT---\"},\"cost_code\":{\"id\":0,\"code\":\"---SELECT---\",\"name\":\"---SELECT---\"},\"statistical_code\":{\"id\":0,\"code\":\"---SELECT---\",\"name\":\"---SELECT---\"},\"subject_code\":{\"id\":0,\"code\":\"---SELECT---\",\"name\":\"---SELECT---\"},\"work_code\":{\"id\":0,\"code\":\"---SELECT---\",\"name\":\"---SELECT---\"},\"department\":{\"id\":0,\"code\":\"---SELECT---\",\"name\":\"---SELECT---\"},\"bank_account\":{\"id\":0,\"code\":\"---SELECT---\",\"name\":\"---SELECT---\"},\"debit\":{\"id\":\"504643fc-5969-4d89-bff0-8be3c7d2b30a\",\"code\":\"1111\",\"name\":\"Vietnamese Dong\",\"object\":0,\"bank_account\":0,\"work_code\":0,\"cost_code\":0,\"case_code\":0,\"statistical_code\":0,\"order\":0,\"contract\":0,\"depreciation\":0,\"attribution\":0},\"credit\":{\"id\":\"310aa3cf-674f-4080-88d3-a3ec5362f335\",\"code\":\"141\",\"name\":\"Advances\",\"object\":0,\"bank_account\":0,\"work_code\":0,\"cost_code\":0,\"case_code\":0,\"statistical_code\":0,\"order\":0,\"contract\":0,\"depreciation\":0,\"attribution\":0},\"accounted_fast\":{\"id\":\"c49f4326-7a23-4c58-bbbe-21aebcc82e6d\",\"code\":\"DT\",\"name\":\"Nh\\u00f3m t\\u00e0i kho\\u1ea3n doanh thu\",\"description\":\"Nh\\u00f3m t\\u00e0i kho\\u1ea3n doanh thu\",\"debit\":\"2\",\"credit\":\"235\",\"subject_code\":\"0\",\"case_code\":\"2\",\"cost_code\":\"0\",\"statistical_code\":\"0\",\"work_code\":\"0\",\"department\":\"0\",\"bank_account\":\"0\",\"accounted_fast\":null},\"lot_number\":\"\",\"contract\":\"\",\"order\":\"\"}],\"tax\":[],\"reference_by\":{},\"total_number\":0,\"total_amount\":\"200000\",\"total_amount_rate\":\"200000\",\"id\":null}', 'cash-receipts-voucher-save', '2022-06-21 16:02:16', '2022-06-21 16:02:16'),
('a0ca67cc-e92e-4e1b-a124-d7d08067f476', 2, '6affb799-6bbf-11ec-a352-309c23e68112', 'ee25fe47-8334-11ec-8b82-b42e9986cd6c', '{\"currency\":\"0\",\"accounted_auto\":\"0\",\"subject_id\":\"fe7dcd01-cda6-46ad-b117-3ac7fd5b6fbe\",\"code\":\"abc\",\"name\":\"zz\",\"traders\":\"\",\"rate\":0,\"description\":\"tezzz\",\"accounting_date\":\"2024-10-28\",\"reference\":\"\",\"voucher_date\":\"2024-10-28\",\"voucher\":\"PTYYYYMMxxx\",\"automatic_ai\":\"\",\"detail\":[{\"id\":\"10f1c6ca-b0e5-4dad-87bc-32172eabc086\",\"description\":\"Nh\\u00f3m t\\u00e0i kho\\u1ea3n chi ph\\u00ed\",\"amount\":20000,\"rate\":1,\"amount_rate\":20000,\"case_code\":{\"id\":0,\"code\":\"---SELECT---\",\"name\":\"---SELECT---\"},\"cost_code\":{\"id\":0,\"code\":\"---SELECT---\",\"name\":\"---SELECT---\"},\"statistical_code\":{\"id\":0,\"code\":\"---SELECT---\",\"name\":\"---SELECT---\"},\"subject_code\":{\"id\":0,\"code\":\"---SELECT---\",\"name\":\"---SELECT---\"},\"work_code\":{\"id\":0,\"code\":\"---SELECT---\",\"name\":\"---SELECT---\"},\"department\":{\"id\":0,\"code\":\"---SELECT---\",\"name\":\"---SELECT---\"},\"bank_account\":{\"id\":0,\"code\":\"---SELECT---\",\"name\":\"---SELECT---\"},\"debit\":{\"id\":\"b9a12b64-7e27-45dc-b22b-f0f8f899c32d\",\"code\":\"1113\",\"name\":\"Monetary Gold\",\"object\":0,\"bank_account\":0,\"work_code\":0,\"cost_code\":0,\"case_code\":0,\"statistical_code\":0,\"order\":0,\"contract\":0,\"depreciation\":0,\"attribution\":0},\"credit\":{\"id\":\"b954255d-9367-482d-b615-80e302db45aa\",\"code\":\"5113\",\"name\":\"Revenue from services rendered\",\"object\":0,\"bank_account\":0,\"work_code\":0,\"cost_code\":0,\"case_code\":0,\"statistical_code\":0,\"order\":0,\"contract\":0,\"depreciation\":0,\"attribution\":0},\"accounted_fast\":{\"id\":\"49cd4e94-c290-4639-9e23-83fdc6ef2edd\",\"code\":\"CP\",\"name\":\"Nh\\u00f3m t\\u00e0i kho\\u1ea3n chi ph\\u00ed\",\"description\":\"Nh\\u00f3m t\\u00e0i kho\\u1ea3n chi ph\\u00ed\",\"debit\":\"3\",\"credit\":\"235\",\"subject_code\":\"0\",\"case_code\":\"0\",\"cost_code\":\"0\",\"statistical_code\":\"0\",\"work_code\":\"0\",\"department\":\"0\",\"bank_account\":\"0\",\"accounted_fast\":null},\"lot_number\":\"\",\"contract\":\"\",\"order\":\"\",\"address\":null,\"invoice_form\":null,\"invoice_symbol\":null}],\"tax\":[],\"reference_by\":{},\"total_number\":0,\"total_amount\":\"20000\",\"total_amount_rate\":\"20000\",\"id\":null}', 'cash-receipts-voucher-save', '2024-10-28 15:38:57', '2024-10-28 15:38:57'),
('a2d92d0b-0223-4849-aa3d-f26706fea0c4', 4, '6affb799-6bbf-11ec-a352-309c23e68112', 'ee250fbc-8334-11ec-8b82-b42e9986cd6c', '{\"id\":\"4\",\"code\":\"DATE_USE_FREE\",\"name\":\"d\\u00e1\",\"name_en\":\"dsa\",\"description\":null,\"active\":1,\"created_at\":\"2020-07-19T04:16:41.000000Z\",\"updated_at\":\"2020-07-19T04:16:41.000000Z\"}', 'work-code-delete', '2024-10-30 14:11:22', '2024-10-30 14:11:22'),
('a48f773d-0a92-4db6-b9b6-d2565fc237a7', 3, '6affb799-6bbf-11ec-a352-309c23e68112', 'ee25fc75-8334-11ec-8b82-b42e9986cd6c', '{\"id\":\"d9a50165-b0f6-42dc-9e02-5e1c1bf49a0c\",\"type\":1,\"currency\":\"0\",\"stock_id\":\"\",\"voucher\":\"PT077\",\"description\":\"zzz\",\"voucher_date\":\"2022-06-23\",\"accounting_date\":\"2022-06-23\",\"traders\":\"\",\"subject\":\"fe7dcd01-cda6-46ad-b117-3ac7fd5b6fbe\",\"stock_receipt\":\"\",\"stock_issue\":\"\",\"total_number\":\"0\",\"total_amount\":\"1000\",\"total_discount\":\"0\",\"discount\":\"0\",\"discount_percent\":\"0\",\"rate\":\"0\",\"total_amount_rate\":\"1000\",\"reference\":\"\",\"reference_by\":\"\",\"payment_status\":0,\"payment\":\"\",\"user\":\"6affb799-6bbf-11ec-a352-309c23e68112\",\"status\":1,\"active\":false,\"created_at\":\"2022-06-23T16:12:52.000000Z\",\"updated_at\":\"2022-06-23T16:12:52.000000Z\"}', 'cash-receipts-voucher-write', '2022-06-23 16:12:54', '2022-06-23 16:12:54'),
('a581d192-a9c6-4087-8572-23b3277e1871', 3, '6affb799-6bbf-11ec-a352-309c23e68112', 'ee25fc75-8334-11ec-8b82-b42e9986cd6c', '{\"id\":\"badb79d3-6b99-4417-906f-fc60db5dc28c\",\"type\":1,\"currency\":\"0\",\"stock_id\":\"\",\"voucher\":\"PT074\",\"description\":\"zzzzztest\",\"voucher_date\":\"2022-06-22\",\"accounting_date\":\"2022-06-22\",\"traders\":\"\",\"subject\":\"fe7dcd01-cda6-46ad-b117-3ac7fd5b6fbe\",\"stock_receipt\":\"\",\"stock_issue\":\"\",\"total_number\":\"0\",\"total_amount\":\"10000\",\"total_discount\":\"0\",\"discount\":\"0\",\"discount_percent\":\"0\",\"rate\":\"1\",\"total_amount_rate\":\"10000\",\"reference\":\"\",\"reference_by\":\"\",\"payment_status\":0,\"payment\":\"\",\"user\":\"6affb799-6bbf-11ec-a352-309c23e68112\",\"status\":1,\"active\":true,\"created_at\":\"2022-06-22T14:30:06.000000Z\",\"updated_at\":\"2022-06-22T14:30:06.000000Z\"}', 'cash-receipts-voucher-unwrite', '2022-06-22 14:30:09', '2022-06-22 14:30:09'),
('a61e58ac-8d2c-44d7-a20a-84e66ba29491', 3, '6affb799-6bbf-11ec-a352-309c23e68112', 'ee251173-8334-11ec-8b82-b42e9986cd6c', '{\"id\":\"8d9b5637-ac0b-4b84-a3d3-302f24bb28d7\",\"menu_id\":\"ee25fe47-8334-11ec-8b82-b42e9986cd6c\",\"code\":\"PT\",\"name\":\"Thi\\u1ebft l\\u1eadp phi\\u1ebfu thu\",\"vat_account\":\"4145f0e0-1730-425f-acdd-3255c4d3881b\",\"discount_account\":\"0\",\"debit\":\"504643fc-5969-4d89-bff0-8be3c7d2b30a\",\"credit\":\"0\",\"active\":1,\"created_at\":\"2021-06-08T08:36:22.000000Z\",\"updated_at\":\"2022-05-05T17:25:44.000000Z\"}', 'setting-voucher-save', '2022-06-20 18:17:14', '2022-06-20 18:17:14'),
('b736409f-f3c2-4ba3-8c48-990c98c05284', 2, '6affb799-6bbf-11ec-a352-309c23e68112', 'ee25fe47-8334-11ec-8b82-b42e9986cd6c', '{\"currency\":\"0\",\"accounted_auto\":\"0\",\"subject_id\":\"fe7dcd01-cda6-46ad-b117-3ac7fd5b6fbe\",\"code\":\"abc\",\"name\":\"zz\",\"traders\":\"\",\"rate\":1,\"description\":\"zzzzztest\",\"accounting_date\":\"2022-06-22\",\"reference\":\"\",\"voucher_date\":\"2022-06-22\",\"voucher\":\"PTxxx\",\"automatic_ai\":\"\",\"detail\":[{\"id\":\"35aa9a19-e328-4f21-873b-d751ebbdd16a\",\"description\":\"zzzzz\",\"amount\":10000,\"rate\":1,\"amount_rate\":10000,\"case_code\":{\"id\":0,\"code\":\"---SELECT---\",\"name\":\"---SELECT---\"},\"cost_code\":{\"id\":0,\"code\":\"---SELECT---\",\"name\":\"---SELECT---\"},\"statistical_code\":{\"id\":0,\"code\":\"---SELECT---\",\"name\":\"---SELECT---\"},\"subject_code\":{\"id\":0,\"code\":\"---SELECT---\",\"name\":\"---SELECT---\"},\"work_code\":{\"id\":0,\"code\":\"---SELECT---\",\"name\":\"---SELECT---\"},\"department\":{\"id\":0,\"code\":\"---SELECT---\",\"name\":\"---SELECT---\"},\"bank_account\":{\"id\":0,\"code\":\"---SELECT---\",\"name\":\"---SELECT---\"},\"debit\":{\"id\":\"504643fc-5969-4d89-bff0-8be3c7d2b30a\",\"code\":\"1111\",\"name\":\"1111\"},\"credit\":{\"id\":\"4145f0e0-1730-425f-acdd-3255c4d3881b\",\"code\":\"1331\",\"name\":\"Deductible VAT of goods and services\",\"object\":0,\"bank_account\":0,\"work_code\":0,\"cost_code\":0,\"case_code\":0,\"statistical_code\":0,\"order\":0,\"contract\":0,\"depreciation\":0,\"attribution\":0},\"accounted_fast\":{\"id\":0,\"code\":\"---SELECT---\",\"name\":\"---SELECT---\"},\"lot_number\":\"\",\"contract\":\"\",\"order\":\"\"}],\"tax\":[],\"reference_by\":{},\"total_number\":0,\"total_amount\":\"10000\",\"total_amount_rate\":\"10000\",\"id\":null}', 'cash-receipts-voucher-save', '2022-06-22 14:30:06', '2022-06-22 14:30:06'),
('b80ac8c5-0a56-4bf8-a76a-a0f08ac9a0a5', 3, '6affb799-6bbf-11ec-a352-309c23e68112', 'ee25fc75-8334-11ec-8b82-b42e9986cd6c', '{\"id\":\"7257b04d-7055-45a3-a0e2-d2294b6d380d\",\"type\":1,\"currency\":\"0\",\"stock_id\":\"\",\"voucher\":\"PT070\",\"description\":\"test description zz\",\"voucher_date\":\"2022-06-22\",\"accounting_date\":\"2022-06-22\",\"traders\":\"\",\"subject\":\"fe7dcd01-cda6-46ad-b117-3ac7fd5b6fbe\",\"stock_receipt\":\"\",\"stock_issue\":\"\",\"total_number\":\"0\",\"total_amount\":\"30000\",\"total_discount\":\"0\",\"discount\":\"0\",\"discount_percent\":\"0\",\"rate\":\"0\",\"total_amount_rate\":\"30000\",\"reference\":\"\",\"reference_by\":\"\",\"payment_status\":0,\"payment\":\"\",\"user\":\"6affb799-6bbf-11ec-a352-309c23e68112\",\"status\":1,\"active\":true,\"created_at\":\"2022-06-21T17:11:17.000000Z\",\"updated_at\":\"2022-06-21T17:11:17.000000Z\"}', 'cash-receipts-voucher-unwrite', '2022-06-21 17:11:20', '2022-06-21 17:11:20'),
('ba3d7608-50bc-452c-822a-003f4096fa36', 2, '6affb799-6bbf-11ec-a352-309c23e68112', '5b61b5e3-f451-4d71-9036-fc627290246c', '{\"number_voucher\":\"ee25fe91-8334-11ec-8b82-b42e9986cd6c\",\"format\":\"YY\",\"day\":\"14\",\"month\":\"11\",\"year\":\"2023\",\"number\":\"1\",\"length_number\":\"1\",\"active\":1,\"id\":\"35a28f34-1e6c-490e-ad2e-8feff76f5878\",\"updated_at\":\"2023-11-14T11:50:57.000000Z\",\"created_at\":\"2023-11-14T11:50:57.000000Z\"}', 'number-format-save', '2023-11-14 11:50:57', '2023-11-14 11:50:57'),
('bb393cd4-6e13-4501-8c73-d4a3b4569050', 2, '6affb799-6bbf-11ec-a352-309c23e68112', 'ee25fe47-8334-11ec-8b82-b42e9986cd6c', '{\"currency\":\"0\",\"accounted_auto\":\"0\",\"subject_id\":\"fe7dcd01-cda6-46ad-b117-3ac7fd5b6fbe\",\"code\":\"abc\",\"name\":\"zz\",\"traders\":\"\",\"rate\":0,\"description\":\"zz\",\"accounting_date\":\"2022-06-21\",\"reference\":\"\",\"voucher_date\":\"2022-06-21\",\"voucher\":\"PTxxx\",\"automatic_ai\":\"\",\"detail\":[{\"id\":\"1786b6ba-9c5b-4cfd-b699-eb93c68898b2\",\"description\":\"Nh\\u00f3m t\\u00e0i kho\\u1ea3n chi ph\\u00ed\",\"amount\":10000,\"rate\":1,\"amount_rate\":10000,\"case_code\":{\"id\":0,\"code\":\"---SELECT---\",\"name\":\"---SELECT---\"},\"cost_code\":{\"id\":0,\"code\":\"---SELECT---\",\"name\":\"---SELECT---\"},\"statistical_code\":{\"id\":0,\"code\":\"---SELECT---\",\"name\":\"---SELECT---\"},\"subject_code\":{\"id\":0,\"code\":\"---SELECT---\",\"name\":\"---SELECT---\"},\"work_code\":{\"id\":0,\"code\":\"---SELECT---\",\"name\":\"---SELECT---\"},\"department\":{\"id\":0,\"code\":\"---SELECT---\",\"name\":\"---SELECT---\"},\"bank_account\":{\"id\":0,\"code\":\"---SELECT---\",\"name\":\"---SELECT---\"},\"debit\":{\"id\":\"504643fc-5969-4d89-bff0-8be3c7d2b30a\",\"code\":\"1111\",\"name\":\"Vietnamese Dong\",\"object\":0,\"bank_account\":0,\"work_code\":0,\"cost_code\":0,\"case_code\":0,\"statistical_code\":0,\"order\":0,\"contract\":0,\"depreciation\":0,\"attribution\":0},\"credit\":{\"id\":\"4145f0e0-1730-425f-acdd-3255c4d3881b\",\"code\":\"1331\",\"name\":\"Deductible VAT of goods and services\",\"object\":0,\"bank_account\":0,\"work_code\":0,\"cost_code\":0,\"case_code\":0,\"statistical_code\":0,\"order\":0,\"contract\":0,\"depreciation\":0,\"attribution\":0},\"accounted_fast\":{\"id\":\"49cd4e94-c290-4639-9e23-83fdc6ef2edd\",\"code\":\"CP\",\"name\":\"Nh\\u00f3m t\\u00e0i kho\\u1ea3n chi ph\\u00ed\",\"description\":\"Nh\\u00f3m t\\u00e0i kho\\u1ea3n chi ph\\u00ed\",\"debit\":\"3\",\"credit\":\"235\",\"subject_code\":\"0\",\"case_code\":\"0\",\"cost_code\":\"0\",\"statistical_code\":\"0\",\"work_code\":\"0\",\"department\":\"0\",\"bank_account\":\"0\",\"accounted_fast\":null},\"lot_number\":\"\",\"contract\":\"\",\"order\":\"\"}],\"tax\":[],\"reference_by\":{},\"total_number\":0,\"total_amount\":\"10000\",\"total_amount_rate\":\"10000\",\"id\":null}', 'cash-receipts-voucher-save', '2022-06-21 16:39:27', '2022-06-21 16:39:27'),
('be2efa63-bb9f-4c8a-8b0b-8b5792c12acf', 3, '6affb799-6bbf-11ec-a352-309c23e68112', 'ee250b45-8334-11ec-8b82-b42e9986cd6c', '{\"id\":\"b7c083ca-f074-4b55-8e25-97362dafde20\",\"code\":\"U00002\",\"name\":\"g\",\"name_en\":\"Gram\",\"active\":1,\"created_at\":\"2022-02-28T04:28:30.000000Z\",\"updated_at\":\"2023-04-02T15:28:19.000000Z\"}', 'unit-save', '2023-04-02 15:42:47', '2023-04-02 15:42:47'),
('c19b3e4c-a955-4e82-a716-5cd529a278a5', 3, '6affb799-6bbf-11ec-a352-309c23e68112', 'ee251173-8334-11ec-8b82-b42e9986cd6c', '{\"id\":\"8d9b5637-ac0b-4b84-a3d3-302f24bb28d7\",\"menu_id\":\"ee25fe47-8334-11ec-8b82-b42e9986cd6c\",\"code\":\"PT\",\"name\":\"Thi\\u1ebft l\\u1eadp phi\\u1ebfu thu\",\"vat_account\":\"4145f0e0-1730-425f-acdd-3255c4d3881b\",\"discount_account\":\"0\",\"debit\":\"504643fc-5969-4d89-bff0-8be3c7d2b30a\",\"credit\":\"0\",\"active\":1,\"created_at\":\"2021-06-08T08:36:22.000000Z\",\"updated_at\":\"2022-05-05T17:25:44.000000Z\"}', 'setting-voucher-save', '2022-06-20 16:36:20', '2022-06-20 16:36:20'),
('c354eaf0-348a-4488-be50-0c37ecf17d15', 3, '6affb799-6bbf-11ec-a352-309c23e68112', 'ee251534-8334-11ec-8b82-b42e9986cd6c', '{\"id\":\"1\",\"code\":\"S1\",\"name\":\"H\\u00e0ng minibar\",\"name_en\":\"Minibar\",\"description\":\"test\",\"unit_id\":\"c3a76329-f49b-449d-b3e4-27036543f0e1\",\"type\":\"79299bb5-0e36-4165-ae78-3365d2a16134\",\"group\":\"79299bb5-0e36-4165-ae78-3365d2a16134\",\"interpretations_buy\":\"aa\",\"interpretations_sell\":\"zz\",\"warranty_period\":\"0\",\"minimum_stock_quantity\":\"0.00\",\"maximum_stock_quantity\":\"0.00\",\"origin\":\"\",\"stock_default\":\"0\",\"stock_account\":\"0\",\"revenue_account\":\"0\",\"cost_account\":\"0\",\"percent_purchase_discount\":\"0\",\"purchase_discount\":\"0\",\"price_purchase\":\"500\",\"price\":\"100\",\"vat_tax\":\"0\",\"import_tax\":\"0\",\"export_tax\":\"0\",\"excise_tax\":\"0\",\"image\":\"uploads\\/sg\\/1\\/1\\/Screenshot (1).png\",\"identity\":\"\",\"sync\":\"64c5ba68-aea6-45e9-b57d-b7895310d3cc\",\"active\":true,\"created_at\":\"2020-09-01T21:47:25.000000Z\",\"updated_at\":\"2022-06-16T16:38:07.000000Z\"}', 'supplies-goods-save', '2022-06-16 17:15:40', '2022-06-16 17:15:40'),
('c5c4ea1c-4510-4b4c-b35b-ac8bddf3f82b', 4, '6affb799-6bbf-11ec-a352-309c23e68112', 'ee250263-8334-11ec-8b82-b42e9986cd6c', '{\"id\":\"35c6153b-e2ee-40f5-86ab-932e12dde35f\",\"company_id\":\"9aecf6c6-827d-11ec-aea9-b42e9986cd6c\",\"code\":\"zz\",\"name\":\"zz\",\"active\":1,\"created_at\":\"2022-06-12T17:01:06.000000Z\",\"updated_at\":\"2022-06-12T17:01:06.000000Z\"}', 'group-users-delete', '2022-06-12 17:27:39', '2022-06-12 17:27:39');
INSERT INTO `history_action` (`id`, `type`, `user`, `menu`, `dataz`, `url`, `created_at`, `updated_at`) VALUES
('c72acadd-7ad3-4988-8f9b-8762ff6cc36a', 3, '6affb799-6bbf-11ec-a352-309c23e68112', '5b61b5e3-f451-4d71-9036-fc627290246c', '{\"id\":\"35a28f34-1e6c-490e-ad2e-8feff76f5878\",\"number_voucher\":\"ee25fe91-8334-11ec-8b82-b42e9986cd6c\",\"format\":\"YY\",\"day\":\"14\",\"month\":\"11\",\"year\":\"2023\",\"number\":1,\"length_number\":1,\"active\":1,\"created_at\":\"2023-11-14T11:50:57.000000Z\",\"updated_at\":\"2023-11-14T11:50:57.000000Z\"}', '', '2023-11-14 11:51:05', '2023-11-14 11:51:05'),
('c89caf75-162d-475d-90f3-c6d878683472', 3, '6affb799-6bbf-11ec-a352-309c23e68112', 'ee25fc75-8334-11ec-8b82-b42e9986cd6c', '{\"id\":\"c4792dff-c501-421f-b91d-b0fbc42d330a\",\"type\":1,\"currency\":\"0\",\"stock_id\":\"\",\"voucher\":\"PT064\",\"description\":\"test description 21\\/06\\/2022\",\"voucher_date\":\"2022-06-21\",\"accounting_date\":\"2022-06-21\",\"traders\":\"\",\"subject\":\"fe7dcd01-cda6-46ad-b117-3ac7fd5b6fbe\",\"stock_receipt\":\"\",\"stock_issue\":\"\",\"total_number\":\"0\",\"total_amount\":\"200000\",\"total_discount\":\"0\",\"discount\":\"0\",\"discount_percent\":\"0\",\"rate\":\"0\",\"total_amount_rate\":\"200000\",\"reference\":\"\",\"reference_by\":\"\",\"payment_status\":0,\"payment\":\"\",\"user\":\"6affb799-6bbf-11ec-a352-309c23e68112\",\"status\":1,\"active\":true,\"created_at\":\"2022-06-21T16:02:16.000000Z\",\"updated_at\":\"2022-06-21T16:02:16.000000Z\"}', 'cash-receipts-voucher-unwrite', '2022-06-21 16:02:19', '2022-06-21 16:02:19'),
('c964392c-22ba-4058-b0e7-2dcbbbbc8b01', 2, '6affb799-6bbf-11ec-a352-309c23e68112', '5b61b5e3-f451-4d71-9036-fc627290246c', '{\"number_voucher\":\"ee25fe47-8334-11ec-8b82-b42e9986cd6c\",\"format\":\"YY\",\"day\":\"14\",\"month\":\"11\",\"year\":\"2023\",\"number\":\"1\",\"length_number\":\"1\",\"active\":1,\"id\":\"9c8f3d88-3a89-47b9-928f-0712042619fe\",\"updated_at\":\"2023-11-14T11:52:35.000000Z\",\"created_at\":\"2023-11-14T11:52:35.000000Z\"}', 'number-format-save', '2023-11-14 11:52:35', '2023-11-14 11:52:35'),
('cea32aab-c4cc-4ba9-b8aa-1156a8598491', 4, '6affb799-6bbf-11ec-a352-309c23e68112', 'ee25fe47-8334-11ec-8b82-b42e9986cd6c', '{\"id\":\"2aea45c5-03fd-4a34-810c-248ce348b928\",\"type\":1,\"currency\":\"0\",\"stock_id\":\"\",\"voucher\":\"PT068\",\"description\":\"zzz\",\"voucher_date\":\"2022-06-22\",\"accounting_date\":\"2022-06-22\",\"traders\":\"\",\"subject\":\"fe7dcd01-cda6-46ad-b117-3ac7fd5b6fbe\",\"stock_receipt\":\"\",\"stock_issue\":\"\",\"total_number\":\"0\",\"total_amount\":\"1000\",\"total_discount\":\"0\",\"discount\":\"0\",\"discount_percent\":\"0\",\"rate\":\"0\",\"total_amount_rate\":\"1000\",\"reference\":\"\",\"reference_by\":\"\",\"payment_status\":0,\"payment\":\"\",\"user\":\"6affb799-6bbf-11ec-a352-309c23e68112\",\"status\":1,\"active\":false,\"created_at\":\"2022-06-21T17:06:17.000000Z\",\"updated_at\":\"2022-06-21T17:06:17.000000Z\",\"detail\":[{\"id\":\"40e5dc9d-2fdc-4320-aa88-fc1c0ca733ee\",\"general_id\":\"2aea45c5-03fd-4a34-810c-248ce348b928\",\"item_id\":\"\",\"item_code\":\"\",\"description\":\"zzz\",\"currency\":\"\",\"unit\":\"\",\"debit\":{\"id\":\"504643fc-5969-4d89-bff0-8be3c7d2b30a\",\"type\":\"eb806569-d6f1-4309-9d38-491aa3092534\",\"code\":\"1111\",\"name\":\"Ti\\u1ec1n Vi\\u1ec7t Nam\",\"name_en\":\"Vietnamese Dong\",\"parent_id\":\"5b39f5a6-b5da-4df8-8e93-4de73797957e\",\"nature\":\"6c10379d-9c3a-11ec-9f9b-b42e9986cd6c\",\"date_start\":\"2020-09-19\",\"date_end\":\"2020-09-19\",\"description\":\"\",\"detail_object\":0,\"detail_bank_account\":0,\"detail_work\":0,\"detail_cost\":0,\"detail_statistical\":0,\"detail_case\":0,\"detail_orders\":0,\"detail_contract\":0,\"detail_depreciation\":0,\"detail_attribution\":0,\"document_id\":\"2f64b191-723e-11ec-80d2-309c23e68112\",\"active\":1,\"created_at\":\"2020-09-19T06:11:40.000000Z\",\"updated_at\":\"2020-09-19T06:11:40.000000Z\"},\"credit\":{\"id\":\"310aa3cf-674f-4080-88d3-a3ec5362f335\",\"type\":\"eb806569-d6f1-4309-9d38-491aa3092534\",\"code\":\"141\",\"name\":\"T\\u1ea1m \\u1ee9ng\",\"name_en\":\"Advances\",\"parent_id\":null,\"nature\":\"6c10379d-9c3a-11ec-9f9b-b42e9986cd6c\",\"date_start\":\"2020-09-19\",\"date_end\":\"2020-09-19\",\"description\":\"\",\"detail_object\":0,\"detail_bank_account\":0,\"detail_work\":0,\"detail_cost\":0,\"detail_statistical\":0,\"detail_case\":0,\"detail_orders\":0,\"detail_contract\":0,\"detail_depreciation\":0,\"detail_attribution\":0,\"document_id\":\"2f64b191-723e-11ec-80d2-309c23e68112\",\"active\":1,\"created_at\":\"2020-09-19T06:43:40.000000Z\",\"updated_at\":\"2020-09-19T06:43:40.000000Z\"},\"quantity\":\"0\",\"quantity_receipt\":\"0\",\"price\":\"0\",\"purchase_price\":\"0\",\"amount\":\"1000\",\"rate\":\"1\",\"amount_rate\":\"1000\",\"purchase_amount\":\"0\",\"lot_number\":\"\",\"expiry_date\":\"22\\/06\\/2022\",\"contract\":\"\",\"order\":\"\",\"discount\":\"0.00\",\"discount_percent\":\"0.00\",\"total_discount\":\"0.00\",\"case_code\":null,\"cost_code\":null,\"statistical_code\":null,\"work_code\":null,\"accounted_fast\":null,\"department\":null,\"bank_account\":null,\"subject_id_debit\":\"\",\"subject_name_debit\":\"\",\"subject_id_credit\":\"0\",\"subject_name_credit\":\"---SELECT---\",\"status\":0,\"active\":false,\"created_at\":\"2022-06-21T17:06:15.000000Z\",\"updated_at\":\"2022-06-21T17:06:15.000000Z\"}],\"tax\":[],\"attach\":[{\"id\":\"40e5dc9d-2fdc-4320-aa88-fc1c0ca733ee\",\"general_id\":\"2aea45c5-03fd-4a34-810c-248ce348b928\",\"item_id\":\"\",\"item_code\":\"\",\"description\":\"zzz\",\"currency\":\"\",\"unit\":\"\",\"debit\":\"504643fc-5969-4d89-bff0-8be3c7d2b30a\",\"credit\":\"310aa3cf-674f-4080-88d3-a3ec5362f335\",\"quantity\":\"0.00\",\"quantity_receipt\":\"0.00\",\"price\":\"0.00\",\"purchase_price\":\"0.00\",\"amount\":\"1000.00\",\"rate\":\"1.00\",\"amount_rate\":\"1000.00\",\"purchase_amount\":\"0.00\",\"lot_number\":\"\",\"expiry_date\":null,\"contract\":\"\",\"order\":\"\",\"discount\":\"0.00\",\"discount_percent\":\"0.00\",\"total_discount\":\"0.00\",\"case_code\":\"0\",\"cost_code\":\"0\",\"statistical_code\":\"0\",\"work_code\":\"0\",\"accounted_fast\":\"0\",\"department\":\"0\",\"bank_account\":\"0\",\"subject_id_debit\":\"\",\"subject_name_debit\":\"\",\"subject_id_credit\":\"0\",\"subject_name_credit\":\"---SELECT---\",\"status\":0,\"active\":0,\"created_at\":\"2022-06-21T17:06:15.000000Z\",\"updated_at\":\"2022-06-21T17:06:15.000000Z\"}]}', 'cash-receipts-voucher-delete', '2022-06-21 17:06:19', '2022-06-21 17:06:19'),
('d12f47dc-2e70-490a-a82d-e7ab107692bd', 2, '6affb799-6bbf-11ec-a352-309c23e68112', '5b61b5e3-f451-4d71-9036-fc627290246c', '{\"number_voucher\":\"adbbf485-e85b-4a1c-8455-043bbd86e8b6\",\"format\":\"DD-X\",\"day\":\"28\",\"month\":\"10\",\"year\":\"2024\",\"number\":\"1\",\"length_number\":\"1\",\"active\":1,\"id\":\"3995b78b-6d96-4d48-9a7e-05aaa3084f6c\",\"updated_at\":\"2024-10-28T13:26:54.000000Z\",\"created_at\":\"2024-10-28T13:26:54.000000Z\"}', 'count-voucher-save', '2024-10-28 13:26:54', '2024-10-28 13:26:54'),
('d29da47f-a3ec-41e4-b674-05712405369a', 4, '6affb799-6bbf-11ec-a352-309c23e68112', '5b61b5e3-f451-4d71-9036-fc627290246c', '{\"id\":\"adbbf485-e85b-4a1c-8455-043bbd86e8b6\",\"number_voucher\":\"ee25fe47-8334-11ec-8b82-b42e9986cd6c\",\"format\":null,\"day\":null,\"month\":null,\"year\":null,\"number\":77,\"length_number\":3,\"active\":1,\"created_at\":\"2021-04-22T09:50:25.000000Z\",\"updated_at\":\"2022-06-25T18:51:49.000000Z\"}', 'number-format-delete', '2023-11-14 11:51:14', '2023-11-14 11:51:14'),
('d393d316-3c10-492e-bd11-54ed21d4425e', 4, '6affb799-6bbf-11ec-a352-309c23e68112', 'ee250a01-8334-11ec-8b82-b42e9986cd6c', '{\"id\":\"a6fcfca1-b813-4b03-bd6b-b338436f5d67\",\"menu_id\":\"ee25fdac-8334-11ec-8b82-b42e9986cd6c\",\"code\":\"test\",\"name\":\"zz\",\"name_en\":\"rr\",\"prefix\":\"\\u01b0\",\"middle_type\":\"YY\",\"middle\":\"abc\",\"suffixes_type\":\"MMYY\",\"suffixes\":\"zz\",\"number\":1,\"length_number\":1,\"change_voucher\":1,\"active\":1,\"created_at\":\"2022-07-03T04:42:41.000000Z\",\"updated_at\":\"2022-07-03T04:42:41.000000Z\"}', 'number-voucher-delete', '2022-07-03 04:42:48', '2022-07-03 04:42:48'),
('d5b85d98-ec87-4773-9dca-b30dbfd2dd3b', 3, '6affb799-6bbf-11ec-a352-309c23e68112', 'ee251173-8334-11ec-8b82-b42e9986cd6c', '{\"id\":\"8d9b5637-ac0b-4b84-a3d3-302f24bb28d7\",\"menu_id\":\"ee25fe47-8334-11ec-8b82-b42e9986cd6c\",\"code\":\"PT\",\"name\":\"Thi\\u1ebft l\\u1eadp phi\\u1ebfu thu\",\"vat_account\":\"4145f0e0-1730-425f-acdd-3255c4d3881b\",\"discount_account\":\"0\",\"debit\":\"504643fc-5969-4d89-bff0-8be3c7d2b30a\",\"credit\":\"0\",\"active\":1,\"created_at\":\"2021-06-08T08:36:22.000000Z\",\"updated_at\":\"2022-05-05T17:25:44.000000Z\"}', 'setting-voucher-save', '2022-06-20 18:17:13', '2022-06-20 18:17:13'),
('d9489faf-6af6-45c7-9c9b-0b900e772877', 4, '6affb799-6bbf-11ec-a352-309c23e68112', 'ee25fe47-8334-11ec-8b82-b42e9986cd6c', '{\"id\":\"badb79d3-6b99-4417-906f-fc60db5dc28c\",\"type\":1,\"currency\":\"0\",\"stock_id\":\"\",\"voucher\":\"PT074\",\"description\":\"zzzzztest\",\"voucher_date\":\"2022-06-22\",\"accounting_date\":\"2022-06-22\",\"traders\":\"\",\"subject\":\"fe7dcd01-cda6-46ad-b117-3ac7fd5b6fbe\",\"stock_receipt\":\"\",\"stock_issue\":\"\",\"total_number\":\"0\",\"total_amount\":\"10000\",\"total_discount\":\"0\",\"discount\":\"0\",\"discount_percent\":\"0\",\"rate\":\"1\",\"total_amount_rate\":\"10000\",\"reference\":\"\",\"reference_by\":\"\",\"payment_status\":0,\"payment\":\"\",\"user\":\"6affb799-6bbf-11ec-a352-309c23e68112\",\"status\":1,\"active\":false,\"created_at\":\"2022-06-22T14:30:09.000000Z\",\"updated_at\":\"2022-06-22T14:30:09.000000Z\",\"detail\":[{\"id\":\"35aa9a19-e328-4f21-873b-d751ebbdd16a\",\"general_id\":\"badb79d3-6b99-4417-906f-fc60db5dc28c\",\"item_id\":\"\",\"item_code\":\"\",\"description\":\"zzzzz\",\"currency\":\"\",\"unit\":\"\",\"debit\":{\"id\":\"504643fc-5969-4d89-bff0-8be3c7d2b30a\",\"type\":\"eb806569-d6f1-4309-9d38-491aa3092534\",\"code\":\"1111\",\"name\":\"Ti\\u1ec1n Vi\\u1ec7t Nam\",\"name_en\":\"Vietnamese Dong\",\"parent_id\":\"5b39f5a6-b5da-4df8-8e93-4de73797957e\",\"nature\":\"6c10379d-9c3a-11ec-9f9b-b42e9986cd6c\",\"date_start\":\"2020-09-19\",\"date_end\":\"2020-09-19\",\"description\":\"\",\"detail_object\":0,\"detail_bank_account\":0,\"detail_work\":0,\"detail_cost\":0,\"detail_statistical\":0,\"detail_case\":0,\"detail_orders\":0,\"detail_contract\":0,\"detail_depreciation\":0,\"detail_attribution\":0,\"document_id\":\"2f64b191-723e-11ec-80d2-309c23e68112\",\"active\":1,\"created_at\":\"2020-09-19T06:11:40.000000Z\",\"updated_at\":\"2020-09-19T06:11:40.000000Z\"},\"credit\":{\"id\":\"4145f0e0-1730-425f-acdd-3255c4d3881b\",\"type\":\"eb806569-d6f1-4309-9d38-491aa3092534\",\"code\":\"1331\",\"name\":\"Thu\\u1ebf GTGT \\u0111\\u01b0\\u1ee3c kh\\u1ea5u tr\\u1eeb c\\u1ee7a h\\u00e0ng h\\u00f3a, d\\u1ecbch v\\u1ee5\",\"name_en\":\"Deductible VAT of goods and services\",\"parent_id\":\"9b833a58-45db-427b-b915-2843dadc4b20\",\"nature\":\"6c10379d-9c3a-11ec-9f9b-b42e9986cd6c\",\"date_start\":\"2020-09-19\",\"date_end\":\"2020-09-19\",\"description\":\"\",\"detail_object\":0,\"detail_bank_account\":0,\"detail_work\":0,\"detail_cost\":0,\"detail_statistical\":0,\"detail_case\":0,\"detail_orders\":0,\"detail_contract\":0,\"detail_depreciation\":0,\"detail_attribution\":0,\"document_id\":\"2f64b191-723e-11ec-80d2-309c23e68112\",\"active\":1,\"created_at\":\"2020-09-19T06:32:40.000000Z\",\"updated_at\":\"2020-09-19T06:32:40.000000Z\"},\"quantity\":\"0\",\"quantity_receipt\":\"0\",\"price\":\"0\",\"purchase_price\":\"0\",\"amount\":\"10000\",\"rate\":\"1\",\"amount_rate\":\"10000\",\"purchase_amount\":\"0\",\"lot_number\":\"\",\"expiry_date\":\"22\\/06\\/2022\",\"contract\":\"\",\"order\":\"\",\"discount\":\"0.00\",\"discount_percent\":\"0.00\",\"total_discount\":\"0.00\",\"case_code\":null,\"cost_code\":null,\"statistical_code\":null,\"work_code\":null,\"accounted_fast\":null,\"department\":null,\"bank_account\":null,\"subject_id_debit\":\"\",\"subject_name_debit\":\"\",\"subject_id_credit\":\"0\",\"subject_name_credit\":\"---SELECT---\",\"status\":0,\"active\":false,\"created_at\":\"2022-06-22T14:30:06.000000Z\",\"updated_at\":\"2022-06-22T14:30:06.000000Z\"}],\"tax\":[],\"attach\":[{\"id\":\"35aa9a19-e328-4f21-873b-d751ebbdd16a\",\"general_id\":\"badb79d3-6b99-4417-906f-fc60db5dc28c\",\"item_id\":\"\",\"item_code\":\"\",\"description\":\"zzzzz\",\"currency\":\"\",\"unit\":\"\",\"debit\":\"504643fc-5969-4d89-bff0-8be3c7d2b30a\",\"credit\":\"4145f0e0-1730-425f-acdd-3255c4d3881b\",\"quantity\":\"0.00\",\"quantity_receipt\":\"0.00\",\"price\":\"0.00\",\"purchase_price\":\"0.00\",\"amount\":\"10000.00\",\"rate\":\"1.00\",\"amount_rate\":\"10000.00\",\"purchase_amount\":\"0.00\",\"lot_number\":\"\",\"expiry_date\":null,\"contract\":\"\",\"order\":\"\",\"discount\":\"0.00\",\"discount_percent\":\"0.00\",\"total_discount\":\"0.00\",\"case_code\":\"0\",\"cost_code\":\"0\",\"statistical_code\":\"0\",\"work_code\":\"0\",\"accounted_fast\":\"0\",\"department\":\"0\",\"bank_account\":\"0\",\"subject_id_debit\":\"\",\"subject_name_debit\":\"\",\"subject_id_credit\":\"0\",\"subject_name_credit\":\"---SELECT---\",\"status\":0,\"active\":0,\"created_at\":\"2022-06-22T14:30:06.000000Z\",\"updated_at\":\"2022-06-22T14:30:06.000000Z\"}]}', 'cash-receipts-voucher-delete', '2022-06-22 14:30:12', '2022-06-22 14:30:12'),
('dd3b1e94-e233-4497-acdb-e6650ba1c681', 3, '6affb799-6bbf-11ec-a352-309c23e68112', 'ee25fc75-8334-11ec-8b82-b42e9986cd6c', '{\"id\":\"2e8b860b-5a2a-4dac-b6ab-2f85c7e96b80\",\"type\":1,\"currency\":\"0\",\"stock_id\":\"\",\"voucher\":\"PT066\",\"description\":\"321\",\"voucher_date\":\"2022-06-21\",\"accounting_date\":\"2022-06-21\",\"traders\":\"\",\"subject\":\"fe7dcd01-cda6-46ad-b117-3ac7fd5b6fbe\",\"stock_receipt\":\"\",\"stock_issue\":\"\",\"total_number\":\"0\",\"total_amount\":\"1000\",\"total_discount\":\"0\",\"discount\":\"0\",\"discount_percent\":\"0\",\"rate\":\"0\",\"total_amount_rate\":\"1000\",\"reference\":\"\",\"reference_by\":\"\",\"payment_status\":0,\"payment\":\"\",\"user\":\"6affb799-6bbf-11ec-a352-309c23e68112\",\"status\":1,\"active\":true,\"created_at\":\"2022-06-21T16:29:45.000000Z\",\"updated_at\":\"2022-06-21T16:29:45.000000Z\"}', 'cash-receipts-voucher-unwrite', '2022-06-21 16:29:47', '2022-06-21 16:29:47'),
('dfea916a-ce43-4382-aae9-d70cdb7553b6', 3, '6affb799-6bbf-11ec-a352-309c23e68112', 'ee25fc75-8334-11ec-8b82-b42e9986cd6c', '{\"id\":\"2aea45c5-03fd-4a34-810c-248ce348b928\",\"type\":1,\"currency\":\"0\",\"stock_id\":\"\",\"voucher\":\"PT068\",\"description\":\"zzz\",\"voucher_date\":\"2022-06-22\",\"accounting_date\":\"2022-06-22\",\"traders\":\"\",\"subject\":\"fe7dcd01-cda6-46ad-b117-3ac7fd5b6fbe\",\"stock_receipt\":\"\",\"stock_issue\":\"\",\"total_number\":\"0\",\"total_amount\":\"1000\",\"total_discount\":\"0\",\"discount\":\"0\",\"discount_percent\":\"0\",\"rate\":\"0\",\"total_amount_rate\":\"1000\",\"reference\":\"\",\"reference_by\":\"\",\"payment_status\":0,\"payment\":\"\",\"user\":\"6affb799-6bbf-11ec-a352-309c23e68112\",\"status\":1,\"active\":true,\"created_at\":\"2022-06-21T17:06:15.000000Z\",\"updated_at\":\"2022-06-21T17:06:15.000000Z\"}', 'cash-receipts-voucher-unwrite', '2022-06-21 17:06:17', '2022-06-21 17:06:17'),
('e3e1583c-a1da-4ebc-8908-06f4f8cc6bc8', 3, '6affb799-6bbf-11ec-a352-309c23e68112', 'ee250a01-8334-11ec-8b82-b42e9986cd6c', '{\"id\":\"adbbf485-e85b-4a1c-8455-043bbd86e8b6\",\"menu_id\":\"ee25fe47-8334-11ec-8b82-b42e9986cd6c\",\"code\":\"PT\",\"name\":\"Phi\\u1ebfu thu\",\"name_en\":\"Cash receipts\",\"prefix\":\"PT\",\"format_type\":\"DD\",\"format\":\"DD\",\"number\":78,\"length_number\":3,\"change_voucher\":1,\"active\":1,\"created_at\":\"2021-04-22T09:50:25.000000Z\",\"updated_at\":\"2024-10-28T10:58:11.000000Z\"}', '', '2024-10-28 11:26:58', '2024-10-28 11:26:58'),
('e5eb414c-bdce-4d00-9b57-3f4535249a6e', 3, '6affb799-6bbf-11ec-a352-309c23e68112', 'ee251173-8334-11ec-8b82-b42e9986cd6c', '{\"id\":\"8d9b5637-ac0b-4b84-a3d3-302f24bb28d7\",\"menu_id\":\"ee25fe47-8334-11ec-8b82-b42e9986cd6c\",\"code\":\"PT\",\"name\":\"Thi\\u1ebft l\\u1eadp phi\\u1ebfu thu\",\"vat_account\":\"4145f0e0-1730-425f-acdd-3255c4d3881b\",\"discount_account\":\"0\",\"debit\":\"504643fc-5969-4d89-bff0-8be3c7d2b30a\",\"credit\":\"0\",\"active\":1,\"created_at\":\"2021-06-08T08:36:22.000000Z\",\"updated_at\":\"2022-05-05T17:25:44.000000Z\"}', 'setting-voucher-save', '2022-06-20 17:41:42', '2022-06-20 17:41:42'),
('e850602d-8e56-4a2c-a91c-8e0be775649c', 3, '6affb799-6bbf-11ec-a352-309c23e68112', 'ee250b45-8334-11ec-8b82-b42e9986cd6c', '{\"id\":\"b7c083ca-f074-4b55-8e25-97362dafde20\",\"code\":\"U00002\",\"name\":\"g\",\"name_en\":\"Gram\",\"active\":1,\"created_at\":\"2022-02-28T04:28:30.000000Z\",\"updated_at\":\"2022-06-11T15:05:23.000000Z\"}', 'unit-save', '2023-04-02 15:28:01', '2023-04-02 15:28:01'),
('ea887360-87b3-45ae-96cd-e0ee275f9b53', 3, '6affb799-6bbf-11ec-a352-309c23e68112', 'ee250a01-8334-11ec-8b82-b42e9986cd6c', '{\"id\":\"adbbf485-e85b-4a1c-8455-043bbd86e8b6\",\"menu_id\":\"ee25fe47-8334-11ec-8b82-b42e9986cd6c\",\"code\":\"PT\",\"name\":\"Phi\\u1ebfu thu\",\"name_en\":\"Cash receipts\",\"prefix\":\"PT\",\"middle_type\":null,\"middle\":null,\"suffixes_type\":null,\"suffixes\":\"\",\"number\":78,\"length_number\":3,\"change_voucher\":null,\"active\":1,\"created_at\":\"2021-04-22T09:50:25.000000Z\",\"updated_at\":\"2023-02-06T13:58:34.000000Z\"}', '', '2023-12-24 07:16:39', '2023-12-24 07:16:39'),
('eba0499f-3233-4045-8bbc-4b58bb1876cf', 3, '6affb799-6bbf-11ec-a352-309c23e68112', 'ee25fc75-8334-11ec-8b82-b42e9986cd6c', '{\"id\":\"5e3a5f51-06ef-4415-b135-8080b1ffc25c\",\"type\":1,\"currency\":\"0\",\"stock_id\":\"\",\"voucher\":\"PT076\",\"description\":\"zzz\",\"voucher_date\":\"2022-06-22\",\"accounting_date\":\"2022-06-22\",\"traders\":\"\",\"subject\":\"fe7dcd01-cda6-46ad-b117-3ac7fd5b6fbe\",\"stock_receipt\":\"\",\"stock_issue\":\"\",\"total_number\":\"0\",\"total_amount\":\"10000\",\"total_discount\":\"0\",\"discount\":\"0\",\"discount_percent\":\"0\",\"rate\":\"0\",\"total_amount_rate\":\"10000\",\"reference\":\"\",\"reference_by\":\"\",\"payment_status\":0,\"payment\":\"\",\"user\":\"6affb799-6bbf-11ec-a352-309c23e68112\",\"status\":1,\"active\":true,\"created_at\":\"2022-06-22T15:09:03.000000Z\",\"updated_at\":\"2022-06-22T15:09:03.000000Z\"}', 'cash-receipts-voucher-unwrite', '2022-06-22 15:09:08', '2022-06-22 15:09:08'),
('ec7f2a3c-3ef9-4a8b-8ef2-843e02e69039', 4, '6affb799-6bbf-11ec-a352-309c23e68112', 'ee25fe47-8334-11ec-8b82-b42e9986cd6c', '{\"id\":\"0831720c-ce11-44ee-8d58-549e6d8b1d98\",\"type\":1,\"currency\":\"0\",\"stock_id\":\"\",\"voucher\":\"PT073\",\"description\":\"321\",\"voucher_date\":\"2022-06-22\",\"accounting_date\":\"2022-06-22\",\"traders\":\"\",\"subject\":\"fe7dcd01-cda6-46ad-b117-3ac7fd5b6fbe\",\"stock_receipt\":\"\",\"stock_issue\":\"\",\"total_number\":\"0\",\"total_amount\":\"10\",\"total_discount\":\"0\",\"discount\":\"0\",\"discount_percent\":\"0\",\"rate\":\"0\",\"total_amount_rate\":\"10\",\"reference\":\"\",\"reference_by\":\"\",\"payment_status\":0,\"payment\":\"\",\"user\":\"6affb799-6bbf-11ec-a352-309c23e68112\",\"status\":1,\"active\":false,\"created_at\":\"2022-06-21T18:04:23.000000Z\",\"updated_at\":\"2022-06-21T18:04:23.000000Z\",\"detail\":[{\"id\":\"d79dd0fe-cda8-49a8-a99e-2797085b48ed\",\"general_id\":\"0831720c-ce11-44ee-8d58-549e6d8b1d98\",\"item_id\":\"\",\"item_code\":\"\",\"description\":\"321\",\"currency\":\"\",\"unit\":\"\",\"debit\":{\"id\":\"504643fc-5969-4d89-bff0-8be3c7d2b30a\",\"type\":\"eb806569-d6f1-4309-9d38-491aa3092534\",\"code\":\"1111\",\"name\":\"Ti\\u1ec1n Vi\\u1ec7t Nam\",\"name_en\":\"Vietnamese Dong\",\"parent_id\":\"5b39f5a6-b5da-4df8-8e93-4de73797957e\",\"nature\":\"6c10379d-9c3a-11ec-9f9b-b42e9986cd6c\",\"date_start\":\"2020-09-19\",\"date_end\":\"2020-09-19\",\"description\":\"\",\"detail_object\":0,\"detail_bank_account\":0,\"detail_work\":0,\"detail_cost\":0,\"detail_statistical\":0,\"detail_case\":0,\"detail_orders\":0,\"detail_contract\":0,\"detail_depreciation\":0,\"detail_attribution\":0,\"document_id\":\"2f64b191-723e-11ec-80d2-309c23e68112\",\"active\":1,\"created_at\":\"2020-09-19T06:11:40.000000Z\",\"updated_at\":\"2020-09-19T06:11:40.000000Z\"},\"credit\":{\"id\":\"4145f0e0-1730-425f-acdd-3255c4d3881b\",\"type\":\"eb806569-d6f1-4309-9d38-491aa3092534\",\"code\":\"1331\",\"name\":\"Thu\\u1ebf GTGT \\u0111\\u01b0\\u1ee3c kh\\u1ea5u tr\\u1eeb c\\u1ee7a h\\u00e0ng h\\u00f3a, d\\u1ecbch v\\u1ee5\",\"name_en\":\"Deductible VAT of goods and services\",\"parent_id\":\"9b833a58-45db-427b-b915-2843dadc4b20\",\"nature\":\"6c10379d-9c3a-11ec-9f9b-b42e9986cd6c\",\"date_start\":\"2020-09-19\",\"date_end\":\"2020-09-19\",\"description\":\"\",\"detail_object\":0,\"detail_bank_account\":0,\"detail_work\":0,\"detail_cost\":0,\"detail_statistical\":0,\"detail_case\":0,\"detail_orders\":0,\"detail_contract\":0,\"detail_depreciation\":0,\"detail_attribution\":0,\"document_id\":\"2f64b191-723e-11ec-80d2-309c23e68112\",\"active\":1,\"created_at\":\"2020-09-19T06:32:40.000000Z\",\"updated_at\":\"2020-09-19T06:32:40.000000Z\"},\"quantity\":\"0\",\"quantity_receipt\":\"0\",\"price\":\"0\",\"purchase_price\":\"0\",\"amount\":\"10\",\"rate\":\"1\",\"amount_rate\":\"10\",\"purchase_amount\":\"0\",\"lot_number\":\"\",\"expiry_date\":\"22\\/06\\/2022\",\"contract\":\"\",\"order\":\"\",\"discount\":\"0.00\",\"discount_percent\":\"0.00\",\"total_discount\":\"0.00\",\"case_code\":null,\"cost_code\":null,\"statistical_code\":null,\"work_code\":null,\"accounted_fast\":null,\"department\":null,\"bank_account\":null,\"subject_id_debit\":\"\",\"subject_name_debit\":\"\",\"subject_id_credit\":\"0\",\"subject_name_credit\":\"---SELECT---\",\"status\":0,\"active\":false,\"created_at\":\"2022-06-21T18:04:20.000000Z\",\"updated_at\":\"2022-06-21T18:04:20.000000Z\"}],\"tax\":[],\"attach\":[{\"id\":\"d79dd0fe-cda8-49a8-a99e-2797085b48ed\",\"general_id\":\"0831720c-ce11-44ee-8d58-549e6d8b1d98\",\"item_id\":\"\",\"item_code\":\"\",\"description\":\"321\",\"currency\":\"\",\"unit\":\"\",\"debit\":\"504643fc-5969-4d89-bff0-8be3c7d2b30a\",\"credit\":\"4145f0e0-1730-425f-acdd-3255c4d3881b\",\"quantity\":\"0.00\",\"quantity_receipt\":\"0.00\",\"price\":\"0.00\",\"purchase_price\":\"0.00\",\"amount\":\"10.00\",\"rate\":\"1.00\",\"amount_rate\":\"10.00\",\"purchase_amount\":\"0.00\",\"lot_number\":\"\",\"expiry_date\":null,\"contract\":\"\",\"order\":\"\",\"discount\":\"0.00\",\"discount_percent\":\"0.00\",\"total_discount\":\"0.00\",\"case_code\":\"0\",\"cost_code\":\"0\",\"statistical_code\":\"0\",\"work_code\":\"0\",\"accounted_fast\":\"0\",\"department\":\"0\",\"bank_account\":\"0\",\"subject_id_debit\":\"\",\"subject_name_debit\":\"\",\"subject_id_credit\":\"0\",\"subject_name_credit\":\"---SELECT---\",\"status\":0,\"active\":0,\"created_at\":\"2022-06-21T18:04:20.000000Z\",\"updated_at\":\"2022-06-21T18:04:20.000000Z\"}]}', 'cash-receipts-voucher-delete', '2022-06-21 18:04:25', '2022-06-21 18:04:25'),
('ee5bf825-1c8d-4a2c-8bf3-7794f80b0960', 2, '6affb799-6bbf-11ec-a352-309c23e68112', '5b61b5e3-f451-4d71-9036-fc627290246c', '{\"number_voucher\":\"5b61b5e3-f451-4d71-9036-fc627290246c\",\"format\":\"0\",\"day\":\"14\",\"month\":\"11\",\"year\":\"2023\",\"number\":\"1\",\"length_number\":\"1\",\"active\":1,\"id\":\"7736b261-c0f2-46f1-8808-819e98a201e0\",\"updated_at\":\"2023-11-14T11:52:17.000000Z\",\"created_at\":\"2023-11-14T11:52:17.000000Z\"}', 'number-format-save', '2023-11-14 11:52:17', '2023-11-14 11:52:17'),
('eed3db39-6f0b-4e6f-9a76-188c377e47fe', 2, '6affb799-6bbf-11ec-a352-309c23e68112', 'ee250a01-8334-11ec-8b82-b42e9986cd6c', '{\"menu_id\":\"ee25fdac-8334-11ec-8b82-b42e9986cd6c\",\"code\":\"test\",\"name\":\"zz\",\"name_en\":\"rr\",\"prefix\":\"\\u01b0\",\"middle\":\"abc\",\"middle_type\":\"YY\",\"suffixes_type\":\"MMYY\",\"suffixes\":\"zz\",\"number\":\"1\",\"length_number\":\"1\",\"change_voucher\":1,\"active\":1,\"id\":\"a6fcfca1-b813-4b03-bd6b-b338436f5d67\",\"updated_at\":\"2022-07-03T04:42:41.000000Z\",\"created_at\":\"2022-07-03T04:42:41.000000Z\"}', 'number-voucher-save', '2022-07-03 04:42:41', '2022-07-03 04:42:41'),
('f4459e90-9865-406a-82f4-df62c75f91d9', 2, '6affb799-6bbf-11ec-a352-309c23e68112', 'ee25fe47-8334-11ec-8b82-b42e9986cd6c', '{\"currency\":\"0\",\"accounted_auto\":\"0\",\"subject_id\":\"fe7dcd01-cda6-46ad-b117-3ac7fd5b6fbe\",\"code\":\"abc\",\"name\":\"zz\",\"traders\":\"\",\"rate\":0,\"description\":\"zz\",\"accounting_date\":\"2022-06-21\",\"reference\":\"\",\"voucher_date\":\"2022-06-21\",\"voucher\":\"PTxxx\",\"automatic_ai\":\"\",\"detail\":[{\"id\":\"710d5331-f350-4ba0-b98b-b4f86fdf1bf9\",\"description\":\"Nh\\u00f3m t\\u00e0i kho\\u1ea3n chi ph\\u00ed\",\"amount\":100,\"rate\":1,\"amount_rate\":100,\"case_code\":{\"id\":0,\"code\":\"---SELECT---\",\"name\":\"---SELECT---\"},\"cost_code\":{\"id\":0,\"code\":\"---SELECT---\",\"name\":\"---SELECT---\"},\"statistical_code\":{\"id\":0,\"code\":\"---SELECT---\",\"name\":\"---SELECT---\"},\"subject_code\":{\"id\":0,\"code\":\"---SELECT---\",\"name\":\"---SELECT---\"},\"work_code\":{\"id\":0,\"code\":\"---SELECT---\",\"name\":\"---SELECT---\"},\"department\":{\"id\":0,\"code\":\"---SELECT---\",\"name\":\"---SELECT---\"},\"bank_account\":{\"id\":0,\"code\":\"---SELECT---\",\"name\":\"---SELECT---\"},\"debit\":{\"id\":\"504643fc-5969-4d89-bff0-8be3c7d2b30a\",\"code\":\"1111\",\"name\":\"Vietnamese Dong\",\"object\":0,\"bank_account\":0,\"work_code\":0,\"cost_code\":0,\"case_code\":0,\"statistical_code\":0,\"order\":0,\"contract\":0,\"depreciation\":0,\"attribution\":0},\"credit\":{\"id\":\"4145f0e0-1730-425f-acdd-3255c4d3881b\",\"code\":\"1331\",\"name\":\"Deductible VAT of goods and services\",\"object\":0,\"bank_account\":0,\"work_code\":0,\"cost_code\":0,\"case_code\":0,\"statistical_code\":0,\"order\":0,\"contract\":0,\"depreciation\":0,\"attribution\":0},\"accounted_fast\":{\"id\":\"49cd4e94-c290-4639-9e23-83fdc6ef2edd\",\"code\":\"CP\",\"name\":\"Nh\\u00f3m t\\u00e0i kho\\u1ea3n chi ph\\u00ed\",\"description\":\"Nh\\u00f3m t\\u00e0i kho\\u1ea3n chi ph\\u00ed\",\"debit\":\"3\",\"credit\":\"235\",\"subject_code\":\"0\",\"case_code\":\"0\",\"cost_code\":\"0\",\"statistical_code\":\"0\",\"work_code\":\"0\",\"department\":\"0\",\"bank_account\":\"0\",\"accounted_fast\":null},\"lot_number\":\"\",\"contract\":\"\",\"order\":\"\"}],\"tax\":[],\"reference_by\":{},\"total_number\":0,\"total_amount\":\"100\",\"total_amount_rate\":\"100\",\"id\":null}', 'cash-receipts-voucher-save', '2022-06-21 16:08:26', '2022-06-21 16:08:26'),
('f5e4d298-ba9a-4dc3-ab56-1d2dbae32408', 4, '6affb799-6bbf-11ec-a352-309c23e68112', 'ee25fe47-8334-11ec-8b82-b42e9986cd6c', '{\"id\":\"b057df4d-838c-4cac-8c7b-28ecd61330ca\",\"type\":1,\"currency\":\"0\",\"stock_id\":\"\",\"voucher\":\"PT072\",\"description\":\"rs\",\"voucher_date\":\"2022-06-22\",\"accounting_date\":\"2022-06-22\",\"traders\":\"\",\"subject\":\"fe7dcd01-cda6-46ad-b117-3ac7fd5b6fbe\",\"stock_receipt\":\"\",\"stock_issue\":\"\",\"total_number\":\"0\",\"total_amount\":\"1000\",\"total_discount\":\"0\",\"discount\":\"0\",\"discount_percent\":\"0\",\"rate\":\"0\",\"total_amount_rate\":\"1000\",\"reference\":\"\",\"reference_by\":\"\",\"payment_status\":0,\"payment\":\"\",\"user\":\"6affb799-6bbf-11ec-a352-309c23e68112\",\"status\":1,\"active\":false,\"created_at\":\"2022-06-21T18:00:49.000000Z\",\"updated_at\":\"2022-06-21T18:00:49.000000Z\",\"detail\":[{\"id\":\"e56530f3-a681-42a4-961d-d0dc892314ba\",\"general_id\":\"b057df4d-838c-4cac-8c7b-28ecd61330ca\",\"item_id\":\"\",\"item_code\":\"\",\"description\":\"rs\",\"currency\":\"\",\"unit\":\"\",\"debit\":{\"id\":\"504643fc-5969-4d89-bff0-8be3c7d2b30a\",\"type\":\"eb806569-d6f1-4309-9d38-491aa3092534\",\"code\":\"1111\",\"name\":\"Ti\\u1ec1n Vi\\u1ec7t Nam\",\"name_en\":\"Vietnamese Dong\",\"parent_id\":\"5b39f5a6-b5da-4df8-8e93-4de73797957e\",\"nature\":\"6c10379d-9c3a-11ec-9f9b-b42e9986cd6c\",\"date_start\":\"2020-09-19\",\"date_end\":\"2020-09-19\",\"description\":\"\",\"detail_object\":0,\"detail_bank_account\":0,\"detail_work\":0,\"detail_cost\":0,\"detail_statistical\":0,\"detail_case\":0,\"detail_orders\":0,\"detail_contract\":0,\"detail_depreciation\":0,\"detail_attribution\":0,\"document_id\":\"2f64b191-723e-11ec-80d2-309c23e68112\",\"active\":1,\"created_at\":\"2020-09-19T06:11:40.000000Z\",\"updated_at\":\"2020-09-19T06:11:40.000000Z\"},\"credit\":{\"id\":\"310aa3cf-674f-4080-88d3-a3ec5362f335\",\"type\":\"eb806569-d6f1-4309-9d38-491aa3092534\",\"code\":\"141\",\"name\":\"T\\u1ea1m \\u1ee9ng\",\"name_en\":\"Advances\",\"parent_id\":null,\"nature\":\"6c10379d-9c3a-11ec-9f9b-b42e9986cd6c\",\"date_start\":\"2020-09-19\",\"date_end\":\"2020-09-19\",\"description\":\"\",\"detail_object\":0,\"detail_bank_account\":0,\"detail_work\":0,\"detail_cost\":0,\"detail_statistical\":0,\"detail_case\":0,\"detail_orders\":0,\"detail_contract\":0,\"detail_depreciation\":0,\"detail_attribution\":0,\"document_id\":\"2f64b191-723e-11ec-80d2-309c23e68112\",\"active\":1,\"created_at\":\"2020-09-19T06:43:40.000000Z\",\"updated_at\":\"2020-09-19T06:43:40.000000Z\"},\"quantity\":\"0\",\"quantity_receipt\":\"0\",\"price\":\"0\",\"purchase_price\":\"0\",\"amount\":\"1000\",\"rate\":\"1\",\"amount_rate\":\"1000\",\"purchase_amount\":\"0\",\"lot_number\":\"\",\"expiry_date\":\"22\\/06\\/2022\",\"contract\":\"\",\"order\":\"\",\"discount\":\"0.00\",\"discount_percent\":\"0.00\",\"total_discount\":\"0.00\",\"case_code\":null,\"cost_code\":null,\"statistical_code\":null,\"work_code\":null,\"accounted_fast\":null,\"department\":null,\"bank_account\":null,\"subject_id_debit\":\"\",\"subject_name_debit\":\"\",\"subject_id_credit\":\"0\",\"subject_name_credit\":\"---SELECT---\",\"status\":0,\"active\":false,\"created_at\":\"2022-06-21T18:00:47.000000Z\",\"updated_at\":\"2022-06-21T18:00:47.000000Z\"}],\"tax\":[],\"attach\":[{\"id\":\"e56530f3-a681-42a4-961d-d0dc892314ba\",\"general_id\":\"b057df4d-838c-4cac-8c7b-28ecd61330ca\",\"item_id\":\"\",\"item_code\":\"\",\"description\":\"rs\",\"currency\":\"\",\"unit\":\"\",\"debit\":\"504643fc-5969-4d89-bff0-8be3c7d2b30a\",\"credit\":\"310aa3cf-674f-4080-88d3-a3ec5362f335\",\"quantity\":\"0.00\",\"quantity_receipt\":\"0.00\",\"price\":\"0.00\",\"purchase_price\":\"0.00\",\"amount\":\"1000.00\",\"rate\":\"1.00\",\"amount_rate\":\"1000.00\",\"purchase_amount\":\"0.00\",\"lot_number\":\"\",\"expiry_date\":null,\"contract\":\"\",\"order\":\"\",\"discount\":\"0.00\",\"discount_percent\":\"0.00\",\"total_discount\":\"0.00\",\"case_code\":\"0\",\"cost_code\":\"0\",\"statistical_code\":\"0\",\"work_code\":\"0\",\"accounted_fast\":\"0\",\"department\":\"0\",\"bank_account\":\"0\",\"subject_id_debit\":\"\",\"subject_name_debit\":\"\",\"subject_id_credit\":\"0\",\"subject_name_credit\":\"---SELECT---\",\"status\":0,\"active\":0,\"created_at\":\"2022-06-21T18:00:47.000000Z\",\"updated_at\":\"2022-06-21T18:00:47.000000Z\"}]}', 'cash-receipts-voucher-delete', '2022-06-21 18:00:51', '2022-06-21 18:00:51'),
('f65c3bf3-36aa-47a7-8f3f-28388e26771f', 3, '6affb799-6bbf-11ec-a352-309c23e68112', 'ee251096-8334-11ec-8b82-b42e9986cd6c', '{\"id\":\"6371aaf1-814d-48b4-bf23-616a46ff7931\",\"code\":\"C006\",\"name\":\"C\\u00f4ng ty TNHH ACB\",\"name_en\":\"Cosmetic\",\"conversion_calculation\":\"2\",\"rate\":\"0\",\"conversion_rate_vi\":\"100\",\"conversion_rate_en\":\"100\",\"currency_1_vi\":\"dong\",\"currency_1_en\":\"zz\",\"currency_2_vi\":\"test\",\"currency_2_en\":\"zz\",\"currency_3_vi\":\"zz\",\"currency_3_en\":\"zz\",\"account_bank\":\"0\",\"account_cash\":\"0\",\"filter\":1,\"active\":1,\"created_at\":\"2022-04-21T14:00:07.000000Z\",\"updated_at\":\"2022-06-18T17:21:57.000000Z\"}', 'currency-save', '2022-06-18 17:53:11', '2022-06-18 17:53:11'),
('f7b3a934-cccb-4b68-bebc-b4e654bf1ebf', 3, '6affb799-6bbf-11ec-a352-309c23e68112', 'ee25fc75-8334-11ec-8b82-b42e9986cd6c', '{\"id\":\"4ef8e61c-b6f7-4d3c-8303-820e65d4c70d\",\"type\":1,\"currency\":\"0\",\"stock_id\":\"\",\"voucher\":\"PT067\",\"description\":\"zz\",\"voucher_date\":\"2022-06-21\",\"accounting_date\":\"2022-06-21\",\"traders\":\"\",\"subject\":\"fe7dcd01-cda6-46ad-b117-3ac7fd5b6fbe\",\"stock_receipt\":\"\",\"stock_issue\":\"\",\"total_number\":\"0\",\"total_amount\":\"10000\",\"total_discount\":\"0\",\"discount\":\"0\",\"discount_percent\":\"0\",\"rate\":\"0\",\"total_amount_rate\":\"10000\",\"reference\":\"\",\"reference_by\":\"\",\"payment_status\":0,\"payment\":\"\",\"user\":\"6affb799-6bbf-11ec-a352-309c23e68112\",\"status\":1,\"active\":true,\"created_at\":\"2022-06-21T16:39:27.000000Z\",\"updated_at\":\"2022-06-21T16:39:27.000000Z\"}', 'cash-receipts-voucher-unwrite', '2022-06-21 16:39:31', '2022-06-21 16:39:31'),
('fc0842bf-4f88-47e4-83ac-03f01a14f9fc', 3, '6affb799-6bbf-11ec-a352-309c23e68112', '5b61b5e3-f451-4d71-9036-fc627290246c', '{\"id\":\"2c99caf5-5e6f-40bb-82e7-4e616c2910bb\",\"number_voucher\":\"adbbf485-e85b-4a1c-8455-043bbd86e8b6\",\"format\":\"XDD\",\"day\":\"28\",\"month\":\"10\",\"year\":\"2024\",\"number\":1,\"length_number\":1,\"active\":1,\"created_at\":\"2024-10-28T13:26:27.000000Z\",\"updated_at\":\"2024-10-28T13:26:27.000000Z\"}', '', '2024-10-28 13:26:41', '2024-10-28 13:26:41'),
('ff84270b-4054-453a-81ab-0bf3ff128751', 3, '6affb799-6bbf-11ec-a352-309c23e68112', 'ee251534-8334-11ec-8b82-b42e9986cd6c', '{\"id\":\"2\",\"code\":\"S2\",\"name\":\"H\\u00e0ng m\\u0129 ph\\u1ea9m\",\"name_en\":\"Cosmetic\",\"description\":\"abc\",\"unit_id\":\"c3a76329-f49b-449d-b3e4-27036543f0e1\",\"type\":\"ca022a87-5c29-44ba-8a36-acd6a7ef8fe9\",\"group\":\"79299bb5-0e36-4165-ae78-3365d2a16134\",\"interpretations_buy\":\"\",\"interpretations_sell\":\"\",\"warranty_period\":\"bd069edc-9f71-455f-bd79-dafe81d54495\",\"minimum_stock_quantity\":\"0.00\",\"maximum_stock_quantity\":\"0.00\",\"origin\":\"\",\"stock_default\":\"05a1838b-7bc9-43ef-8fe4-49eeb65a679d\",\"stock_account\":\"a6548fc7-5275-408e-ad54-a7901b355021\",\"revenue_account\":\"164644c5-af91-4b24-b853-14aac22db7bf\",\"cost_account\":\"234c8ac4-ed7c-43cd-ad98-e2297e9707c4\",\"percent_purchase_discount\":\"0.00\",\"purchase_discount\":\"0.00\",\"price_purchase\":\"20000.00\",\"price\":\"30000.00\",\"vat_tax\":\"4eb81e88-7f45-48b7-8011-4165eb869732\",\"import_tax\":\"0\",\"export_tax\":\"0\",\"excise_tax\":\"6375f493-3055-4096-aca0-f6bf1f4c5a77\",\"image\":null,\"identity\":\"\",\"sync\":\"79299bb5-0e36-4165-ae78-3365d2a16134\",\"active\":1,\"created_at\":\"2020-09-01T21:47:48.000000Z\",\"updated_at\":\"2022-06-12T10:06:13.000000Z\"}', 'supplies-goods-save', '2022-06-12 17:26:45', '2022-06-12 17:26:45');

-- --------------------------------------------------------

--
-- Cấu trúc bảng cho bảng `history_price`
--

CREATE TABLE `history_price` (
  `id` varchar(36) NOT NULL,
  `price_type` int(11) NOT NULL,
  `supplies_goods_id` varchar(36) NOT NULL,
  `value` decimal(10,2) NOT NULL,
  `created_at` timestamp NULL DEFAULT NULL ON UPDATE current_timestamp(),
  `updated_at` timestamp NULL DEFAULT NULL
) ENGINE=InnoDB DEFAULT CHARSET=utf8 COLLATE=utf8_unicode_ci;

--
-- Đang đổ dữ liệu cho bảng `history_price`
--

INSERT INTO `history_price` (`id`, `price_type`, `supplies_goods_id`, `value`, `created_at`, `updated_at`) VALUES
('97cf57b3-fb4b-4585-b479-0e6693f0c1ea', 2, '1', 100.00, '2022-06-12 18:02:14', '2022-06-12 18:02:14'),
('a25d23d5-bc06-4b0f-98f4-4f355518a9af', 2, '1', 300000.00, '2022-06-12 15:35:16', '2022-06-12 15:35:16'),
('cc67ee80-7ed0-4d83-ad6c-c5d85aed4c47', 1, '1', 200000.00, '2022-06-12 15:35:16', '2022-06-12 15:35:16'),
('e361a30b-59a0-46d6-9d2f-2bb10b400892', 1, '1', 500.00, '2022-06-12 18:02:14', '2022-06-12 18:02:14');

-- --------------------------------------------------------

--
-- Cấu trúc bảng cho bảng `natural_resources`
--

CREATE TABLE `natural_resources` (
  `id` varchar(36) CHARACTER SET ascii COLLATE ascii_general_ci NOT NULL,
  `parent_id` varchar(36) DEFAULT NULL,
  `code` varchar(50) DEFAULT NULL,
  `name` varchar(100) DEFAULT NULL,
  `name_en` varchar(100) DEFAULT NULL,
  `unit_id` varchar(36) DEFAULT NULL,
  `natural_tax` tinyint(4) DEFAULT NULL,
  `active` tinyint(4) NOT NULL,
  `created_at` timestamp NULL DEFAULT NULL,
  `updated_at` timestamp NULL DEFAULT NULL
) ENGINE=InnoDB DEFAULT CHARSET=utf8mb4 COLLATE=utf8mb4_unicode_ci;

--
-- Đang đổ dữ liệu cho bảng `natural_resources`
--

INSERT INTO `natural_resources` (`id`, `parent_id`, `code`, `name`, `name_en`, `unit_id`, `natural_tax`, `active`, `created_at`, `updated_at`) VALUES
('bf2ff31b-fe80-4236-9f46-0b6f301af800', NULL, 'av', 'test', 'zz', '0', NULL, 1, '2022-03-02 16:20:10', '2022-03-02 16:20:10'),
('d0a28cb8-70bb-4a96-8e0e-d2b288f425a0', NULL, 'N003', 'test3', 'azz', '0', 0, 1, '2022-03-02 14:52:32', '2022-03-02 15:06:48'),
('e079fbbc-b53f-48df-8d8b-d639b33798a2', 'd0a28cb8-70bb-4a96-8e0e-d2b288f425a0', 'N002', 'testsst', 'azz', '0', 0, 1, '2022-03-02 14:50:20', '2022-03-02 15:37:44'),
('f1b9f22e-1186-455f-ba81-8159d8524adc', NULL, 'zz', 'zz', 'zz', '0', NULL, 1, '2022-03-02 16:20:10', '2022-03-02 16:20:10');

-- --------------------------------------------------------

--
-- Cấu trúc bảng cho bảng `number_code`
--

CREATE TABLE `number_code` (
  `id` varchar(36) CHARACTER SET ascii COLLATE ascii_general_ci NOT NULL,
  `menu_id` varchar(36) DEFAULT NULL,
  `code` varchar(50) DEFAULT NULL,
  `name` varchar(100) DEFAULT NULL,
  `prefix` varchar(100) DEFAULT NULL,
  `suffixes` varchar(100) DEFAULT NULL,
  `number` int(11) NOT NULL,
  `length_number` int(11) DEFAULT NULL,
  `change_voucher` tinyint(4) DEFAULT NULL,
  `active` tinyint(4) NOT NULL,
  `created_at` timestamp NULL DEFAULT NULL,
  `updated_at` timestamp NULL DEFAULT NULL
) ENGINE=InnoDB DEFAULT CHARSET=utf8mb4 COLLATE=utf8mb4_unicode_ci;

--
-- Đang đổ dữ liệu cho bảng `number_code`
--

INSERT INTO `number_code` (`id`, `menu_id`, `code`, `name`, `prefix`, `suffixes`, `number`, `length_number`, `change_voucher`, `active`, `created_at`, `updated_at`) VALUES
('003808ce-8e70-455e-a45a-463302eb03a3', 'ee251534-8334-11ec-8b82-b42e9986cd6c', 'supplies-goods_1', 'Mã tự động nguyên vật liệu', 'NVL', '', 1, 4, NULL, 1, '2020-10-17 09:25:13', '2022-05-05 16:56:59'),
('05054f91-6de0-4be2-a991-b9fd26be53e4', 'ee250cca-8334-11ec-8b82-b42e9986cd6c', 'account-type', 'Mã tự động loại tài khoản', 'T', '', 12, 3, NULL, 1, '2020-09-30 08:40:13', '2022-05-07 18:02:57'),
('1398c4b3-702d-426f-8a8a-28b4227aab18', 'ee251338-8334-11ec-8b82-b42e9986cd6c', 'object-type', 'Mã tự động loại đối tượng', 'T', '', 6, 3, NULL, 1, '2020-10-03 22:27:32', '2022-05-05 17:08:38'),
('16927f3f-1ffd-45fd-b7e1-20322d3bc2c5', 'ee251096-8334-11ec-8b82-b42e9986cd6c', 'currency', 'Mã tự động loại tiền', 'C', '', 7, 3, NULL, 1, '2020-10-02 00:38:09', '2022-05-07 17:38:36'),
('1f27ab3b-bdbf-4258-b9f3-1e4038b4bfc1', 'ee2514a1-8334-11ec-8b82-b42e9986cd6c', 'supplies-goods-group', 'Mã tự động nhóm vật tư hàng hóa', 'G', '', 5, 5, NULL, 1, '2020-09-27 08:36:24', '2022-05-07 18:08:00'),
('1f5d007d-5563-4cd1-a258-64e6ed3e252d', 'ee25104e-8334-11ec-8b82-b42e9986cd6c', 'cost-code', 'Mã tự động mã chi phí', 'C', '', 3, 3, NULL, 1, '2020-10-03 00:26:26', '2022-05-07 15:07:12'),
('374326b7-bacf-47bd-b16a-7e4eb0e8ad2e', 'ee25fe91-8334-11ec-8b82-b42e9986cd6c', 'accounted-auto', 'Mã hạch toán tự động', 'AC', '', 4, 4, NULL, 1, '2021-06-25 10:19:59', '2022-05-05 16:53:14'),
('40e09661-1af6-4dcd-8b8e-757855fc4869', 'ee25129a-8334-11ec-8b82-b42e9986cd6c', 'natural-resources', 'Mã tự động thuế tài nguyên', 'N', '', 4, 3, NULL, 1, '2020-10-03 11:47:49', '2022-05-05 17:08:59'),
('4916f191-632a-49f7-9ec0-76afc4f01a30', 'ee250fbc-8334-11ec-8b82-b42e9986cd6c', 'work-code', 'Mã tự động mã công việc', 'W', '', 3, 3, NULL, 1, '2020-10-03 00:21:53', '2024-10-30 14:12:55'),
('4f829cb2-1ca4-4074-bf76-db3a33d03299', 'ee251534-8334-11ec-8b82-b42e9986cd6c', 'supplies-goods_4', 'Mã tự động thành phẩm', 'TP', '', 1, 4, NULL, 1, '2020-10-17 09:26:08', '2022-05-05 16:53:37'),
('505db185-dd51-4aea-8db6-d93af57cccf2', 'ee250d12-8334-11ec-8b82-b42e9986cd6c', 'account-nature', 'Mã tự động tính chất tài khoản', 'N', '', 6, 3, NULL, 1, '2020-09-30 10:22:05', '2022-05-07 18:00:45'),
('5cafea23-b41d-44f3-a4a9-5ac805d7a9a4', 'ee250b8b-8334-11ec-8b82-b42e9986cd6c', 'stock', 'Mã tự động kho', 'S', '', 3, 5, NULL, 1, '2020-09-27 07:58:35', '2022-06-11 15:10:23'),
('628bf620-5464-4c3d-8574-a45fa86a520b', 'ee251534-8334-11ec-8b82-b42e9986cd6c', 'supplies-goods_5', 'Mã tự động dịch vụ', 'DV', '', 1, 4, NULL, 1, '2020-10-17 09:26:28', '2022-05-05 16:53:23'),
('65a73218-3e8e-4a5d-a280-45db461776e9', 'ee250b45-8334-11ec-8b82-b42e9986cd6c', 'unit', 'Mã tự động đơn vị tính', 'U', '', 4, 5, NULL, 1, '2020-09-26 09:51:35', '2022-06-11 15:06:27'),
('7a5de0d2-428a-4875-b79b-f836fee3b17f', 'ee251413-8334-11ec-8b82-b42e9986cd6c', 'object-group', 'Mã tự động nhóm đối tượng', 'G', '', 3, 3, NULL, 1, '2020-10-04 00:45:27', '2022-05-05 17:07:26'),
('7fa72090-3aa4-48d9-be8b-68a7aa3adf22', 'ee251534-8334-11ec-8b82-b42e9986cd6c', 'supplies-goods_3', 'Mã tự động công cụ dụng cụ', 'CC', '', 1, 4, NULL, 1, '2020-10-17 09:25:47', '2022-05-05 16:53:49'),
('84204a46-0559-4ba1-9d62-4ae693899f64', 'ee251252-8334-11ec-8b82-b42e9986cd6c', 'excise', 'Mã tự động thuế TTDB', 'E', '', 26, 3, NULL, 1, '2020-10-03 11:11:03', '2022-05-05 17:09:27'),
('86cdc0f1-3ee7-4792-985f-b77d9d5fe765', 'ee251383-8334-11ec-8b82-b42e9986cd6c', 'department', 'Mã tự động bộ phận', 'D', '', 3, 3, NULL, 1, '2020-10-03 22:59:07', '2022-05-05 17:08:02'),
('8d84ea23-e61a-41dc-9655-7676c506be09', 'ee251129-8334-11ec-8b82-b42e9986cd6c', 'revenue-expenditure-type', 'Mã tự động loại mục thu chi', 'T', '', 3, 5, NULL, 1, '2020-10-03 01:47:03', '2022-05-05 17:10:45'),
('8f2f36c1-93b4-408c-8a21-9378781474f5', 'ee251534-8334-11ec-8b82-b42e9986cd6c', 'supplies-goods_2', 'Mã tự động hàng hóa', 'HH', '', 1, 4, NULL, 1, '2020-10-17 09:25:29', '2022-05-05 16:54:42'),
('a2a8aafb-5679-4da3-8b19-7bfcbf043e84', 'ee2513cb-8334-11ec-8b82-b42e9986cd6c', 'object_3', 'Mã tự động đối tượng nhân viên', 'NV', '', 1, 4, NULL, 1, '2020-10-17 07:27:42', '2022-05-05 17:02:04'),
('ab812cac-e0cc-4a59-8020-1c04a0793323', 'ee2513cb-8334-11ec-8b82-b42e9986cd6c', 'object_2', 'Mã tự động đối tượng khách hàng', 'KH', '', 2, 4, NULL, 1, '2020-10-17 07:27:16', '2022-05-05 17:04:31'),
('b00a95b1-20da-4e3a-adf6-696ca557d401', 'ee251534-8334-11ec-8b82-b42e9986cd6c', 'supplies-goods', 'Mã tự động vật tư hàng hóa', 'H', '', 1, 1, NULL, 1, '2020-09-27 08:36:59', '2022-05-07 18:04:33'),
('b720e5bd-c77a-4b14-b980-634bc5d55afc', 'ee25fc25-8334-11ec-8b82-b42e9986cd6c', 'revenue-expenditure', 'Mã tự động mục thu chi', 'R', '', 2, 5, NULL, 1, '2020-10-03 01:46:40', '2022-05-05 17:12:27'),
('bc8ed6a3-cec8-4bc9-a7da-0abfb2f1471c', 'ee251006-8334-11ec-8b82-b42e9986cd6c', 'case-code', 'Mã tự động mã vụ việc', 'A', '', 2, 3, NULL, 1, '2020-10-03 00:26:53', '2022-05-06 15:20:47'),
('c01ad472-d5cb-4f06-84ed-4dfda7cb8cca', 'ee2513cb-8334-11ec-8b82-b42e9986cd6c', 'object_4', 'Mã tự động đối tượng khác', 'O', '', 1, 4, NULL, 1, '2020-10-17 07:45:41', '2022-05-05 16:58:53'),
('ccc557a8-b215-4e86-a124-efc9ae37c63d', 'ee25157d-8334-11ec-8b82-b42e9986cd6c', 'warranty-period', 'Mã tự động vật bảo hành', 'W', '', 4, 5, NULL, 1, '2020-09-28 10:02:23', '2022-05-07 18:03:27'),
('ce21710d-5f00-4ccd-94db-0b5ffe158499', 'ee2513cb-8334-11ec-8b82-b42e9986cd6c', 'object_1', 'Mã tự động đối tượng nhà cung cấp', 'NCC', '', 4, 4, NULL, 1, '2020-10-11 08:10:04', '2022-05-05 17:06:48'),
('d157d925-d67e-4011-8f7d-456fe9ecaba2', 'ee250f60-8334-11ec-8b82-b42e9986cd6c', 'statistical-code', 'Mã tự động mã thống kê', 'S', '', 3, 3, NULL, 1, '2020-10-02 07:23:09', '2022-05-07 17:28:35'),
('e7df8ef6-3b16-4cc3-b169-b08275b908b8', 'ee251209-8334-11ec-8b82-b42e9986cd6c', 'vat', 'Mã tự động thuế VAT', 'V', '', 4, 3, NULL, 1, '2020-10-03 04:44:03', '2022-05-05 17:09:58'),
('ea5619c8-266d-4d12-ba64-36025a7d14fa', 'ee251459-8334-11ec-8b82-b42e9986cd6c', 'supplies-goods-type', 'Mã tự động loại vật tư hàng hóa', 'T', '', 6, 5, NULL, 1, '2020-09-27 08:00:37', '2022-05-07 18:08:42'),
('efbe2d38-8e20-4f32-b5d6-f129c17e4a99', 'ee250e35-8334-11ec-8b82-b42e9986cd6c', 'bank', 'Mã tự động ngân hàng', 'B', '', 3, 3, NULL, 1, '2020-10-02 00:00:03', '2022-05-07 17:48:37');

-- --------------------------------------------------------

--
-- Cấu trúc bảng cho bảng `number_voucher`
--

CREATE TABLE `number_voucher` (
  `id` varchar(36) CHARACTER SET ascii COLLATE ascii_general_ci NOT NULL,
  `menu_id` varchar(36) DEFAULT NULL,
  `menu_general_id` varchar(36) DEFAULT NULL,
  `code` varchar(50) DEFAULT NULL,
  `name` varchar(100) DEFAULT NULL,
  `name_en` varchar(100) DEFAULT NULL,
  `prefix` varchar(100) DEFAULT NULL,
  `format` varchar(10) DEFAULT NULL,
  `number` int(11) NOT NULL,
  `length_number` int(11) DEFAULT NULL,
  `change_voucher` tinyint(4) DEFAULT NULL,
  `active` tinyint(4) NOT NULL,
  `created_at` timestamp NULL DEFAULT NULL,
  `updated_at` timestamp NULL DEFAULT NULL
) ENGINE=InnoDB DEFAULT CHARSET=utf8mb4 COLLATE=utf8mb4_unicode_ci;

--
-- Đang đổ dữ liệu cho bảng `number_voucher`
--

INSERT INTO `number_voucher` (`id`, `menu_id`, `menu_general_id`, `code`, `name`, `name_en`, `prefix`, `format`, `number`, `length_number`, `change_voucher`, `active`, `created_at`, `updated_at`) VALUES
('adbbf485-e85b-4a1c-8455-043bbd86e8b6', 'ee25fe47-8334-11ec-8b82-b42e9986cd6c', 'ee25fc75-8334-11ec-8b82-b42e9986cd6c', 'PT', 'Phiếu thu', 'Cash receipts', 'PT', 'YYYYMMX', 78, 3, 1, 1, '2021-04-22 09:50:25', '2024-11-04 15:13:44');

-- --------------------------------------------------------

--
-- Cấu trúc bảng cho bảng `object`
--

CREATE TABLE `object` (
  `id` varchar(36) CHARACTER SET ascii COLLATE ascii_general_ci NOT NULL,
  `object_group` varchar(36) CHARACTER SET ascii COLLATE ascii_general_ci DEFAULT NULL,
  `code` varchar(50) DEFAULT NULL,
  `name` varchar(100) DEFAULT NULL,
  `name_1` varchar(100) DEFAULT NULL,
  `identity_card` varchar(50) DEFAULT NULL,
  `issued_by_identity_card` varchar(50) DEFAULT NULL,
  `date_identity_card` date DEFAULT NULL,
  `address` varchar(100) DEFAULT NULL,
  `email` varchar(100) DEFAULT NULL,
  `tax_code` varchar(15) DEFAULT NULL,
  `invoice_form` varchar(50) DEFAULT NULL,
  `invoice_symbol` varchar(50) DEFAULT NULL,
  `director` varchar(50) DEFAULT NULL,
  `phone` varchar(50) DEFAULT NULL,
  `fax` varchar(50) DEFAULT NULL,
  `department` varchar(36) DEFAULT NULL,
  `full_name_contact` varchar(50) DEFAULT NULL,
  `address_contact` varchar(100) DEFAULT NULL,
  `title_contact` varchar(100) DEFAULT NULL,
  `email_contact` varchar(50) DEFAULT NULL,
  `telephone1_contact` varchar(20) DEFAULT NULL,
  `telephone2_contact` varchar(20) DEFAULT NULL,
  `bank_name` varchar(50) DEFAULT NULL,
  `bank_branch` varchar(50) DEFAULT NULL,
  `bank_account` varchar(50) DEFAULT NULL,
  `country` varchar(36) DEFAULT NULL,
  `regions` varchar(36) DEFAULT NULL,
  `area` varchar(36) DEFAULT NULL,
  `distric` varchar(36) DEFAULT NULL,
  `marketing` varchar(100) DEFAULT NULL,
  `company_size` tinyint(4) DEFAULT NULL,
  `level` int(4) DEFAULT NULL,
  `active` tinyint(4) NOT NULL,
  `created_at` timestamp NULL DEFAULT NULL,
  `updated_at` timestamp NULL DEFAULT NULL
) ENGINE=InnoDB DEFAULT CHARSET=utf8mb4 COLLATE=utf8mb4_unicode_ci;

--
-- Đang đổ dữ liệu cho bảng `object`
--

INSERT INTO `object` (`id`, `object_group`, `code`, `name`, `name_1`, `identity_card`, `issued_by_identity_card`, `date_identity_card`, `address`, `email`, `tax_code`, `invoice_form`, `invoice_symbol`, `director`, `phone`, `fax`, `department`, `full_name_contact`, `address_contact`, `title_contact`, `email_contact`, `telephone1_contact`, `telephone2_contact`, `bank_name`, `bank_branch`, `bank_account`, `country`, `regions`, `area`, `distric`, `marketing`, `company_size`, `level`, `active`, `created_at`, `updated_at`) VALUES
('fd9fa60e-02c6-490a-83ae-99619c877a25', '3632785d-932f-41ef-a5b4-5590933e3e63', 'NCC0003', 'test', 'zz', '', '', '0000-00-00', '9 Phan Chu Trinh', 'qhapartment@gmail.com', 'abc', '', '', 'dsa', '+84 386692911', '11', '0', '', '', '', '', '', '', '', '', '', '0', '0', '0', '0', '', 0, 3, 1, '2022-04-06 14:40:49', '2022-04-06 14:54:43'),
('fe7dcd01-cda6-46ad-b117-3ac7fd5b6fbe', '0', 'abc', 'zz', 'zz', '2253867', NULL, '1970-01-01', NULL, NULL, NULL, NULL, NULL, NULL, NULL, NULL, NULL, NULL, NULL, NULL, NULL, NULL, NULL, NULL, NULL, NULL, '0', '0', '0', '0', NULL, NULL, NULL, 1, '2022-05-02 07:33:09', '2022-05-02 07:33:09');

-- --------------------------------------------------------

--
-- Cấu trúc bảng cho bảng `object_filter_object_type`
--

CREATE TABLE `object_filter_object_type` (
  `id` varchar(36) CHARACTER SET ascii COLLATE ascii_general_ci NOT NULL,
  `object` varchar(36) CHARACTER SET ascii COLLATE ascii_general_ci NOT NULL,
  `object_type` varchar(36) CHARACTER SET ascii COLLATE ascii_general_ci NOT NULL,
  `created_at` timestamp NULL DEFAULT NULL,
  `updated_at` timestamp NULL DEFAULT NULL
) ENGINE=InnoDB DEFAULT CHARSET=utf8mb4 COLLATE=utf8mb4_unicode_ci;

--
-- Đang đổ dữ liệu cho bảng `object_filter_object_type`
--

INSERT INTO `object_filter_object_type` (`id`, `object`, `object_type`, `created_at`, `updated_at`) VALUES
('1e89f1d2-c6f8-4b45-b1b0-ef5bce9cc4c6', 'fe7dcd01-cda6-46ad-b117-3ac7fd5b6fbe', '79299bb5-0e36-4165-ae78-3365d2a16134', '2022-05-02 07:33:09', '2022-05-02 07:33:09'),
('4e1c3dd6-6c13-4119-b084-8a85c6ef0d44', 'fd9fa60e-02c6-490a-83ae-99619c877a25', 'c7014df8-b13c-4036-8dc6-b92812674c47', '2022-04-06 14:54:32', '2022-04-06 14:54:32'),
('7f21e7b4-4ff1-4a0b-9e1c-4e7641d98c5e', 'fe7dcd01-cda6-46ad-b117-3ac7fd5b6fbe', '64c5ba68-aea6-45e9-b57d-b7895310d3cc', '2022-05-02 07:33:09', '2022-05-02 07:33:09'),
('bcc6aad3-357f-484e-8497-603603261aff', 'fd9fa60e-02c6-490a-83ae-99619c877a25', '64c5ba68-aea6-45e9-b57d-b7895310d3cc', '2022-04-06 14:40:49', '2022-04-06 14:40:49');

-- --------------------------------------------------------

--
-- Cấu trúc bảng cho bảng `object_group`
--

CREATE TABLE `object_group` (
  `id` varchar(36) NOT NULL,
  `code` varchar(50) DEFAULT NULL,
  `name` varchar(100) DEFAULT NULL,
  `name_en` varchar(100) DEFAULT NULL,
  `active` tinyint(4) NOT NULL,
  `created_at` timestamp NULL DEFAULT NULL,
  `updated_at` timestamp NULL DEFAULT NULL
) ENGINE=InnoDB DEFAULT CHARSET=utf8mb4 COLLATE=utf8mb4_unicode_ci;

--
-- Đang đổ dữ liệu cho bảng `object_group`
--

INSERT INTO `object_group` (`id`, `code`, `name`, `name_en`, `active`, `created_at`, `updated_at`) VALUES
('3632785d-932f-41ef-a5b4-5590933e3e63', 'G002', 'dsda', 'dsa', 1, '2022-03-13 07:20:20', '2022-03-13 07:20:20'),
('37931c6d-f3b9-4d16-b80f-96d89cff15ea', 'zz', 'zz', 'zz', 1, '2022-03-13 07:20:13', '2022-03-13 07:20:13');

-- --------------------------------------------------------

--
-- Cấu trúc bảng cho bảng `object_type`
--

CREATE TABLE `object_type` (
  `id` varchar(36) CHARACTER SET ascii COLLATE ascii_general_ci NOT NULL,
  `code` varchar(50) DEFAULT NULL,
  `name` varchar(100) DEFAULT NULL,
  `name_en` varchar(100) DEFAULT NULL,
  `filter` tinyint(4) DEFAULT NULL,
  `active` tinyint(4) NOT NULL,
  `created_at` timestamp NULL DEFAULT NULL,
  `updated_at` timestamp NULL DEFAULT NULL
) ENGINE=InnoDB DEFAULT CHARSET=utf8mb4 COLLATE=utf8mb4_unicode_ci;

--
-- Đang đổ dữ liệu cho bảng `object_type`
--

INSERT INTO `object_type` (`id`, `code`, `name`, `name_en`, `filter`, `active`, `created_at`, `updated_at`) VALUES
('64c5ba68-aea6-45e9-b57d-b7895310d3cc', 'T001', 'Nhà cung cấp', 'Supplier', 1, 1, '2020-09-01 21:47:25', '2022-03-24 16:13:35'),
('79299bb5-0e36-4165-ae78-3365d2a16134', 'T002', 'Khách hàng', 'Customer', 2, 1, '2020-09-01 21:47:48', '2022-03-24 16:13:41'),
('9b87ee4e-99b8-44e1-b455-e799f0a27b4e', 'T004', 'Khác', 'Other', 4, 1, '2020-09-01 21:48:06', '2022-03-24 16:13:55'),
('c7014df8-b13c-4036-8dc6-b92812674c47', 'T003', 'Nhân viên', 'Employer', 3, 1, '2020-09-01 21:48:05', '2022-03-24 16:13:50');

-- --------------------------------------------------------

--
-- Cấu trúc bảng cho bảng `period`
--

CREATE TABLE `period` (
  `id` varchar(36) NOT NULL,
  `name` varchar(50) CHARACTER SET utf8 COLLATE utf8_unicode_ci DEFAULT NULL,
  `name_en` varchar(50) CHARACTER SET utf8 COLLATE utf8_unicode_ci DEFAULT NULL,
  `date` varchar(7) DEFAULT NULL,
  `active` tinyint(4) NOT NULL,
  `created_at` datetime DEFAULT NULL,
  `updated_at` datetime DEFAULT NULL
) ENGINE=InnoDB DEFAULT CHARSET=latin1 COLLATE=latin1_swedish_ci ROW_FORMAT=COMPACT;

--
-- Đang đổ dữ liệu cho bảng `period`
--

INSERT INTO `period` (`id`, `name`, `name_en`, `date`, `active`, `created_at`, `updated_at`) VALUES
('0ec0b4dd-4d6f-4459-89fb-5c9c3e3e0d2d', 'Khóa kỳ 02/2021', 'Lock period 02/2021', '2021-02', 1, '2021-01-23 17:19:01', '2021-02-09 11:29:47'),
('1bb2d1d1-d331-4f9b-9577-ebb797ff37bb', 'Khóa kỳ 12/2021', 'Lock period 12/2021', '2021-12', 0, '2021-01-23 17:35:43', '2021-12-11 09:10:09'),
('2b921dfb-f657-47a8-8bfc-dcbbf565816f', 'Khóa kỳ 11/2021', 'Lock period 11/2021', '2021-11', 1, '2021-01-23 17:36:35', '2021-01-23 17:36:35'),
('3503cf89-235a-440a-af20-7c3056d187ee', 'Khóa kỳ 08/2021', 'Lock period 08/2021', '2021-08', 1, '2021-01-23 17:32:15', '2021-01-23 17:32:15'),
('3fbae197-44ca-46af-8153-c15a66d1ae75', 'Khóa kỳ 07/2018', 'Lock period 07/2018', '2018-07', 0, '2021-01-23 17:56:14', '2022-06-05 22:45:04'),
('511367e5-3bb8-463b-9136-e2be6ea24a24', 'Khóa kỳ 03/2021', 'Lock period 03/2021', '2021-03', 1, '2021-01-23 17:20:31', '2021-01-23 17:20:31'),
('53a56733-8e2d-4cc8-acde-0efb9ecce53a', 'Khóa kỳ 10/2021', 'Lock period 10/2021', '2021-10', 1, '2021-01-23 17:39:13', '2021-01-23 17:39:13'),
('57bfa62b-9252-4559-8531-be327fc80cb8', 'Khóa kỳ 12/2020', 'Lock period 12/2020', '2020-12', 1, '2021-01-23 17:43:37', '2021-01-23 17:43:37'),
('615e66f4-7a1f-4841-8a67-9212af8e00be', 'Khóa kỳ 03/2019', 'Lock period 03/2019', '2019-03', 1, '2021-01-23 17:47:59', '2021-01-23 17:47:59'),
('654753e1-0066-4ad7-a718-b8db8eb8ba3a', 'Khóa kỳ 09/2020', 'Lock period 09/2020', '2020-09', 1, '2021-01-23 17:47:12', '2021-01-23 17:47:12'),
('7c5c455b-9d6a-4240-8a75-82bffb8174e1', 'Khóa kỳ 05/2021', 'Lock period 05/2021', '2021-05', 1, '2021-01-23 17:27:01', '2021-01-23 17:27:01'),
('8fdfff6e-360c-4886-8a9e-62d22c4b3b9c', 'Khóa kỳ 06/2019', 'Lock period 06/2019', '2019-06', 1, '2021-01-23 17:49:15', '2021-01-23 17:49:15'),
('96dd9e4d-2bf0-4fba-9a66-b0d65261f234', 'Khóa kỳ 02/2019', 'Lock period 02/2019', '2019-02', 1, '2021-01-23 17:50:04', '2021-01-23 17:50:04'),
('9daf6f6c-08a9-4850-8c2b-31a79c8dde5d', 'Khóa kỳ 04/2019', 'Lock period 04/2019', '2019-04', 1, '2021-01-23 17:51:03', '2021-01-23 17:51:03'),
('a5e10f32-9c3d-4cb8-89c5-0a2c95730c92', 'Khóa kỳ 06/2021', 'Lock period 06/2021', '2021-06', 1, '2021-01-23 17:27:54', '2021-01-23 17:27:54'),
('e5196af6-6165-4235-a7f3-02f11bc5af86', 'Khóa kỳ 05/2018', 'Lock period 05/2018', '2018-05', 1, '2021-01-23 17:53:53', '2021-01-23 17:53:53'),
('e9f337fe-1cd6-447b-aa18-e57c7d001497', 'Khóa kỳ 11/2020', 'Lock period 11/2020', '2020-11', 1, '2021-01-23 17:45:17', '2021-01-23 17:45:17'),
('efc3bfad-9f64-4bab-b45f-ca9915be9a80', 'Khóa kỳ 04/2021', 'Lock period 04/2021', '2021-04', 1, '2021-01-23 17:25:40', '2021-01-23 17:25:40'),
('fe1d1eaf-14e8-41bc-b349-782c5243a712', 'Khóa kỳ 01/2021', 'Lock period 01/2021', '2021-01', 1, '2021-01-23 17:18:16', '2021-01-30 16:36:19');

-- --------------------------------------------------------

--
-- Cấu trúc bảng cho bảng `print_template`
--

CREATE TABLE `print_template` (
  `id` varchar(36) CHARACTER SET ascii COLLATE ascii_general_ci NOT NULL,
  `menu` varchar(36) NOT NULL,
  `code` varchar(50) CHARACTER SET utf8 COLLATE utf8_unicode_ci NOT NULL,
  `name` varchar(100) CHARACTER SET utf8 COLLATE utf8_unicode_ci NOT NULL,
  `name_en` varchar(100) CHARACTER SET utf8 COLLATE utf8_unicode_ci NOT NULL,
  `date_print` date NOT NULL,
  `content` longtext CHARACTER SET utf8 COLLATE utf8_unicode_ci NOT NULL,
  `active` tinyint(4) DEFAULT NULL,
  `created_at` timestamp NULL DEFAULT NULL,
  `updated_at` timestamp NULL DEFAULT NULL
) ENGINE=InnoDB DEFAULT CHARSET=latin1 COLLATE=latin1_swedish_ci ROW_FORMAT=COMPACT;

--
-- Đang đổ dữ liệu cho bảng `print_template`
--

INSERT INTO `print_template` (`id`, `menu`, `code`, `name`, `name_en`, `date_print`, `content`, `active`, `created_at`, `updated_at`) VALUES
('71c07fbf-ec0f-11ec-9427-b42e9986cd6c', '42', 'PNK001', 'Phiếu nhập kho TT200', 'Receipt Inventory Voucher', '2017-01-18', '&lt;table style=\"width:869px;\"&gt;&lt;tbody&gt;&lt;tr style=\"height:63px;\"&gt;&lt;td style=\"width:397.813px;\"&gt;&lt;p&gt;&lt;span style=\"font-size:medium;font-weight:bold;\"&gt;Đơn vị:{company}&lt;/span&gt;&lt;/p&gt;&lt;p&gt;&lt;strong&gt;&lt;span style=\"font-size:medium;line-height:20.8px;\"&gt;Địa chỉ:&lt;/span&gt;&lt;/strong&gt;&lt;span style=\"font-weight:bold;font-size:medium;text-align:center;\"&gt;{company_address}&lt;/span&gt;&lt;/p&gt;&lt;/td&gt;&lt;td style=\"width:452.813px;text-align:center;\"&gt;&lt;span lang=\"NL\" style=\"font-weight:bold;font-size:medium;\"&gt;&lt;/span&gt;&lt;span lang=\"NL\" style=\"font-weight:bold;font-size:medium;\"&gt;&lt;/span&gt;&lt;/td&gt;&lt;/tr&gt;&lt;/tbody&gt;&lt;/table&gt;&lt;table style=\"width:869px;\"&gt;&lt;tbody&gt;&lt;tr style=\"height:64px;\"&gt;&lt;td style=\"width:219.813px;\"&gt;&amp;nbsp;&lt;/td&gt;&lt;td style=\"width:430.813px;text-align:center;\"&gt;&lt;p&gt;&lt;strong&gt;&lt;span lang=\"NL\" style=\"font-size:17pt;\"&gt;PHIẾU NHẬP KHO&lt;br /&gt;&lt;/span&gt;&lt;/strong&gt;&lt;em&gt;&lt;span lang=\"NL\"&gt;Ng&amp;agrave;y {day} th&amp;aacute;ng {month} năm {year}&lt;/span&gt;&lt;/em&gt;&lt;/p&gt;&lt;p&gt;&lt;span lang=\"NL\"&gt;Số:&lt;/span&gt;&lt;span lang=\"NL\"&gt;&amp;nbsp;{voucher}&lt;/span&gt;&lt;/p&gt;&lt;/td&gt;&lt;td style=\"width:190.813px;\"&gt;&lt;br /&gt;&lt;span lang=\"NL\"&gt;&lt;/span&gt;&lt;/td&gt;&lt;/tr&gt;&lt;/tbody&gt;&lt;/table&gt;&lt;p style=\"margin:6pt 0in;text-align:justify;line-height:15.6px;\"&gt;&lt;span lang=\"NL\" style=\"font-size:medium;line-height:20.8px;\"&gt;Họ v&amp;agrave; t&amp;ecirc;n người giao:&amp;nbsp;&lt;/span&gt;&lt;span style=\"font-size:medium;\"&gt;{subject}&lt;/span&gt;&lt;span style=\"font-size:medium;\"&gt;&lt;/span&gt;&lt;/p&gt;&lt;div style=\"text-align:justify;\"&gt;&lt;span style=\"font-size:medium;\"&gt;&lt;/span&gt;&lt;/div&gt;&lt;p style=\"margin:6pt 0in;text-align:justify;line-height:15.6px;\"&gt;&lt;span style=\"font-size:medium;\"&gt;Nhập tại kho : {warehouse} &amp;nbsp; &amp;nbsp; &amp;nbsp; &amp;nbsp; &amp;nbsp; &amp;nbsp; &amp;nbsp; &amp;nbsp; &amp;nbsp; &amp;nbsp; &amp;nbsp; &amp;nbsp; &amp;nbsp; &amp;nbsp; &amp;nbsp; &amp;nbsp; &amp;nbsp; &amp;nbsp; &amp;nbsp;Địa điểm : {warehouse_place}&lt;/span&gt;&lt;/p&gt;&lt;table cellpadding=\"2\" style=\"width:867px;border-width:2px;border-style:solid;border-color:#000000;background-color:#ffffff;\"&gt;&lt;tbody&gt;&lt;tr style=\"height:36px;\"&gt;&lt;td style=\"border-style:solid;border-color:#595959;width:43.8125px;text-align:center;vertical-align:top;\"&gt;STT&lt;/td&gt;&lt;td style=\"border-style:solid;border-color:#595959;width:256.813px;text-align:center;vertical-align:top;\"&gt;T&amp;ecirc;n , nh&amp;atilde;n &amp;nbsp;hiệu , quy c&amp;aacute;ch, phẩm chất, vật tư, dụng cụ, sản phẩm , h&amp;agrave;ng h&amp;oacute;a&lt;/td&gt;&lt;td style=\"border-style:solid;border-color:#595959;width:57.8125px;text-align:center;vertical-align:top;\"&gt;M&amp;atilde; số&lt;/td&gt;&lt;td style=\"border-style:solid;border-color:#595959;width:63.8125px;text-align:center;vertical-align:top;\"&gt;Đơn vị t&amp;iacute;nh&lt;/td&gt;&lt;td style=\"border-style:solid;border-color:#595959;width:81.8125px;text-align:center;vertical-align:top;\"&gt;Theo chứng từ&lt;/td&gt;&lt;td style=\"border-style:solid;border-color:#595959;width:65.8125px;text-align:center;vertical-align:top;\"&gt;Thực nhập&lt;/td&gt;&lt;td style=\"border-style:solid;border-color:#595959;width:90.8125px;text-align:center;vertical-align:top;\"&gt;Đơn gi&amp;aacute;&lt;/td&gt;&lt;td style=\"border-style:solid;border-color:#595959;width:132.813px;text-align:center;vertical-align:top;\"&gt;Th&amp;agrave;nh tiền&lt;/td&gt;&lt;/tr&gt;&lt;tr style=\"height:21px;\"&gt;&lt;td style=\"border-style:solid;border-color:#595959;width:43.8125px;text-align:center;vertical-align:top;\"&gt;A&lt;/td&gt;&lt;td style=\"border-style:solid;border-color:#595959;width:256.813px;text-align:center;vertical-align:top;\"&gt;B&lt;/td&gt;&lt;td style=\"border-style:solid;border-color:#595959;width:57.8125px;text-align:center;vertical-align:top;\"&gt;C&lt;/td&gt;&lt;td style=\"border-style:solid;border-color:#595959;width:63.8125px;text-align:center;vertical-align:top;\"&gt;D&lt;/td&gt;&lt;td style=\"border-style:solid;border-color:#595959;width:81.8125px;text-align:center;vertical-align:top;\"&gt;1&lt;/td&gt;&lt;td style=\"border-style:solid;border-color:#595959;width:65.8125px;text-align:center;vertical-align:top;\"&gt;2&lt;/td&gt;&lt;td style=\"border-style:solid;border-color:#595959;width:90.8125px;text-align:center;vertical-align:top;\"&gt;3&lt;/td&gt;&lt;td style=\"border-style:solid;border-color:#595959;width:132.813px;text-align:center;vertical-align:top;\"&gt;4&lt;/td&gt;&lt;/tr&gt;&lt;tr class=\"detail_content\"&gt;&lt;/tr&gt;&lt;tr style=\"height:21px;\"&gt;&lt;td style=\"border-style:solid;border-color:#595959;width:43.8125px;text-align:center;vertical-align:top;\"&gt;&amp;nbsp;&lt;/td&gt;&lt;td style=\"border-style:solid;border-color:#595959;width:256.813px;text-align:center;vertical-align:top;\"&gt;Cộng&lt;/td&gt;&lt;td style=\"border-style:solid;border-color:#595959;width:57.8125px;text-align:center;vertical-align:top;\"&gt;&amp;nbsp;&lt;/td&gt;&lt;td style=\"border-style:solid;border-color:#595959;width:63.8125px;text-align:center;vertical-align:top;\"&gt;&amp;nbsp;&lt;/td&gt;&lt;td style=\"border-style:solid;border-color:#595959;width:81.8125px;text-align:center;vertical-align:top;\"&gt;{number}&lt;/td&gt;&lt;td style=\"border-style:solid;border-color:#595959;width:65.8125px;text-align:center;vertical-align:top;\"&gt;&amp;nbsp;&lt;/td&gt;&lt;td style=\"border-style:solid;border-color:#595959;width:90.8125px;text-align:center;vertical-align:top;\"&gt;&amp;nbsp;&lt;/td&gt;&lt;td style=\"border-style:solid;border-color:#595959;width:132.813px;text-align:center;vertical-align:top;\"&gt;{amount}&lt;/td&gt;&lt;/tr&gt;&lt;/tbody&gt;&lt;/table&gt;&lt;p style=\"margin:6pt 0in;text-align:justify;line-height:15.6px;\"&gt;&lt;span lang=\"NL\" style=\"font-size:medium;line-height:20.8px;\"&gt;- Tổng số tiền (viết bằng chữ ) : {amount_letter}&lt;/span&gt;&lt;/p&gt;&lt;p style=\"margin:6pt 0in;text-align:right;line-height:15.6px;\"&gt;&lt;em&gt;&lt;span lang=\"NL\"&gt;Ng&amp;agrave;y&amp;nbsp;&lt;/span&gt;&lt;/em&gt;&lt;em&gt;&lt;span lang=\"NL\"&gt;{day_voucher}&amp;nbsp;&lt;/span&gt;&lt;/em&gt;&lt;em&gt;&lt;span lang=\"NL\"&gt;th&amp;aacute;ng&amp;nbsp;&lt;/span&gt;&lt;/em&gt;&lt;em&gt;&lt;span lang=\"NL\"&gt;{month_voucher}&amp;nbsp;&lt;/span&gt;&lt;/em&gt;&lt;em&gt;&lt;span lang=\"NL\"&gt;năm&amp;nbsp;&lt;/span&gt;&lt;/em&gt;&lt;em&gt;&lt;span lang=\"NL\"&gt;{year_voucher}&lt;/span&gt;&lt;/em&gt;&lt;/p&gt;&lt;table style=\"width:869px;\"&gt;&lt;tbody&gt;&lt;tr style=\"height:36px;\"&gt;&lt;td style=\"width:208.813px;text-align:center;\"&gt;&lt;strong&gt;&lt;span lang=\"NL\"&gt;Người lập phiếu&lt;/span&gt;&lt;/strong&gt;&lt;br /&gt;&lt;em&gt;&lt;span lang=\"NL\"&gt;(K&amp;yacute;, họ t&amp;ecirc;n)&lt;/span&gt;&lt;/em&gt;&lt;/td&gt;&lt;td style=\"width:207.813px;text-align:center;\"&gt;&lt;strong&gt;&lt;span lang=\"NL\"&gt;Người giao h&amp;agrave;ng&lt;/span&gt;&lt;/strong&gt;&lt;br /&gt;&lt;em&gt;&lt;span lang=\"NL\"&gt;(K&amp;yacute;, họ t&amp;ecirc;n)&lt;/span&gt;&lt;/em&gt;&lt;/td&gt;&lt;td style=\"width:207.813px;text-align:center;\"&gt;&lt;strong&gt;&lt;span lang=\"NL\"&gt;Thủ kho&lt;/span&gt;&lt;/strong&gt;&lt;br /&gt;&lt;em&gt;&lt;span lang=\"NL\"&gt;(K&amp;yacute;, họ t&amp;ecirc;n)&lt;/span&gt;&lt;/em&gt;&lt;/td&gt;&lt;td style=\"width:207.813px;text-align:center;\"&gt;&lt;strong&gt;&lt;span lang=\"NL\"&gt;Kế to&amp;aacute;n trưởng&amp;nbsp;&lt;/span&gt;&lt;/strong&gt;&lt;br /&gt;&lt;em&gt;&lt;span lang=\"NL\"&gt;(K&amp;yacute;, họ t&amp;ecirc;n)&lt;/span&gt;&lt;/em&gt;&lt;/td&gt;&lt;/tr&gt;&lt;/tbody&gt;&lt;/table&gt;&lt;p&gt;&amp;nbsp;&lt;/p&gt;&lt;p&gt;&amp;nbsp;&lt;/p&gt;&lt;p&gt;&amp;nbsp;&lt;/p&gt;&lt;table style=\"width:869px;\"&gt;&lt;tbody&gt;&lt;tr style=\"height:21px;\"&gt;&lt;td style=\"width:207.813px;text-align:center;\"&gt;&lt;strong&gt;{writer}&lt;/strong&gt;&lt;/td&gt;&lt;td style=\"text-align:center;\"&gt;&lt;strong&gt;{subject}&lt;/strong&gt;&lt;/td&gt;&lt;td style=\"width:207.813px;text-align:center;\"&gt;&lt;strong&gt;{storekeeper}&lt;/strong&gt;&lt;/td&gt;&lt;td style=\"width:207.813px;text-align:center;\"&gt;&lt;strong&gt;{chief_accountant}&lt;/strong&gt;&lt;/td&gt;&lt;/tr&gt;&lt;/tbody&gt;&lt;/table&gt;', 1, NULL, '2021-03-26 08:54:27'),
('71c5a883-ec0f-11ec-9427-b42e9986cd6c', '42', 'PNK004', 'In barcode tem nhỏ', 'Print barcode', '2017-12-18', '&lt;style&gt;section {\n    width: 4.2in;\n    margin: 0in .1875in;\n    }\n.label{\n    /* Avery 5160 labels -- CSS and HTML by MM at Boulder Information Services */\n    width: 1.1in; /* plus .6 inches from padding */\n    height: 1.5in; /* plus .125 inches from padding */\n    padding: .1in .05in 0;\n    /*margin-right: .125in; /* the gutter */\n    margin-bottom:  .125in;\n    float: left;\n\n    text-align: center;\n    overflow: hidden;\n\n    outline: 0.2px dotted; /* outline doesn\'t occupy space like border does */\n    }\n  .label p {\n    margin-top: -7px;\n  }\n  .barcode{\n    margin-top: -20px;\n    text-align: center;\n    width : 100px;\n  }\n.page-break  {\n    clear: left;\n    display:block;\n    page-break-after:always;\n    }\n    .child{\n      font-size: 10px;\n      font-weight: bold;\n      margin-bottom: 2px;\n    }\n    .logo-img {\n      width : 100px;\n      height : 16px;\n      padding-bottom: 5px;\n    }\n    .style,.size,.color{\n      font-size: 11px;\n      font-weight: bold;\n      margin-bottom: 7px;\n      text-align:left;\n    }\n    .color{\n      margin-bottom: 8px;\n    }\n    .company{\n      font-size: 7px;\n      text-align:left;\n      font-weight: bold;\n    }\n    .price{\n      font-size: 15px;\n      font-weight: bold;\n      text-align: center;\n      margin-bottom: -3px;\n    }\n&lt;/style&gt;\n&lt;section&gt;&lt;div class=\"section_content\"&gt;&lt;/div&gt;&lt;/section&gt;', 1, NULL, NULL),
('71c5aa7c-ec0f-11ec-9427-b42e9986cd6c', '42', 'PXK001', 'Phiếu xuất kho TT200', 'Issue Inventory Voucher', '2017-12-18', '&lt;table style=\"width:869px;\"&gt;&lt;tbody&gt;&lt;tr style=\"height:63px;\"&gt;&lt;td style=\"width:397.813px;\"&gt;&lt;p&gt;&lt;span style=\"font-size:medium;font-weight:bold;\"&gt;Đơn vị:{company}&lt;/span&gt;&lt;/p&gt;&lt;p&gt;&lt;strong&gt;&lt;span style=\"font-size:medium;line-height:20.8px;\"&gt;Địa chỉ:&lt;/span&gt;&lt;/strong&gt;&lt;span style=\"font-weight:bold;font-size:medium;text-align:center;\"&gt;{company_address}&lt;/span&gt;&lt;/p&gt;&lt;/td&gt;&lt;td style=\"width:452.813px;text-align:center;\"&gt;&lt;span lang=\"NL\" style=\"font-weight:bold;font-size:medium;\"&gt;&lt;/span&gt;&lt;span lang=\"NL\" style=\"font-weight:bold;font-size:medium;\"&gt;&lt;/span&gt;&lt;/td&gt;&lt;/tr&gt;&lt;/tbody&gt;&lt;/table&gt;&lt;table style=\"width:869px;\"&gt;&lt;tbody&gt;&lt;tr style=\"height:64px;\"&gt;&lt;td style=\"width:219.813px;\"&gt;&amp;nbsp;&lt;/td&gt;&lt;td style=\"width:430.813px;text-align:center;\"&gt;&lt;p&gt;&lt;strong&gt;&lt;span lang=\"NL\" style=\"font-size:17pt;\"&gt;PHIẾU XUẤT KHO&lt;br /&gt;&lt;/span&gt;&lt;/strong&gt;&lt;em&gt;&lt;span lang=\"NL\"&gt;Ng&amp;agrave;y {day} th&amp;aacute;ng {month} năm {year}&lt;/span&gt;&lt;/em&gt;&lt;/p&gt;&lt;p&gt;&lt;span lang=\"NL\"&gt;Số:&lt;/span&gt;&lt;span lang=\"NL\"&gt;&amp;nbsp;{voucher}&lt;/span&gt;&lt;/p&gt;&lt;/td&gt;&lt;td style=\"width:190.813px;\"&gt;&lt;br /&gt;&lt;span lang=\"NL\"&gt;&lt;/span&gt;&lt;/td&gt;&lt;/tr&gt;&lt;/tbody&gt;&lt;/table&gt;&lt;p style=\"margin:6pt 0in;text-align:justify;line-height:15.6px;\"&gt;&lt;span lang=\"NL\" style=\"font-size:medium;line-height:20.8px;\"&gt;Họ v&amp;agrave; t&amp;ecirc;n người nhận:&amp;nbsp;&lt;/span&gt;&lt;span style=\"font-size:medium;\"&gt;{subject}&lt;/span&gt;&lt;span style=\"font-size:medium;\"&gt;&lt;/span&gt;&lt;/p&gt;&lt;div style=\"text-align:justify;\"&gt;&lt;span style=\"font-size:medium;\"&gt;&lt;/span&gt;&lt;/div&gt;&lt;p style=\"margin:6pt 0in;text-align:justify;line-height:15.6px;\"&gt;&lt;span style=\"font-size:medium;\"&gt;Xuất tại kho : {warehouse} &amp;nbsp; &amp;nbsp; &amp;nbsp; &amp;nbsp; &amp;nbsp; &amp;nbsp; &amp;nbsp; &amp;nbsp; &amp;nbsp; &amp;nbsp; &amp;nbsp; &amp;nbsp; &amp;nbsp; &amp;nbsp; &amp;nbsp; &amp;nbsp; &amp;nbsp; &amp;nbsp; &amp;nbsp;Địa điểm : {warehouse_place}&lt;/span&gt;&lt;/p&gt;&lt;table cellpadding=\"2\" style=\"width:867px;border-width:2px;border-style:solid;border-color:#000000;background-color:#ffffff;\"&gt;&lt;tbody&gt;&lt;tr style=\"height:36px;\"&gt;&lt;td style=\"border-style:solid;border-color:#595959;width:43.8125px;text-align:center;vertical-align:top;\"&gt;STT&lt;/td&gt;&lt;td style=\"border-style:solid;border-color:#595959;width:256.813px;text-align:center;vertical-align:top;\"&gt;T&amp;ecirc;n , nh&amp;atilde;n &amp;nbsp;hiệu , quy c&amp;aacute;ch, phẩm chất, vật tư, dụng cụ, sản phẩm , h&amp;agrave;ng h&amp;oacute;a&lt;/td&gt;&lt;td style=\"border-style:solid;border-color:#595959;width:57.8125px;text-align:center;vertical-align:top;\"&gt;M&amp;atilde; số&lt;/td&gt;&lt;td style=\"border-style:solid;border-color:#595959;width:63.8125px;text-align:center;vertical-align:top;\"&gt;Đơn vị t&amp;iacute;nh&lt;/td&gt;&lt;td style=\"border-style:solid;border-color:#595959;width:81.8125px;text-align:center;vertical-align:top;\"&gt;Theo chứng từ&lt;/td&gt;&lt;td style=\"border-style:solid;border-color:#595959;width:65.8125px;text-align:center;vertical-align:top;\"&gt;Thực nhập&lt;/td&gt;&lt;td style=\"border-style:solid;border-color:#595959;width:90.8125px;text-align:center;vertical-align:top;\"&gt;Đơn gi&amp;aacute;&lt;/td&gt;&lt;td style=\"border-style:solid;border-color:#595959;width:132.813px;text-align:center;vertical-align:top;\"&gt;Th&amp;agrave;nh tiền&lt;/td&gt;&lt;/tr&gt;&lt;tr style=\"height:21px;\"&gt;&lt;td style=\"border-style:solid;border-color:#595959;width:43.8125px;text-align:center;vertical-align:top;\"&gt;A&lt;/td&gt;&lt;td style=\"border-style:solid;border-color:#595959;width:256.813px;text-align:center;vertical-align:top;\"&gt;B&lt;/td&gt;&lt;td style=\"border-style:solid;border-color:#595959;width:57.8125px;text-align:center;vertical-align:top;\"&gt;C&lt;/td&gt;&lt;td style=\"border-style:solid;border-color:#595959;width:63.8125px;text-align:center;vertical-align:top;\"&gt;D&lt;/td&gt;&lt;td style=\"border-style:solid;border-color:#595959;width:81.8125px;text-align:center;vertical-align:top;\"&gt;1&lt;/td&gt;&lt;td style=\"border-style:solid;border-color:#595959;width:65.8125px;text-align:center;vertical-align:top;\"&gt;2&lt;/td&gt;&lt;td style=\"border-style:solid;border-color:#595959;width:90.8125px;text-align:center;vertical-align:top;\"&gt;3&lt;/td&gt;&lt;td style=\"border-style:solid;border-color:#595959;width:132.813px;text-align:center;vertical-align:top;\"&gt;4&lt;/td&gt;&lt;/tr&gt;&lt;tr class=\"detail_content\"&gt;&lt;/tr&gt;&lt;tr style=\"height:21px;\"&gt;&lt;td style=\"border-style:solid;border-color:#595959;width:43.8125px;text-align:center;vertical-align:top;\"&gt;&amp;nbsp;&lt;/td&gt;&lt;td style=\"border-style:solid;border-color:#595959;width:256.813px;text-align:center;vertical-align:top;\"&gt;Cộng&lt;/td&gt;&lt;td style=\"border-style:solid;border-color:#595959;width:57.8125px;text-align:center;vertical-align:top;\"&gt;&amp;nbsp;&lt;/td&gt;&lt;td style=\"border-style:solid;border-color:#595959;width:63.8125px;text-align:center;vertical-align:top;\"&gt;&amp;nbsp;&lt;/td&gt;&lt;td style=\"border-style:solid;border-color:#595959;width:81.8125px;text-align:center;vertical-align:top;\"&gt;{number}&lt;/td&gt;&lt;td style=\"border-style:solid;border-color:#595959;width:65.8125px;text-align:center;vertical-align:top;\"&gt;&amp;nbsp;&lt;/td&gt;&lt;td style=\"border-style:solid;border-color:#595959;width:90.8125px;text-align:center;vertical-align:top;\"&gt;&amp;nbsp;&lt;/td&gt;&lt;td style=\"border-style:solid;border-color:#595959;width:132.813px;text-align:center;vertical-align:top;\"&gt;{amount}&lt;/td&gt;&lt;/tr&gt;&lt;/tbody&gt;&lt;/table&gt;&lt;p style=\"margin:6pt 0in;text-align:justify;line-height:15.6px;\"&gt;&lt;span lang=\"NL\" style=\"font-size:medium;line-height:20.8px;\"&gt;- Tổng số tiền (viết bằng chữ ) : {amount_letter}&lt;/span&gt;&lt;/p&gt;&lt;p style=\"margin:6pt 0in;text-align:right;line-height:15.6px;\"&gt;&lt;em&gt;&lt;span lang=\"NL\"&gt;Ng&amp;agrave;y&amp;nbsp;&lt;/span&gt;&lt;/em&gt;&lt;em&gt;&lt;span lang=\"NL\"&gt;{day_voucher}&amp;nbsp;&lt;/span&gt;&lt;/em&gt;&lt;em&gt;&lt;span lang=\"NL\"&gt;th&amp;aacute;ng&amp;nbsp;&lt;/span&gt;&lt;/em&gt;&lt;em&gt;&lt;span lang=\"NL\"&gt;{month_voucher}&amp;nbsp;&lt;/span&gt;&lt;/em&gt;&lt;em&gt;&lt;span lang=\"NL\"&gt;năm&amp;nbsp;&lt;/span&gt;&lt;/em&gt;&lt;em&gt;&lt;span lang=\"NL\"&gt;{year_voucher}&lt;/span&gt;&lt;/em&gt;&lt;/p&gt;&lt;table style=\"width:869px;\"&gt;&lt;tbody&gt;&lt;tr style=\"height:36px;\"&gt;&lt;td style=\"width:208.813px;text-align:center;\"&gt;&lt;strong&gt;&lt;span lang=\"NL\"&gt;Người lập phiếu&lt;/span&gt;&lt;/strong&gt;&lt;br /&gt;&lt;em&gt;&lt;span lang=\"NL\"&gt;(K&amp;yacute;, họ t&amp;ecirc;n)&lt;/span&gt;&lt;/em&gt;&lt;/td&gt;&lt;td style=\"width:207.813px;text-align:center;\"&gt;&lt;strong&gt;&lt;span lang=\"NL\"&gt;Người giao h&amp;agrave;ng&lt;/span&gt;&lt;/strong&gt;&lt;br /&gt;&lt;em&gt;&lt;span lang=\"NL\"&gt;(K&amp;yacute;, họ t&amp;ecirc;n)&lt;/span&gt;&lt;/em&gt;&lt;/td&gt;&lt;td style=\"width:207.813px;text-align:center;\"&gt;&lt;strong&gt;&lt;span lang=\"NL\"&gt;Thủ kho&lt;/span&gt;&lt;/strong&gt;&lt;br /&gt;&lt;em&gt;&lt;span lang=\"NL\"&gt;(K&amp;yacute;, họ t&amp;ecirc;n)&lt;/span&gt;&lt;/em&gt;&lt;/td&gt;&lt;td style=\"width:207.813px;text-align:center;\"&gt;&lt;strong&gt;&lt;span lang=\"NL\"&gt;Kế to&amp;aacute;n trưởng&amp;nbsp;&lt;/span&gt;&lt;/strong&gt;&lt;br /&gt;&lt;em&gt;&lt;span lang=\"NL\"&gt;(K&amp;yacute;, họ t&amp;ecirc;n)&lt;/span&gt;&lt;/em&gt;&lt;/td&gt;&lt;/tr&gt;&lt;/tbody&gt;&lt;/table&gt;&lt;p&gt;&amp;nbsp;&lt;/p&gt;&lt;p&gt;&amp;nbsp;&lt;/p&gt;&lt;p&gt;&amp;nbsp;&lt;/p&gt;&lt;table style=\"width:869px;\"&gt;&lt;tbody&gt;&lt;tr style=\"height:21px;\"&gt;&lt;td style=\"width:207.813px;text-align:center;\"&gt;&lt;strong&gt;{writer}&lt;/strong&gt;&lt;/td&gt;&lt;td style=\"text-align:center;\"&gt;&lt;strong&gt;{subject}&lt;/strong&gt;&lt;/td&gt;&lt;td style=\"width:207.813px;text-align:center;\"&gt;&lt;strong&gt;{storekeeper}&lt;/strong&gt;&lt;/td&gt;&lt;td style=\"width:207.813px;text-align:center;\"&gt;&lt;strong&gt;{chief_accountant}&lt;/strong&gt;&lt;/td&gt;&lt;/tr&gt;&lt;/tbody&gt;&lt;/table&gt;', 1, NULL, NULL),
('71c5ab57-ec0f-11ec-9427-b42e9986cd6c', '50', 'PCK003', 'Phiếu chuyển kho TT200', 'Issue Transfer Inventory Voucher', '2017-12-18', '&lt;table style=\"width:869px;\"&gt;&lt;tbody&gt;&lt;tr style=\"height:63px;\"&gt;&lt;td style=\"width:397.813px;\"&gt;&lt;p&gt;&lt;span style=\"font-size:medium;font-weight:bold;\"&gt;Đơn vị:{company}&lt;/span&gt;&lt;/p&gt;&lt;p&gt;&lt;strong&gt;&lt;span style=\"font-size:medium;line-height:20.8px;\"&gt;Địa chỉ:&lt;/span&gt;&lt;/strong&gt;&lt;span style=\"font-weight:bold;font-size:medium;text-align:center;\"&gt;{company_address}&lt;/span&gt;&lt;/p&gt;&lt;/td&gt;&lt;td style=\"width:452.813px;text-align:center;\"&gt;&lt;span lang=\"NL\" style=\"font-weight:bold;font-size:medium;\"&gt;&lt;/span&gt;&lt;span lang=\"NL\" style=\"font-weight:bold;font-size:medium;\"&gt;&lt;/span&gt;&lt;/td&gt;&lt;/tr&gt;&lt;/tbody&gt;&lt;/table&gt;&lt;table style=\"width:869px;\"&gt;&lt;tbody&gt;&lt;tr style=\"height:64px;\"&gt;&lt;td style=\"width:219.813px;\"&gt;&amp;nbsp;&lt;/td&gt;&lt;td style=\"width:430.813px;text-align:center;\"&gt;&lt;p&gt;&lt;strong&gt;&lt;span lang=\"NL\" style=\"font-size:17pt;\"&gt;PHIẾU CHUYỂN KHO&lt;br /&gt;&lt;/span&gt;&lt;/strong&gt;&lt;em&gt;&lt;span lang=\"NL\"&gt;Ng&amp;agrave;y {day} th&amp;aacute;ng {month} năm {year}&lt;/span&gt;&lt;/em&gt;&lt;/p&gt;&lt;p&gt;&lt;span lang=\"NL\"&gt;Số:&lt;/span&gt;&lt;span lang=\"NL\"&gt;&amp;nbsp;{voucher}&lt;/span&gt;&lt;/p&gt;&lt;/td&gt;&lt;td style=\"width:190.813px;\"&gt;&lt;br /&gt;&lt;span lang=\"NL\"&gt;&lt;/span&gt;&lt;/td&gt;&lt;/tr&gt;&lt;/tbody&gt;&lt;/table&gt;&lt;p style=\"margin:6pt 0in;text-align:justify;line-height:15.6px;\"&gt;&lt;span lang=\"NL\" style=\"font-size:medium;line-height:20.8px;\"&gt;Nhập tại kho :&amp;nbsp;&lt;/span&gt;&lt;span style=\"font-size:medium;text-align:justify;\"&gt;{warehouse_receipt}&amp;nbsp; &amp;nbsp; &amp;nbsp; &amp;nbsp; &amp;nbsp; &amp;nbsp; &amp;nbsp; &amp;nbsp; &amp;nbsp; &amp;nbsp; &amp;nbsp; &amp;nbsp; &amp;nbsp; &lt;/span&gt;&lt;span style=\"font-size:medium;text-align:justify;\"&gt;Địa điểm : &lt;/span&gt;&lt;span style=\"font-size:medium;text-align:justify;\"&gt;{warehouse_receipt_place}&lt;/span&gt;&lt;span style=\"font-size:medium;text-align:justify;\"&gt;&lt;/span&gt;&lt;span style=\"font-size:medium;\"&gt;&lt;/span&gt;&lt;/p&gt;&lt;div style=\"text-align:justify;\"&gt;&lt;span style=\"font-size:medium;\"&gt;&lt;/span&gt;&lt;/div&gt;&lt;p style=\"margin:6pt 0in;text-align:justify;line-height:15.6px;\"&gt;&lt;span style=\"font-size:medium;\"&gt;Xuất tại kho : {warehouse} &amp;nbsp; &amp;nbsp; &amp;nbsp; &amp;nbsp; &amp;nbsp; &amp;nbsp; &amp;nbsp; &amp;nbsp; &amp;nbsp; &amp;nbsp; &amp;nbsp; &amp;nbsp; &amp;nbsp; &amp;nbsp; &amp;nbsp; &amp;nbsp; &amp;nbsp; &amp;nbsp; &amp;nbsp;Địa điểm : {warehouse_place}&lt;/span&gt;&lt;/p&gt;&lt;table cellpadding=\"2\" style=\"width:867px;border-width:2px;border-style:solid;border-color:#000000;background-color:#ffffff;\"&gt;&lt;tbody&gt;&lt;tr style=\"height:36px;\"&gt;&lt;td style=\"border-style:solid;border-color:#595959;width:43.8125px;text-align:center;vertical-align:top;\"&gt;STT&lt;/td&gt;&lt;td style=\"border-style:solid;border-color:#595959;width:256.813px;text-align:center;vertical-align:top;\"&gt;T&amp;ecirc;n , nh&amp;atilde;n &amp;nbsp;hiệu , quy c&amp;aacute;ch, phẩm chất, vật tư, dụng cụ, sản phẩm , h&amp;agrave;ng h&amp;oacute;a&lt;/td&gt;&lt;td style=\"border-style:solid;border-color:#595959;width:57.8125px;text-align:center;vertical-align:top;\"&gt;M&amp;atilde; số&lt;/td&gt;&lt;td style=\"border-style:solid;border-color:#595959;width:63.8125px;text-align:center;vertical-align:top;\"&gt;Đơn vị t&amp;iacute;nh&lt;/td&gt;&lt;td style=\"border-style:solid;border-color:#595959;width:81.8125px;text-align:center;vertical-align:top;\"&gt;Theo chứng từ&lt;/td&gt;&lt;td style=\"border-style:solid;border-color:#595959;width:65.8125px;text-align:center;vertical-align:top;\"&gt;Thực nhập&lt;/td&gt;&lt;td style=\"border-style:solid;border-color:#595959;width:90.8125px;text-align:center;vertical-align:top;\"&gt;Đơn gi&amp;aacute;&lt;/td&gt;&lt;td style=\"border-style:solid;border-color:#595959;width:132.813px;text-align:center;vertical-align:top;\"&gt;Th&amp;agrave;nh tiền&lt;/td&gt;&lt;/tr&gt;&lt;tr style=\"height:21px;\"&gt;&lt;td style=\"border-style:solid;border-color:#595959;width:43.8125px;text-align:center;vertical-align:top;\"&gt;A&lt;/td&gt;&lt;td style=\"border-style:solid;border-color:#595959;width:256.813px;text-align:center;vertical-align:top;\"&gt;B&lt;/td&gt;&lt;td style=\"border-style:solid;border-color:#595959;width:57.8125px;text-align:center;vertical-align:top;\"&gt;C&lt;/td&gt;&lt;td style=\"border-style:solid;border-color:#595959;width:63.8125px;text-align:center;vertical-align:top;\"&gt;D&lt;/td&gt;&lt;td style=\"border-style:solid;border-color:#595959;width:81.8125px;text-align:center;vertical-align:top;\"&gt;1&lt;/td&gt;&lt;td style=\"border-style:solid;border-color:#595959;width:65.8125px;text-align:center;vertical-align:top;\"&gt;2&lt;/td&gt;&lt;td style=\"border-style:solid;border-color:#595959;width:90.8125px;text-align:center;vertical-align:top;\"&gt;3&lt;/td&gt;&lt;td style=\"border-style:solid;border-color:#595959;width:132.813px;text-align:center;vertical-align:top;\"&gt;4&lt;/td&gt;&lt;/tr&gt;&lt;tr class=\"detail_content\"&gt;&lt;/tr&gt;&lt;tr style=\"height:21px;\"&gt;&lt;td style=\"border-style:solid;border-color:#595959;width:43.8125px;text-align:center;vertical-align:top;\"&gt;&amp;nbsp;&lt;/td&gt;&lt;td style=\"border-style:solid;border-color:#595959;width:256.813px;text-align:center;vertical-align:top;\"&gt;Cộng&lt;/td&gt;&lt;td style=\"border-style:solid;border-color:#595959;width:57.8125px;text-align:center;vertical-align:top;\"&gt;&amp;nbsp;&lt;/td&gt;&lt;td style=\"border-style:solid;border-color:#595959;width:63.8125px;text-align:center;vertical-align:top;\"&gt;&amp;nbsp;&lt;/td&gt;&lt;td style=\"border-style:solid;border-color:#595959;width:81.8125px;text-align:center;vertical-align:top;\"&gt;{number}&lt;/td&gt;&lt;td style=\"border-style:solid;border-color:#595959;width:65.8125px;text-align:center;vertical-align:top;\"&gt;&amp;nbsp;&lt;/td&gt;&lt;td style=\"border-style:solid;border-color:#595959;width:90.8125px;text-align:center;vertical-align:top;\"&gt;&amp;nbsp;&lt;/td&gt;&lt;td style=\"border-style:solid;border-color:#595959;width:132.813px;text-align:center;vertical-align:top;\"&gt;{amount}&lt;/td&gt;&lt;/tr&gt;&lt;/tbody&gt;&lt;/table&gt;&lt;p style=\"margin:6pt 0in;text-align:justify;line-height:15.6px;\"&gt;&lt;span lang=\"NL\" style=\"font-size:medium;line-height:20.8px;\"&gt;- Tổng số tiền (viết bằng chữ ) : {amount_letter}&lt;/span&gt;&lt;/p&gt;&lt;p style=\"margin:6pt 0in;text-align:right;line-height:15.6px;\"&gt;&lt;em&gt;&lt;span lang=\"NL\"&gt;Ng&amp;agrave;y&amp;nbsp;&lt;/span&gt;&lt;/em&gt;&lt;em&gt;&lt;span lang=\"NL\"&gt;{day_voucher}&amp;nbsp;&lt;/span&gt;&lt;/em&gt;&lt;em&gt;&lt;span lang=\"NL\"&gt;th&amp;aacute;ng&amp;nbsp;&lt;/span&gt;&lt;/em&gt;&lt;em&gt;&lt;span lang=\"NL\"&gt;{month_voucher}&amp;nbsp;&lt;/span&gt;&lt;/em&gt;&lt;em&gt;&lt;span lang=\"NL\"&gt;năm&amp;nbsp;&lt;/span&gt;&lt;/em&gt;&lt;em&gt;&lt;span lang=\"NL\"&gt;{year_voucher}&lt;/span&gt;&lt;/em&gt;&lt;/p&gt;&lt;table style=\"width:869px;\"&gt;&lt;tbody&gt;&lt;tr style=\"height:36px;\"&gt;&lt;td style=\"width:208.813px;text-align:center;\"&gt;&lt;strong&gt;&lt;span lang=\"NL\"&gt;Người lập phiếu&lt;/span&gt;&lt;/strong&gt;&lt;br /&gt;&lt;em&gt;&lt;span lang=\"NL\"&gt;(K&amp;yacute;, họ t&amp;ecirc;n)&lt;/span&gt;&lt;/em&gt;&lt;/td&gt;&lt;td style=\"width:207.813px;text-align:center;\"&gt;&lt;strong&gt;&lt;span lang=\"NL\"&gt;Người giao h&amp;agrave;ng&lt;/span&gt;&lt;/strong&gt;&lt;br /&gt;&lt;em&gt;&lt;span lang=\"NL\"&gt;(K&amp;yacute;, họ t&amp;ecirc;n)&lt;/span&gt;&lt;/em&gt;&lt;/td&gt;&lt;td style=\"width:207.813px;text-align:center;\"&gt;&lt;strong&gt;&lt;span lang=\"NL\"&gt;Thủ kho&lt;/span&gt;&lt;/strong&gt;&lt;br /&gt;&lt;em&gt;&lt;span lang=\"NL\"&gt;(K&amp;yacute;, họ t&amp;ecirc;n)&lt;/span&gt;&lt;/em&gt;&lt;/td&gt;&lt;td style=\"width:207.813px;text-align:center;\"&gt;&lt;strong&gt;&lt;span lang=\"NL\"&gt;Kế to&amp;aacute;n trưởng&amp;nbsp;&lt;/span&gt;&lt;/strong&gt;&lt;br /&gt;&lt;em&gt;&lt;span lang=\"NL\"&gt;(K&amp;yacute;, họ t&amp;ecirc;n)&lt;/span&gt;&lt;/em&gt;&lt;/td&gt;&lt;/tr&gt;&lt;/tbody&gt;&lt;/table&gt;&lt;p&gt;&amp;nbsp;&lt;/p&gt;&lt;p&gt;&amp;nbsp;&lt;/p&gt;&lt;p&gt;&amp;nbsp;&lt;/p&gt;&lt;table style=\"width:869px;\"&gt;&lt;tbody&gt;&lt;tr style=\"height:21px;\"&gt;&lt;td style=\"width:207.813px;text-align:center;\"&gt;&lt;strong&gt;{writer}&lt;/strong&gt;&lt;/td&gt;&lt;td style=\"text-align:center;\"&gt;&lt;strong&gt;{subject}&lt;/strong&gt;&lt;/td&gt;&lt;td style=\"width:207.813px;text-align:center;\"&gt;&lt;strong&gt;{storekeeper}&lt;/strong&gt;&lt;/td&gt;&lt;td style=\"width:207.813px;text-align:center;\"&gt;&lt;strong&gt;{chief_accountant}&lt;/strong&gt;&lt;/td&gt;&lt;/tr&gt;&lt;/tbody&gt;&lt;/table&gt;', 1, NULL, NULL),
('71c5abfa-ec0f-11ec-9427-b42e9986cd6c', '56', 'BS001', 'Phiếu bán sỉ', 'Wholesale Voucher', '2017-12-18', '&lt;table style=\"width:869px;\"&gt;&lt;tbody&gt;&lt;tr style=\"height:63px;\"&gt;&lt;td style=\"width:397.813px;\"&gt;&lt;p&gt;&lt;span style=\"font-size:medium;font-weight:bold;\"&gt;Đơn vị:{company}&lt;/span&gt;&lt;/p&gt;&lt;p&gt;&lt;strong&gt;&lt;span style=\"font-size:medium;line-height:20.8px;\"&gt;Địa chỉ:&lt;/span&gt;&lt;/strong&gt;&lt;span style=\"font-weight:bold;font-size:medium;text-align:center;\"&gt;{company_address}&lt;/span&gt;&lt;/p&gt;&lt;/td&gt;&lt;td style=\"width:452.813px;text-align:center;\"&gt;&lt;span lang=\"NL\" style=\"font-weight:bold;font-size:medium;\"&gt;&lt;/span&gt;&lt;span lang=\"NL\" style=\"font-weight:bold;font-size:medium;\"&gt;&lt;/span&gt;&lt;/td&gt;&lt;/tr&gt;&lt;/tbody&gt;&lt;/table&gt;&lt;table style=\"width:869px;\"&gt;&lt;tbody&gt;&lt;tr style=\"height:64px;\"&gt;&lt;td style=\"width:219.813px;\"&gt;&amp;nbsp;&lt;/td&gt;&lt;td style=\"width:430.813px;text-align:center;\"&gt;&lt;p&gt;&lt;strong&gt;&lt;span lang=\"NL\" style=\"font-size:17pt;\"&gt;PHIẾU XUẤT KHO B&amp;Aacute;N SỈ&lt;br /&gt;&lt;/span&gt;&lt;/strong&gt;&lt;em&gt;&lt;span lang=\"NL\"&gt;Ng&amp;agrave;y {day} th&amp;aacute;ng {month} năm {year}&lt;/span&gt;&lt;/em&gt;&lt;/p&gt;&lt;p&gt;&lt;span lang=\"NL\"&gt;Số:&lt;/span&gt;&lt;span lang=\"NL\"&gt;&amp;nbsp;{voucher}&lt;/span&gt;&lt;/p&gt;&lt;/td&gt;&lt;td style=\"width:190.813px;\"&gt;&lt;br /&gt;&lt;span lang=\"NL\"&gt;&lt;/span&gt;&lt;/td&gt;&lt;/tr&gt;&lt;/tbody&gt;&lt;/table&gt;&lt;p style=\"margin:6pt 0in;text-align:justify;line-height:15.6px;\"&gt;&lt;span lang=\"NL\" style=\"font-size:medium;line-height:20.8px;\"&gt;Họ v&amp;agrave; t&amp;ecirc;n người nhận:&amp;nbsp;&lt;/span&gt;&lt;span style=\"font-size:medium;\"&gt;{subject}&lt;/span&gt;&lt;span style=\"font-size:medium;\"&gt;&lt;/span&gt;&lt;/p&gt;&lt;div style=\"text-align:justify;\"&gt;&lt;span style=\"font-size:medium;\"&gt;&lt;/span&gt;&lt;/div&gt;&lt;p style=\"margin:6pt 0in;text-align:justify;line-height:15.6px;\"&gt;&lt;span style=\"font-size:medium;\"&gt;Xuất tại kho : {warehouse} &amp;nbsp; &amp;nbsp; &amp;nbsp; &amp;nbsp; &amp;nbsp; &amp;nbsp; &amp;nbsp; &amp;nbsp; &amp;nbsp; &amp;nbsp; &amp;nbsp; &amp;nbsp; &amp;nbsp; &amp;nbsp; &amp;nbsp; &amp;nbsp; &amp;nbsp; &amp;nbsp; &amp;nbsp;Địa điểm : {warehouse_place}&lt;/span&gt;&lt;/p&gt;&lt;table cellpadding=\"2\" style=\"width:867px;border-width:2px;border-style:solid;border-color:#000000;background-color:#ffffff;\"&gt;&lt;tbody&gt;&lt;tr style=\"height:36px;\"&gt;&lt;td style=\"border-style:solid;border-color:#595959;width:43.8125px;text-align:center;vertical-align:top;\"&gt;STT&lt;/td&gt;&lt;td style=\"border-style:solid;border-color:#595959;width:256.813px;text-align:center;vertical-align:top;\"&gt;T&amp;ecirc;n , nh&amp;atilde;n &amp;nbsp;hiệu , quy c&amp;aacute;ch, phẩm chất, vật tư, dụng cụ, sản phẩm , h&amp;agrave;ng h&amp;oacute;a&lt;/td&gt;&lt;td style=\"border-style:solid;border-color:#595959;width:57.8125px;text-align:center;vertical-align:top;\"&gt;M&amp;atilde; số&lt;/td&gt;&lt;td style=\"border-style:solid;border-color:#595959;width:63.8125px;text-align:center;vertical-align:top;\"&gt;Đơn vị t&amp;iacute;nh&lt;/td&gt;&lt;td style=\"border-style:solid;border-color:#595959;width:81.8125px;text-align:center;vertical-align:top;\"&gt;Theo chứng từ&lt;/td&gt;&lt;td style=\"border-style:solid;border-color:#595959;width:65.8125px;text-align:center;vertical-align:top;\"&gt;Thực nhập&lt;/td&gt;&lt;td style=\"border-style:solid;border-color:#595959;width:90.8125px;text-align:center;vertical-align:top;\"&gt;Đơn gi&amp;aacute;&lt;/td&gt;&lt;td style=\"border-style:solid;border-color:#595959;width:132.813px;text-align:center;vertical-align:top;\"&gt;Th&amp;agrave;nh tiền&lt;/td&gt;&lt;/tr&gt;&lt;tr style=\"height:21px;\"&gt;&lt;td style=\"border-style:solid;border-color:#595959;width:43.8125px;text-align:center;vertical-align:top;\"&gt;A&lt;/td&gt;&lt;td style=\"border-style:solid;border-color:#595959;width:256.813px;text-align:center;vertical-align:top;\"&gt;B&lt;/td&gt;&lt;td style=\"border-style:solid;border-color:#595959;width:57.8125px;text-align:center;vertical-align:top;\"&gt;C&lt;/td&gt;&lt;td style=\"border-style:solid;border-color:#595959;width:63.8125px;text-align:center;vertical-align:top;\"&gt;D&lt;/td&gt;&lt;td style=\"border-style:solid;border-color:#595959;width:81.8125px;text-align:center;vertical-align:top;\"&gt;1&lt;/td&gt;&lt;td style=\"border-style:solid;border-color:#595959;width:65.8125px;text-align:center;vertical-align:top;\"&gt;2&lt;/td&gt;&lt;td style=\"border-style:solid;border-color:#595959;width:90.8125px;text-align:center;vertical-align:top;\"&gt;3&lt;/td&gt;&lt;td style=\"border-style:solid;border-color:#595959;width:132.813px;text-align:center;vertical-align:top;\"&gt;4&lt;/td&gt;&lt;/tr&gt;&lt;tr class=\"detail_content\"&gt;&lt;/tr&gt;&lt;tr style=\"height:21px;\"&gt;&lt;td style=\"border-style:solid;border-color:#595959;width:43.8125px;text-align:center;vertical-align:top;\"&gt;&amp;nbsp;&lt;/td&gt;&lt;td style=\"border-style:solid;border-color:#595959;width:256.813px;text-align:center;vertical-align:top;\"&gt;Cộng&lt;/td&gt;&lt;td style=\"border-style:solid;border-color:#595959;width:57.8125px;text-align:center;vertical-align:top;\"&gt;&amp;nbsp;&lt;/td&gt;&lt;td style=\"border-style:solid;border-color:#595959;width:63.8125px;text-align:center;vertical-align:top;\"&gt;&amp;nbsp;&lt;/td&gt;&lt;td style=\"border-style:solid;border-color:#595959;width:81.8125px;text-align:center;vertical-align:top;\"&gt;{number}&lt;/td&gt;&lt;td style=\"border-style:solid;border-color:#595959;width:65.8125px;text-align:center;vertical-align:top;\"&gt;&amp;nbsp;&lt;/td&gt;&lt;td style=\"border-style:solid;border-color:#595959;width:90.8125px;text-align:center;vertical-align:top;\"&gt;&amp;nbsp;&lt;/td&gt;&lt;td style=\"border-style:solid;border-color:#595959;width:132.813px;text-align:center;vertical-align:top;\"&gt;{amount}&lt;/td&gt;&lt;/tr&gt;&lt;/tbody&gt;&lt;/table&gt;&lt;p style=\"margin:6pt 0in;text-align:justify;line-height:15.6px;\"&gt;&lt;span lang=\"NL\" style=\"font-size:medium;line-height:20.8px;\"&gt;- Tổng số tiền (viết bằng chữ ) : {amount_letter}&lt;/span&gt;&lt;/p&gt;&lt;p style=\"margin:6pt 0in;text-align:right;line-height:15.6px;\"&gt;&lt;em&gt;&lt;span lang=\"NL\"&gt;Ng&amp;agrave;y&amp;nbsp;&lt;/span&gt;&lt;/em&gt;&lt;em&gt;&lt;span lang=\"NL\"&gt;{day_voucher}&amp;nbsp;&lt;/span&gt;&lt;/em&gt;&lt;em&gt;&lt;span lang=\"NL\"&gt;th&amp;aacute;ng&amp;nbsp;&lt;/span&gt;&lt;/em&gt;&lt;em&gt;&lt;span lang=\"NL\"&gt;{month_voucher}&amp;nbsp;&lt;/span&gt;&lt;/em&gt;&lt;em&gt;&lt;span lang=\"NL\"&gt;năm&amp;nbsp;&lt;/span&gt;&lt;/em&gt;&lt;em&gt;&lt;span lang=\"NL\"&gt;{year_voucher}&lt;/span&gt;&lt;/em&gt;&lt;/p&gt;&lt;table style=\"width:869px;\"&gt;&lt;tbody&gt;&lt;tr style=\"height:36px;\"&gt;&lt;td style=\"width:208.813px;text-align:center;\"&gt;&lt;strong&gt;&lt;span lang=\"NL\"&gt;Người lập phiếu&lt;/span&gt;&lt;/strong&gt;&lt;br /&gt;&lt;em&gt;&lt;span lang=\"NL\"&gt;(K&amp;yacute;, họ t&amp;ecirc;n)&lt;/span&gt;&lt;/em&gt;&lt;/td&gt;&lt;td style=\"width:207.813px;text-align:center;\"&gt;&lt;strong&gt;&lt;span lang=\"NL\"&gt;Người giao h&amp;agrave;ng&lt;/span&gt;&lt;/strong&gt;&lt;br /&gt;&lt;em&gt;&lt;span lang=\"NL\"&gt;(K&amp;yacute;, họ t&amp;ecirc;n)&lt;/span&gt;&lt;/em&gt;&lt;/td&gt;&lt;td style=\"width:207.813px;text-align:center;\"&gt;&lt;strong&gt;&lt;span lang=\"NL\"&gt;Thủ kho&lt;/span&gt;&lt;/strong&gt;&lt;br /&gt;&lt;em&gt;&lt;span lang=\"NL\"&gt;(K&amp;yacute;, họ t&amp;ecirc;n)&lt;/span&gt;&lt;/em&gt;&lt;/td&gt;&lt;td style=\"width:207.813px;text-align:center;\"&gt;&lt;strong&gt;&lt;span lang=\"NL\"&gt;Kế to&amp;aacute;n trưởng&amp;nbsp;&lt;/span&gt;&lt;/strong&gt;&lt;br /&gt;&lt;em&gt;&lt;span lang=\"NL\"&gt;(K&amp;yacute;, họ t&amp;ecirc;n)&lt;/span&gt;&lt;/em&gt;&lt;/td&gt;&lt;/tr&gt;&lt;/tbody&gt;&lt;/table&gt;&lt;p&gt;&amp;nbsp;&lt;/p&gt;&lt;p&gt;&amp;nbsp;&lt;/p&gt;&lt;p&gt;&amp;nbsp;&lt;/p&gt;&lt;table style=\"width:869px;\"&gt;&lt;tbody&gt;&lt;tr style=\"height:21px;\"&gt;&lt;td style=\"width:207.813px;text-align:center;\"&gt;&lt;strong&gt;{writer}&lt;/strong&gt;&lt;/td&gt;&lt;td style=\"text-align:center;\"&gt;&lt;strong&gt;{subject}&lt;/strong&gt;&lt;/td&gt;&lt;td style=\"width:207.813px;text-align:center;\"&gt;&lt;strong&gt;{storekeeper}&lt;/strong&gt;&lt;/td&gt;&lt;td style=\"width:207.813px;text-align:center;\"&gt;&lt;strong&gt;{chief_accountant}&lt;/strong&gt;&lt;/td&gt;&lt;/tr&gt;&lt;/tbody&gt;&lt;/table&gt;', 1, NULL, NULL),
('71c5ac8d-ec0f-11ec-9427-b42e9986cd6c', '42', 'PNK005', 'In barcode tem lớn', 'Print barcode', '2017-12-18', '&lt;style&gt;section {\n    width: 4.2in;\n    margin: 0in .1875in;\n    }\n.label{\n    /* Avery 5160 labels -- CSS and HTML by MM at Boulder Information Services */\n    width: 1.65in; /* plus .6 inches from padding */\n    height: 2.65in; /* plus .125 inches from padding */\n    padding: .1in .05in 0;\n    /*margin-right: .125in; /* the gutter */\n    margin-bottom:  .125in;\n    float: left;\n\n    text-align: center;\n    overflow: hidden;\n\n    outline: 0.2px dotted; /* outline doesn\'t occupy space like border does */\n    }\n  .label p {\n    margin-top: -7px;\n  }\n  .barcode{\n    margin-top: -20px;\n    text-align: center;\n    width : 150px;\n  }\n.page-break  {\n    clear: left;\n    display:block;\n    page-break-after:always;\n    }\n    .child{\n      font-size: 10px;\n      font-weight: bold;\n      margin-bottom: 2px;\n    }\n    .logo-img {\n      width : 150px;\n      height : 20px;\n      padding-bottom: 5px;\n    }\n    .style,.size,.color{\n      font-size: 12px;\n      font-weight: bold;\n      margin-bottom: 10px;\n      text-align:left;\n    }\n    .color{\n      margin-bottom: 10px;\n    }\n    .company{\n      font-size: 8px;\n      text-align:left;\n      font-weight: bold;\n    }\n    .price{\n      font-size: 15px;\n      font-weight: bold;\n      text-align: center;\n      padding-top: -15px;\n    }\n&lt;/style&gt;\n&lt;section&gt;&lt;div class=\"section_content\"&gt;&lt;/div&gt;&lt;/section&gt;', 1, NULL, NULL),
('71c5ad20-ec0f-11ec-9427-b42e9986cd6c', '42', 'PNK006', 'Xuất Excel', 'Excel Export', '2017-12-18', '', 1, NULL, NULL),
('71c5ad72-ec0f-11ec-9427-b42e9986cd6c', '94', 'PDCT001', 'Phiếu Điều chỉnh tăng', 'Receipt Inventory Voucher', '2017-12-18', '&lt;table style=\"width:869px;\"&gt;&lt;tbody&gt;&lt;tr style=\"height:63px;\"&gt;&lt;td style=\"width:397.813px;\"&gt;&lt;p&gt;&lt;span style=\"font-size:medium;font-weight:bold;\"&gt;Đơn vị:{company}&lt;/span&gt;&lt;/p&gt;&lt;p&gt;&lt;strong&gt;&lt;span style=\"font-size:medium;line-height:20.8px;\"&gt;Địa chỉ:&lt;/span&gt;&lt;/strong&gt;&lt;span style=\"font-weight:bold;font-size:medium;text-align:center;\"&gt;{company_address}&lt;/span&gt;&lt;/p&gt;&lt;/td&gt;&lt;td style=\"width:452.813px;text-align:center;\"&gt;&lt;span lang=\"NL\" style=\"font-weight:bold;font-size:medium;\"&gt;&lt;/span&gt;&lt;span lang=\"NL\" style=\"font-weight:bold;font-size:medium;\"&gt;&lt;/span&gt;&lt;/td&gt;&lt;/tr&gt;&lt;/tbody&gt;&lt;/table&gt;&lt;table style=\"width:869px;\"&gt;&lt;tbody&gt;&lt;tr style=\"height:64px;\"&gt;&lt;td style=\"width:219.813px;\"&gt;&amp;nbsp;&lt;/td&gt;&lt;td style=\"width:430.813px;text-align:center;\"&gt;&lt;p&gt;&lt;strong&gt;&lt;span lang=\"NL\" style=\"font-size:17pt;\"&gt;BẢNG TỔNG HỢP THIẾU&lt;br /&gt;&lt;/span&gt;&lt;/strong&gt;&lt;em&gt;&lt;span lang=\"NL\"&gt;Ng&amp;agrave;y {day} th&amp;aacute;ng {month} năm {year}&lt;/span&gt;&lt;/em&gt;&lt;/p&gt;&lt;p&gt;&lt;span lang=\"NL\"&gt;Số:&lt;/span&gt;&lt;span lang=\"NL\"&gt;&amp;nbsp;{voucher}&lt;/span&gt;&lt;/p&gt;&lt;/td&gt;&lt;td style=\"width:190.813px;\"&gt;&lt;br /&gt;&lt;span lang=\"NL\"&gt;&lt;/span&gt;&lt;/td&gt;&lt;/tr&gt;&lt;/tbody&gt;&lt;/table&gt;&lt;p style=\"margin:6pt 0in;text-align:justify;line-height:15.6px;\"&gt;&lt;span lang=\"NL\" style=\"font-size:medium;line-height:20.8px;\"&gt;Diễn giải:&amp;nbsp;&lt;/span&gt;&lt;span style=\"font-size:medium;\"&gt;{subject}&lt;/span&gt;&lt;span style=\"font-size:medium;\"&gt;&lt;/span&gt;&lt;/p&gt;&lt;div style=\"text-align:justify;\"&gt;&lt;span style=\"font-size:medium;\"&gt;&lt;/span&gt;&lt;/div&gt;&lt;p style=\"margin:6pt 0in;text-align:justify;line-height:15.6px;\"&gt;&lt;span style=\"font-size:medium;\"&gt;Nhập tại kho : {warehouse} &amp;nbsp; &amp;nbsp; &amp;nbsp; &amp;nbsp; &amp;nbsp; &amp;nbsp; &amp;nbsp; &amp;nbsp; &amp;nbsp; &amp;nbsp; &amp;nbsp; &amp;nbsp; &amp;nbsp; &amp;nbsp; &amp;nbsp; &amp;nbsp; &amp;nbsp; &amp;nbsp; &amp;nbsp;Địa điểm : {warehouse_place}&lt;/span&gt;&lt;/p&gt;&lt;table cellpadding=\"2\" style=\"width:867px;border-width:2px;border-style:solid;border-color:#000000;background-color:#ffffff;\"&gt;&lt;tbody&gt;&lt;tr style=\"height:36px;\"&gt;&lt;td style=\"border-style:solid;border-color:#595959;width:43.8125px;text-align:center;vertical-align:top;\"&gt;STT&lt;/td&gt;&lt;td style=\"border-style:solid;border-color:#595959;width:256.813px;text-align:center;vertical-align:top;\"&gt;T&amp;ecirc;n , nh&amp;atilde;n &amp;nbsp;hiệu , quy c&amp;aacute;ch, phẩm chất, vật tư, dụng cụ, sản phẩm , h&amp;agrave;ng h&amp;oacute;a&lt;/td&gt;&lt;td style=\"border-style:solid;border-color:#595959;width:57.8125px;text-align:center;vertical-align:top;\"&gt;M&amp;atilde; số&lt;/td&gt;&lt;td style=\"border-style:solid;border-color:#595959;width:63.8125px;text-align:center;vertical-align:top;\"&gt;Đơn vị t&amp;iacute;nh&lt;/td&gt;&lt;td style=\"border-style:solid;border-color:#595959;width:81.8125px;text-align:center;vertical-align:top;\"&gt;Theo chứng từ&lt;/td&gt;&lt;td style=\"border-style:solid;border-color:#595959;width:65.8125px;text-align:center;vertical-align:top;\"&gt;Thực nhập&lt;/td&gt;&lt;td style=\"border-style:solid;border-color:#595959;width:90.8125px;text-align:center;vertical-align:top;\"&gt;Đơn gi&amp;aacute;&lt;/td&gt;&lt;td style=\"border-style:solid;border-color:#595959;width:132.813px;text-align:center;vertical-align:top;\"&gt;Th&amp;agrave;nh tiền&lt;/td&gt;&lt;/tr&gt;&lt;tr style=\"height:21px;\"&gt;&lt;td style=\"border-style:solid;border-color:#595959;width:43.8125px;text-align:center;vertical-align:top;\"&gt;A&lt;/td&gt;&lt;td style=\"border-style:solid;border-color:#595959;width:256.813px;text-align:center;vertical-align:top;\"&gt;B&lt;/td&gt;&lt;td style=\"border-style:solid;border-color:#595959;width:57.8125px;text-align:center;vertical-align:top;\"&gt;C&lt;/td&gt;&lt;td style=\"border-style:solid;border-color:#595959;width:63.8125px;text-align:center;vertical-align:top;\"&gt;D&lt;/td&gt;&lt;td style=\"border-style:solid;border-color:#595959;width:81.8125px;text-align:center;vertical-align:top;\"&gt;1&lt;/td&gt;&lt;td style=\"border-style:solid;border-color:#595959;width:65.8125px;text-align:center;vertical-align:top;\"&gt;2&lt;/td&gt;&lt;td style=\"border-style:solid;border-color:#595959;width:90.8125px;text-align:center;vertical-align:top;\"&gt;3&lt;/td&gt;&lt;td style=\"border-style:solid;border-color:#595959;width:132.813px;text-align:center;vertical-align:top;\"&gt;4&lt;/td&gt;&lt;/tr&gt;&lt;tr class=\"detail_content\"&gt;&lt;/tr&gt;&lt;tr style=\"height:21px;\"&gt;&lt;td style=\"border-style:solid;border-color:#595959;width:43.8125px;text-align:center;vertical-align:top;\"&gt;&amp;nbsp;&lt;/td&gt;&lt;td style=\"border-style:solid;border-color:#595959;width:256.813px;text-align:center;vertical-align:top;\"&gt;Cộng&lt;/td&gt;&lt;td style=\"border-style:solid;border-color:#595959;width:57.8125px;text-align:center;vertical-align:top;\"&gt;&amp;nbsp;&lt;/td&gt;&lt;td style=\"border-style:solid;border-color:#595959;width:63.8125px;text-align:center;vertical-align:top;\"&gt;&amp;nbsp;&lt;/td&gt;&lt;td style=\"border-style:solid;border-color:#595959;width:81.8125px;text-align:center;vertical-align:top;\"&gt;{number}&lt;/td&gt;&lt;td style=\"border-style:solid;border-color:#595959;width:65.8125px;text-align:center;vertical-align:top;\"&gt;&amp;nbsp;&lt;/td&gt;&lt;td style=\"border-style:solid;border-color:#595959;width:90.8125px;text-align:center;vertical-align:top;\"&gt;&amp;nbsp;&lt;/td&gt;&lt;td style=\"border-style:solid;border-color:#595959;width:132.813px;text-align:center;vertical-align:top;\"&gt;{amount}&lt;/td&gt;&lt;/tr&gt;&lt;/tbody&gt;&lt;/table&gt;&lt;p style=\"margin:6pt 0in;text-align:justify;line-height:15.6px;\"&gt;&lt;span lang=\"NL\" style=\"font-size:medium;line-height:20.8px;\"&gt;- Tổng số tiền (viết bằng chữ ) : {amount_letter}&lt;/span&gt;&lt;/p&gt;&lt;p style=\"margin:6pt 0in;text-align:right;line-height:15.6px;\"&gt;&lt;em&gt;&lt;span lang=\"NL\"&gt;Ng&amp;agrave;y&amp;nbsp;&lt;/span&gt;&lt;/em&gt;&lt;em&gt;&lt;span lang=\"NL\"&gt;{day_voucher}&amp;nbsp;&lt;/span&gt;&lt;/em&gt;&lt;em&gt;&lt;span lang=\"NL\"&gt;th&amp;aacute;ng&amp;nbsp;&lt;/span&gt;&lt;/em&gt;&lt;em&gt;&lt;span lang=\"NL\"&gt;{month_voucher}&amp;nbsp;&lt;/span&gt;&lt;/em&gt;&lt;em&gt;&lt;span lang=\"NL\"&gt;năm&amp;nbsp;&lt;/span&gt;&lt;/em&gt;&lt;em&gt;&lt;span lang=\"NL\"&gt;{year_voucher}&lt;/span&gt;&lt;/em&gt;&lt;/p&gt;&lt;table style=\"width:869px;\"&gt;&lt;tbody&gt;&lt;tr style=\"height:36px;\"&gt;&lt;td style=\"width:208.813px;text-align:center;\"&gt;&lt;strong&gt;&lt;span lang=\"NL\"&gt;Người lập phiếu&lt;/span&gt;&lt;/strong&gt;&lt;br /&gt;&lt;em&gt;&lt;span lang=\"NL\"&gt;(K&amp;yacute;, họ t&amp;ecirc;n)&lt;/span&gt;&lt;/em&gt;&lt;/td&gt;&lt;td style=\"width:207.813px;text-align:center;\"&gt;&lt;strong&gt;&lt;span lang=\"NL\"&gt;Người giao h&amp;agrave;ng&lt;/span&gt;&lt;/strong&gt;&lt;br /&gt;&lt;em&gt;&lt;span lang=\"NL\"&gt;(K&amp;yacute;, họ t&amp;ecirc;n)&lt;/span&gt;&lt;/em&gt;&lt;/td&gt;&lt;td style=\"width:207.813px;text-align:center;\"&gt;&lt;strong&gt;&lt;span lang=\"NL\"&gt;Thủ kho&lt;/span&gt;&lt;/strong&gt;&lt;br /&gt;&lt;em&gt;&lt;span lang=\"NL\"&gt;(K&amp;yacute;, họ t&amp;ecirc;n)&lt;/span&gt;&lt;/em&gt;&lt;/td&gt;&lt;td style=\"width:207.813px;text-align:center;\"&gt;&lt;strong&gt;&lt;span lang=\"NL\"&gt;Kế to&amp;aacute;n trưởng&amp;nbsp;&lt;/span&gt;&lt;/strong&gt;&lt;br /&gt;&lt;em&gt;&lt;span lang=\"NL\"&gt;(K&amp;yacute;, họ t&amp;ecirc;n)&lt;/span&gt;&lt;/em&gt;&lt;/td&gt;&lt;/tr&gt;&lt;/tbody&gt;&lt;/table&gt;&lt;p&gt;&amp;nbsp;&lt;/p&gt;&lt;p&gt;&amp;nbsp;&lt;/p&gt;&lt;p&gt;&amp;nbsp;&lt;/p&gt;&lt;table style=\"width:869px;\"&gt;&lt;tbody&gt;&lt;tr style=\"height:21px;\"&gt;&lt;td style=\"width:207.813px;text-align:center;\"&gt;&lt;strong&gt;{writer}&lt;/strong&gt;&lt;/td&gt;&lt;td style=\"text-align:center;\"&gt;&lt;strong&gt;&amp;nbsp;&lt;/strong&gt;&lt;/td&gt;&lt;td style=\"width:207.813px;text-align:center;\"&gt;&lt;strong&gt;{storekeeper}&lt;/strong&gt;&lt;/td&gt;&lt;td style=\"width:207.813px;text-align:center;\"&gt;&lt;strong&gt;{chief_accountant}&lt;/strong&gt;&lt;/td&gt;&lt;/tr&gt;&lt;/tbody&gt;&lt;/table&gt;', 1, NULL, NULL);
INSERT INTO `print_template` (`id`, `menu`, `code`, `name`, `name_en`, `date_print`, `content`, `active`, `created_at`, `updated_at`) VALUES
('71c5ae0c-ec0f-11ec-9427-b42e9986cd6c', '94', 'PDCG001', 'Phiếu điều chỉnh giảm', 'Issue Inventory Voucher', '2017-12-18', '&lt;table style=\"width:869px;\"&gt;&lt;tbody&gt;&lt;tr style=\"height:63px;\"&gt;&lt;td style=\"width:397.813px;\"&gt;&lt;p&gt;&lt;span style=\"font-size:medium;font-weight:bold;\"&gt;Đơn vị:{company}&lt;/span&gt;&lt;/p&gt;&lt;p&gt;&lt;strong&gt;&lt;span style=\"font-size:medium;line-height:20.8px;\"&gt;Địa chỉ:&lt;/span&gt;&lt;/strong&gt;&lt;span style=\"font-weight:bold;font-size:medium;text-align:center;\"&gt;{company_address}&lt;/span&gt;&lt;/p&gt;&lt;/td&gt;&lt;td style=\"width:452.813px;text-align:center;\"&gt;&lt;span lang=\"NL\" style=\"font-weight:bold;font-size:medium;\"&gt;&lt;/span&gt;&lt;span lang=\"NL\" style=\"font-weight:bold;font-size:medium;\"&gt;&lt;/span&gt;&lt;/td&gt;&lt;/tr&gt;&lt;/tbody&gt;&lt;/table&gt;&lt;table style=\"width:869px;\"&gt;&lt;tbody&gt;&lt;tr style=\"height:64px;\"&gt;&lt;td style=\"width:219.813px;\"&gt;&amp;nbsp;&lt;/td&gt;&lt;td style=\"width:430.813px;text-align:center;\"&gt;&lt;p&gt;&lt;strong&gt;&lt;span lang=\"NL\" style=\"font-size:17pt;\"&gt;BẢNG TỔNG HỢP THỪA&lt;br /&gt;&lt;/span&gt;&lt;/strong&gt;&lt;em&gt;&lt;span lang=\"NL\"&gt;Ng&amp;agrave;y {day} th&amp;aacute;ng {month} năm {year}&lt;/span&gt;&lt;/em&gt;&lt;/p&gt;&lt;p&gt;&lt;span lang=\"NL\"&gt;Số:&lt;/span&gt;&lt;span lang=\"NL\"&gt;&amp;nbsp;{voucher}&lt;/span&gt;&lt;/p&gt;&lt;/td&gt;&lt;td style=\"width:190.813px;\"&gt;&lt;br /&gt;&lt;span lang=\"NL\"&gt;&lt;/span&gt;&lt;/td&gt;&lt;/tr&gt;&lt;/tbody&gt;&lt;/table&gt;&lt;p style=\"margin:6pt 0in;text-align:justify;line-height:15.6px;\"&gt;&lt;span lang=\"NL\" style=\"font-size:medium;line-height:20.8px;\"&gt;Diễn giải:&amp;nbsp;&lt;/span&gt;&lt;span style=\"font-size:medium;\"&gt;{subject}&lt;/span&gt;&lt;span style=\"font-size:medium;\"&gt;&lt;/span&gt;&lt;/p&gt;&lt;div style=\"text-align:justify;\"&gt;&lt;span style=\"font-size:medium;\"&gt;&lt;/span&gt;&lt;/div&gt;&lt;p style=\"margin:6pt 0in;text-align:justify;line-height:15.6px;\"&gt;&lt;span style=\"font-size:medium;\"&gt;Xuất tại kho : {warehouse} &amp;nbsp; &amp;nbsp; &amp;nbsp; &amp;nbsp; &amp;nbsp; &amp;nbsp; &amp;nbsp; &amp;nbsp; &amp;nbsp; &amp;nbsp; &amp;nbsp; &amp;nbsp; &amp;nbsp; &amp;nbsp; &amp;nbsp; &amp;nbsp; &amp;nbsp; &amp;nbsp; &amp;nbsp;Địa điểm : {warehouse_place}&lt;/span&gt;&lt;/p&gt;&lt;table cellpadding=\"2\" style=\"width:867px;border-width:2px;border-style:solid;border-color:#000000;background-color:#ffffff;\"&gt;&lt;tbody&gt;&lt;tr style=\"height:36px;\"&gt;&lt;td style=\"border-style:solid;border-color:#595959;width:43.8125px;text-align:center;vertical-align:top;\"&gt;STT&lt;/td&gt;&lt;td style=\"border-style:solid;border-color:#595959;width:256.813px;text-align:center;vertical-align:top;\"&gt;T&amp;ecirc;n , nh&amp;atilde;n &amp;nbsp;hiệu , quy c&amp;aacute;ch, phẩm chất, vật tư, dụng cụ, sản phẩm , h&amp;agrave;ng h&amp;oacute;a&lt;/td&gt;&lt;td style=\"border-style:solid;border-color:#595959;width:57.8125px;text-align:center;vertical-align:top;\"&gt;M&amp;atilde; số&lt;/td&gt;&lt;td style=\"border-style:solid;border-color:#595959;width:63.8125px;text-align:center;vertical-align:top;\"&gt;Đơn vị t&amp;iacute;nh&lt;/td&gt;&lt;td style=\"border-style:solid;border-color:#595959;width:81.8125px;text-align:center;vertical-align:top;\"&gt;Theo chứng từ&lt;/td&gt;&lt;td style=\"border-style:solid;border-color:#595959;width:65.8125px;text-align:center;vertical-align:top;\"&gt;Thực nhập&lt;/td&gt;&lt;td style=\"border-style:solid;border-color:#595959;width:90.8125px;text-align:center;vertical-align:top;\"&gt;Đơn gi&amp;aacute;&lt;/td&gt;&lt;td style=\"border-style:solid;border-color:#595959;width:132.813px;text-align:center;vertical-align:top;\"&gt;Th&amp;agrave;nh tiền&lt;/td&gt;&lt;/tr&gt;&lt;tr style=\"height:21px;\"&gt;&lt;td style=\"border-style:solid;border-color:#595959;width:43.8125px;text-align:center;vertical-align:top;\"&gt;A&lt;/td&gt;&lt;td style=\"border-style:solid;border-color:#595959;width:256.813px;text-align:center;vertical-align:top;\"&gt;B&lt;/td&gt;&lt;td style=\"border-style:solid;border-color:#595959;width:57.8125px;text-align:center;vertical-align:top;\"&gt;C&lt;/td&gt;&lt;td style=\"border-style:solid;border-color:#595959;width:63.8125px;text-align:center;vertical-align:top;\"&gt;D&lt;/td&gt;&lt;td style=\"border-style:solid;border-color:#595959;width:81.8125px;text-align:center;vertical-align:top;\"&gt;1&lt;/td&gt;&lt;td style=\"border-style:solid;border-color:#595959;width:65.8125px;text-align:center;vertical-align:top;\"&gt;2&lt;/td&gt;&lt;td style=\"border-style:solid;border-color:#595959;width:90.8125px;text-align:center;vertical-align:top;\"&gt;3&lt;/td&gt;&lt;td style=\"border-style:solid;border-color:#595959;width:132.813px;text-align:center;vertical-align:top;\"&gt;4&lt;/td&gt;&lt;/tr&gt;&lt;tr class=\"detail_content\"&gt;&lt;/tr&gt;&lt;tr style=\"height:21px;\"&gt;&lt;td style=\"border-style:solid;border-color:#595959;width:43.8125px;text-align:center;vertical-align:top;\"&gt;&amp;nbsp;&lt;/td&gt;&lt;td style=\"border-style:solid;border-color:#595959;width:256.813px;text-align:center;vertical-align:top;\"&gt;Cộng&lt;/td&gt;&lt;td style=\"border-style:solid;border-color:#595959;width:57.8125px;text-align:center;vertical-align:top;\"&gt;&amp;nbsp;&lt;/td&gt;&lt;td style=\"border-style:solid;border-color:#595959;width:63.8125px;text-align:center;vertical-align:top;\"&gt;&amp;nbsp;&lt;/td&gt;&lt;td style=\"border-style:solid;border-color:#595959;width:81.8125px;text-align:center;vertical-align:top;\"&gt;{number}&lt;/td&gt;&lt;td style=\"border-style:solid;border-color:#595959;width:65.8125px;text-align:center;vertical-align:top;\"&gt;&amp;nbsp;&lt;/td&gt;&lt;td style=\"border-style:solid;border-color:#595959;width:90.8125px;text-align:center;vertical-align:top;\"&gt;&amp;nbsp;&lt;/td&gt;&lt;td style=\"border-style:solid;border-color:#595959;width:132.813px;text-align:center;vertical-align:top;\"&gt;{amount}&lt;/td&gt;&lt;/tr&gt;&lt;/tbody&gt;&lt;/table&gt;&lt;p style=\"margin:6pt 0in;text-align:justify;line-height:15.6px;\"&gt;&lt;span lang=\"NL\" style=\"font-size:medium;line-height:20.8px;\"&gt;- Tổng số tiền (viết bằng chữ ) : {amount_letter}&lt;/span&gt;&lt;/p&gt;&lt;p style=\"margin:6pt 0in;text-align:right;line-height:15.6px;\"&gt;&lt;em&gt;&lt;span lang=\"NL\"&gt;Ng&amp;agrave;y&amp;nbsp;&lt;/span&gt;&lt;/em&gt;&lt;em&gt;&lt;span lang=\"NL\"&gt;{day_voucher}&amp;nbsp;&lt;/span&gt;&lt;/em&gt;&lt;em&gt;&lt;span lang=\"NL\"&gt;th&amp;aacute;ng&amp;nbsp;&lt;/span&gt;&lt;/em&gt;&lt;em&gt;&lt;span lang=\"NL\"&gt;{month_voucher}&amp;nbsp;&lt;/span&gt;&lt;/em&gt;&lt;em&gt;&lt;span lang=\"NL\"&gt;năm&amp;nbsp;&lt;/span&gt;&lt;/em&gt;&lt;em&gt;&lt;span lang=\"NL\"&gt;{year_voucher}&lt;/span&gt;&lt;/em&gt;&lt;/p&gt;&lt;table style=\"width:869px;\"&gt;&lt;tbody&gt;&lt;tr style=\"height:36px;\"&gt;&lt;td style=\"width:208.813px;text-align:center;\"&gt;&lt;strong&gt;&lt;span lang=\"NL\"&gt;Người lập phiếu&lt;/span&gt;&lt;/strong&gt;&lt;br /&gt;&lt;em&gt;&lt;span lang=\"NL\"&gt;(K&amp;yacute;, họ t&amp;ecirc;n)&lt;/span&gt;&lt;/em&gt;&lt;/td&gt;&lt;td style=\"width:207.813px;text-align:center;\"&gt;&lt;strong&gt;&lt;span lang=\"NL\"&gt;Người giao h&amp;agrave;ng&lt;/span&gt;&lt;/strong&gt;&lt;br /&gt;&lt;em&gt;&lt;span lang=\"NL\"&gt;(K&amp;yacute;, họ t&amp;ecirc;n)&lt;/span&gt;&lt;/em&gt;&lt;/td&gt;&lt;td style=\"width:207.813px;text-align:center;\"&gt;&lt;strong&gt;&lt;span lang=\"NL\"&gt;Thủ kho&lt;/span&gt;&lt;/strong&gt;&lt;br /&gt;&lt;em&gt;&lt;span lang=\"NL\"&gt;(K&amp;yacute;, họ t&amp;ecirc;n)&lt;/span&gt;&lt;/em&gt;&lt;/td&gt;&lt;td style=\"width:207.813px;text-align:center;\"&gt;&lt;strong&gt;&lt;span lang=\"NL\"&gt;Kế to&amp;aacute;n trưởng&amp;nbsp;&lt;/span&gt;&lt;/strong&gt;&lt;br /&gt;&lt;em&gt;&lt;span lang=\"NL\"&gt;(K&amp;yacute;, họ t&amp;ecirc;n)&lt;/span&gt;&lt;/em&gt;&lt;/td&gt;&lt;/tr&gt;&lt;/tbody&gt;&lt;/table&gt;&lt;p&gt;&amp;nbsp;&lt;/p&gt;&lt;p&gt;&amp;nbsp;&lt;/p&gt;&lt;p&gt;&amp;nbsp;&lt;/p&gt;&lt;table style=\"width:869px;\"&gt;&lt;tbody&gt;&lt;tr style=\"height:21px;\"&gt;&lt;td style=\"width:207.813px;text-align:center;\"&gt;&lt;strong&gt;{writer}&lt;/strong&gt;&lt;/td&gt;&lt;td style=\"text-align:center;\"&gt;&lt;strong&gt;&amp;nbsp;&lt;/strong&gt;&lt;/td&gt;&lt;td style=\"width:207.813px;text-align:center;\"&gt;&lt;strong&gt;{storekeeper}&lt;/strong&gt;&lt;/td&gt;&lt;td style=\"width:207.813px;text-align:center;\"&gt;&lt;strong&gt;{chief_accountant}&lt;/strong&gt;&lt;/td&gt;&lt;/tr&gt;&lt;/tbody&gt;&lt;/table&gt;', 1, NULL, NULL),
('71c5ae99-ec0f-11ec-9427-b42e9986cd6c', 'ee25fd11-8334-11ec-8b82-b42e9986cd6c', 'PC001', 'Phiếu chi TT200', 'Cash Payment Voucher', '2017-01-18', '&lt;table style=\"width:869px;\"&gt;&lt;tbody&gt;&lt;tr style=\"height:63px;\"&gt;&lt;td style=\"width:397.813px;\"&gt;&lt;p&gt;&lt;span style=\"font-size:medium;font-weight:bold;\"&gt;Đơn vị:{company}&lt;/span&gt;&lt;/p&gt;&lt;p&gt;&lt;strong&gt;&lt;span style=\"font-size:medium;line-height:20.8px;\"&gt;Địa chỉ:&lt;/span&gt;&lt;/strong&gt;&lt;span style=\"font-weight:bold;font-size:medium;text-align:center;\"&gt;{company_address}&lt;/span&gt;&lt;/p&gt;&lt;/td&gt;&lt;td style=\"width:452.813px;text-align:center;\"&gt;&lt;p&gt;&lt;strong&gt;&lt;span lang=\"NL\" style=\"font-size:12.0pt;line-height:115%;font-family:\'Times New Roman\',serif;\"&gt;Mẫu số 02 - TT&lt;/span&gt;&lt;/strong&gt;&lt;/p&gt;&lt;p&gt;&lt;span lang=\"NL\" style=\"font-size:12.0pt;line-height:115%;font-family:\'Times New Roman\',serif;\"&gt;(Ban h&amp;agrave;nh theo Th&amp;ocirc;ng tư số: 200/2014/TT-BTC&lt;/span&gt;&lt;/p&gt;&lt;p&gt;&lt;span lang=\"NL\" style=\"font-size:12.0pt;line-height:115%;font-family:\'Times New Roman\',serif;\"&gt;ng&amp;agrave;y 22/12/2014 của BTC)&lt;/span&gt;&lt;span lang=\"NL\" style=\"font-weight:bold;font-size:medium;\"&gt;&lt;/span&gt;&lt;/p&gt;&lt;/td&gt;&lt;/tr&gt;&lt;/tbody&gt;&lt;/table&gt;&lt;table style=\"width:869px;\"&gt;&lt;tbody&gt;&lt;tr style=\"height:64px;\"&gt;&lt;td style=\"width:219.813px;\"&gt;&amp;nbsp;&lt;/td&gt;&lt;td style=\"width:430.813px;text-align:center;\"&gt;&lt;p&gt;&lt;strong&gt;&lt;span lang=\"NL\" style=\"font-size:17pt;\"&gt;PHIẾU CHI&lt;br /&gt;&lt;/span&gt;&lt;/strong&gt;&lt;em&gt;&lt;span lang=\"NL\"&gt;Ng&amp;agrave;y {day} th&amp;aacute;ng {month} năm {year}&lt;/span&gt;&lt;/em&gt;&lt;/p&gt;&lt;p&gt;&lt;br /&gt;&lt;/p&gt;&lt;/td&gt;&lt;td style=\"width:190.813px;\"&gt;&lt;p&gt;&lt;span lang=\"NL\" style=\"font-size:13.0pt;line-height:115%;font-family:\'Times New Roman\',serif;\"&gt;&amp;nbsp;&lt;/span&gt;&lt;/p&gt;&lt;p&gt;Số:&amp;nbsp;{voucher}&lt;/p&gt;&lt;p&gt;Nợ : {debt}&lt;/p&gt;&lt;p&gt;C&amp;oacute; : {credit}&lt;span lang=\"NL\" style=\"font-size:11.0pt;line-height:115%;font-family:\'Times New Roman\',serif;\"&gt;&lt;/span&gt;&lt;/p&gt;&lt;p&gt;&lt;span lang=\"NL\" style=\"font-size:11.0pt;line-height:115%;font-family:\'Times New Roman\',serif;\"&gt;&amp;nbsp;&lt;/span&gt;&lt;/p&gt;&lt;/td&gt;&lt;/tr&gt;&lt;/tbody&gt;&lt;/table&gt;&lt;p style=\"margin:6pt 0in;text-align:justify;line-height:15.6px;\"&gt;&lt;span lang=\"NL\" style=\"font-size:medium;line-height:20.8px;\"&gt;Họ v&amp;agrave; t&amp;ecirc;n người nhận tiền:&amp;nbsp;&lt;/span&gt;&lt;span style=\"font-size:medium;\"&gt;{subject}&lt;/span&gt;&lt;span style=\"font-size:medium;\"&gt;&lt;/span&gt;&lt;/p&gt;&lt;div style=\"text-align:justify;\"&gt;&lt;span style=\"font-size:medium;\"&gt;&lt;/span&gt;&lt;/div&gt;&lt;p style=\"margin:6pt 0in;text-align:justify;line-height:15.6px;\"&gt;&lt;span style=\"font-size:medium;\"&gt;Địa chỉ : {address}&lt;/span&gt;&lt;/p&gt;&lt;p style=\"margin:6pt 0in;text-align:justify;line-height:15.6px;\"&gt;&lt;span style=\"font-size:medium;\"&gt;L&amp;yacute; do chi : {reason}&amp;nbsp; &amp;nbsp; &amp;nbsp; &amp;nbsp; &amp;nbsp; &amp;nbsp; &amp;nbsp; &amp;nbsp; &amp;nbsp; &amp;nbsp; &amp;nbsp; &amp;nbsp; &amp;nbsp; &amp;nbsp; &amp;nbsp; &amp;nbsp; &amp;nbsp; &amp;nbsp;&amp;nbsp;&lt;/span&gt;&lt;/p&gt;&lt;p style=\"margin:6pt 0in;text-align:justify;line-height:15.6px;\"&gt;&lt;span lang=\"NL\" style=\"font-size:medium;line-height:20.8px;\"&gt;Số tiền : {amount} (Viết bằng chữ ) : {amount_letter}&lt;/span&gt;&lt;/p&gt;&lt;p style=\"margin:6pt 0in;text-align:justify;line-height:15.6px;\"&gt;&lt;span lang=\"NL\" style=\"font-size:medium;line-height:20.8px;\"&gt;K&amp;egrave;m theo : {attach} chứng từ gốc&lt;/span&gt;&lt;/p&gt;&lt;p style=\"margin:6pt 0in;text-align:right;line-height:15.6px;\"&gt;&lt;em&gt;&lt;span lang=\"NL\"&gt;Ng&amp;agrave;y&amp;nbsp;&lt;/span&gt;&lt;/em&gt;&lt;em&gt;&lt;span lang=\"NL\"&gt;{day_voucher}&amp;nbsp;&lt;/span&gt;&lt;/em&gt;&lt;em&gt;&lt;span lang=\"NL\"&gt;th&amp;aacute;ng&amp;nbsp;&lt;/span&gt;&lt;/em&gt;&lt;em&gt;&lt;span lang=\"NL\"&gt;{month_voucher}&amp;nbsp;&lt;/span&gt;&lt;/em&gt;&lt;em&gt;&lt;span lang=\"NL\"&gt;năm&amp;nbsp;&lt;/span&gt;&lt;/em&gt;&lt;em&gt;&lt;span lang=\"NL\"&gt;{year_voucher}&lt;/span&gt;&lt;/em&gt;&lt;/p&gt;&lt;table style=\"width:869px;\"&gt;&lt;tbody&gt;&lt;tr style=\"height:36px;\"&gt;&lt;td style=\"width:208.813px;text-align:center;\"&gt;&lt;strong&gt;&lt;span lang=\"NL\"&gt;Gi&amp;aacute;m đốc&lt;/span&gt;&lt;/strong&gt;&lt;br /&gt;&lt;em&gt;&lt;span lang=\"NL\"&gt;(K&amp;yacute;, họ t&amp;ecirc;n)&lt;/span&gt;&lt;/em&gt;&lt;/td&gt;&lt;td style=\"width:207.813px;text-align:center;\"&gt;&lt;strong&gt;&lt;span lang=\"NL\"&gt;Kế to&amp;aacute;n trưởng&lt;/span&gt;&lt;/strong&gt;&lt;br /&gt;&lt;em&gt;&lt;span lang=\"NL\"&gt;(K&amp;yacute;, họ t&amp;ecirc;n)&lt;/span&gt;&lt;/em&gt;&lt;/td&gt;&lt;td style=\"width:207.813px;text-align:center;\"&gt;&lt;strong&gt;&lt;span lang=\"NL\"&gt;Thủ quỹ&lt;/span&gt;&lt;/strong&gt;&lt;br /&gt;&lt;em&gt;&lt;span lang=\"NL\"&gt;(K&amp;yacute;, họ t&amp;ecirc;n)&lt;/span&gt;&lt;/em&gt;&lt;/td&gt;&lt;td style=\"width:207.813px;text-align:center;\"&gt;&lt;strong&gt;&lt;span lang=\"NL\"&gt;Người lập&lt;/span&gt;&lt;/strong&gt;&lt;br /&gt;&lt;em&gt;&lt;span lang=\"NL\"&gt;(K&amp;yacute;, họ t&amp;ecirc;n)&lt;/span&gt;&lt;/em&gt;&lt;/td&gt;&lt;td style=\"width:207.813px;text-align:center;\"&gt;&lt;strong&gt;&lt;span lang=\"NL\"&gt;Người nhận tiền&lt;/span&gt;&lt;/strong&gt;&lt;br /&gt;&lt;em&gt;&lt;span lang=\"NL\"&gt;(K&amp;yacute;, họ t&amp;ecirc;n)&lt;/span&gt;&lt;/em&gt;&lt;/td&gt;&lt;/tr&gt;&lt;/tbody&gt;&lt;/table&gt;&lt;p&gt;&amp;nbsp;&lt;/p&gt;&lt;p&gt;&amp;nbsp;&lt;/p&gt;&lt;p&gt;&amp;nbsp;&lt;/p&gt;&lt;table style=\"width:869px;\"&gt;&lt;tbody&gt;&lt;tr style=\"height:21px;\"&gt;&lt;td style=\"width:207.813px;text-align:center;\"&gt;&lt;strong&gt;{director}&lt;/strong&gt;&lt;/td&gt;&lt;td style=\"text-align:center;\"&gt;&lt;strong style=\"text-align:center;\"&gt;{chief_accountant}&lt;/strong&gt;&lt;/td&gt;&lt;td style=\"width:207.813px;text-align:center;\"&gt;&lt;strong&gt;{treasurer}&lt;/strong&gt;&lt;/td&gt;&lt;td style=\"width:207.813px;text-align:center;\"&gt;&lt;strong&gt;{writer}&lt;/strong&gt;&lt;/td&gt;&lt;td style=\"width:207.813px;text-align:center;\"&gt;&lt;strong&gt;{receiver}&lt;/strong&gt;&lt;/td&gt;&lt;/tr&gt;&lt;/tbody&gt;&lt;/table&gt;&lt;p style=\"margin:6pt 0in;text-align:justify;line-height:15.6px;\"&gt;&lt;span lang=\"NL\" style=\"font-size:medium;line-height:20.8px;\"&gt;Đ&amp;atilde; nhận đủ số tiền (Viết bằng chữ ) : {amount_letter}&lt;/span&gt;&lt;/p&gt;&lt;p style=\"margin:6pt 0in;text-align:justify;line-height:15.6px;\"&gt;&lt;span lang=\"NL\" style=\"font-size:medium;line-height:20.8px;\"&gt;+ Tỷ gi&amp;aacute; ngoại tệ (v&amp;agrave;ng bạc, đ&amp;aacute; qu&amp;yacute;) : {exchange_rate}&lt;/span&gt;&lt;/p&gt;&lt;p style=\"margin:6pt 0in;text-align:justify;line-height:15.6px;\"&gt;&lt;span lang=\"NL\" style=\"font-size:medium;line-height:20.8px;\"&gt;+ Số tiền quy đổi: &lt;/span&gt;&lt;span style=\"font-size:medium;text-align:justify;\"&gt;{amount_letter_exchange}&lt;/span&gt;&lt;/p&gt;', 1, '2021-03-26 08:55:30', '2022-06-07 15:25:46'),
('71c5aeec-ec0f-11ec-9427-b42e9986cd6c', 'ee25fe47-8334-11ec-8b82-b42e9986cd6c', 'PT001', 'Phiếu thu TT200', 'Cash Receipts Voucher', '2017-01-18', '&lt;table style=\"width:869px;\"&gt;&lt;tbody&gt;&lt;tr style=\"height:63px;\"&gt;&lt;td style=\"width:397.813px;\"&gt;&lt;p&gt;&lt;span style=\"font-size:medium;font-weight:bold;\"&gt;Đơn vị:{company}&lt;/span&gt;&lt;/p&gt;&lt;p&gt;&lt;strong&gt;&lt;span style=\"font-size:medium;line-height:20.8px;\"&gt;Địa chỉ:&lt;/span&gt;&lt;/strong&gt;&lt;span style=\"font-weight:bold;font-size:medium;text-align:center;\"&gt;{company_address}&lt;/span&gt;&lt;/p&gt;&lt;/td&gt;&lt;td style=\"width:452.813px;text-align:center;\"&gt;&lt;p&gt;&lt;strong&gt;&lt;span lang=\"NL\" style=\"font-size:12.0pt;line-height:115%;font-family:\'Times New Roman\',serif;\"&gt;Mẫu số 01 - TT&lt;/span&gt;&lt;/strong&gt;&lt;/p&gt;&lt;p&gt;&lt;span lang=\"NL\" style=\"font-size:12.0pt;line-height:115%;font-family:\'Times New Roman\',serif;\"&gt;(Ban h&amp;agrave;nh theo Th&amp;ocirc;ng tư số: 200/2014/TT-BTC&lt;/span&gt;&lt;/p&gt;&lt;p&gt;&lt;span lang=\"NL\" style=\"font-size:12.0pt;line-height:115%;font-family:\'Times New Roman\',serif;\"&gt;ng&amp;agrave;y 22/12/2014 của BTC)&lt;/span&gt;&lt;span lang=\"NL\" style=\"font-weight:bold;font-size:medium;\"&gt;&lt;/span&gt;&lt;/p&gt;&lt;/td&gt;&lt;/tr&gt;&lt;/tbody&gt;&lt;/table&gt;&lt;table style=\"width:869px;\"&gt;&lt;tbody&gt;&lt;tr style=\"height:64px;\"&gt;&lt;td style=\"width:219.813px;\"&gt;&amp;nbsp;&lt;/td&gt;&lt;td style=\"width:430.813px;text-align:center;\"&gt;&lt;p&gt;&lt;strong&gt;&lt;span lang=\"NL\" style=\"font-size:17pt;\"&gt;PHIẾU THU&lt;br /&gt;&lt;/span&gt;&lt;/strong&gt;&lt;em&gt;&lt;span lang=\"NL\"&gt;Ng&amp;agrave;y {day} th&amp;aacute;ng {month} năm {year}&lt;/span&gt;&lt;/em&gt;&lt;/p&gt;&lt;p&gt;&lt;br /&gt;&lt;/p&gt;&lt;/td&gt;&lt;td style=\"width:190.813px;\"&gt;&lt;p&gt;&lt;span lang=\"NL\" style=\"font-size:13.0pt;line-height:115%;font-family:\'Times New Roman\',serif;\"&gt;&amp;nbsp;&lt;/span&gt;&lt;/p&gt;&lt;p&gt;Số:&amp;nbsp;{voucher}&lt;/p&gt;&lt;p&gt;Nợ : {debt}&lt;/p&gt;&lt;p&gt;C&amp;oacute; : {credit}&lt;span lang=\"NL\" style=\"font-size:11.0pt;line-height:115%;font-family:\'Times New Roman\',serif;\"&gt;&lt;/span&gt;&lt;/p&gt;&lt;p&gt;&lt;span lang=\"NL\" style=\"font-size:11.0pt;line-height:115%;font-family:\'Times New Roman\',serif;\"&gt;&amp;nbsp;&lt;/span&gt;&lt;/p&gt;&lt;/td&gt;&lt;/tr&gt;&lt;/tbody&gt;&lt;/table&gt;&lt;p style=\"margin:6pt 0in;text-align:justify;line-height:15.6px;\"&gt;&lt;span lang=\"NL\" style=\"font-size:medium;line-height:20.8px;\"&gt;Họ v&amp;agrave; t&amp;ecirc;n người gửi:&amp;nbsp;&lt;/span&gt;&lt;span style=\"font-size:medium;\"&gt;{subject}&lt;/span&gt;&lt;span style=\"font-size:medium;\"&gt;&lt;/span&gt;&lt;/p&gt;&lt;div style=\"text-align:justify;\"&gt;&lt;span style=\"font-size:medium;\"&gt;&lt;/span&gt;&lt;/div&gt;&lt;p style=\"margin:6pt 0in;text-align:justify;line-height:15.6px;\"&gt;&lt;span style=\"font-size:medium;\"&gt;Địa chỉ : {address}&lt;/span&gt;&lt;/p&gt;&lt;p style=\"margin:6pt 0in;text-align:justify;line-height:15.6px;\"&gt;&lt;span style=\"font-size:medium;\"&gt;L&amp;yacute; do thu : {reason}&amp;nbsp; &amp;nbsp; &amp;nbsp; &amp;nbsp; &amp;nbsp; &amp;nbsp; &amp;nbsp; &amp;nbsp; &amp;nbsp; &amp;nbsp; &amp;nbsp; &amp;nbsp; &amp;nbsp; &amp;nbsp; &amp;nbsp; &amp;nbsp; &amp;nbsp; &amp;nbsp;&amp;nbsp;&lt;/span&gt;&lt;/p&gt;&lt;p style=\"margin:6pt 0in;text-align:justify;line-height:15.6px;\"&gt;&lt;span lang=\"NL\" style=\"font-size:medium;line-height:20.8px;\"&gt;Số tiền : {amount} (Viết bằng chữ ) : {amount_letter}&lt;/span&gt;&lt;/p&gt;&lt;p style=\"margin:6pt 0in;text-align:justify;line-height:15.6px;\"&gt;&lt;span lang=\"NL\" style=\"font-size:medium;line-height:20.8px;\"&gt;K&amp;egrave;m theo : {attach} chứng từ gốc&lt;/span&gt;&lt;/p&gt;&lt;p style=\"margin:6pt 0in;text-align:right;line-height:15.6px;\"&gt;&lt;em&gt;&lt;span lang=\"NL\"&gt;Ng&amp;agrave;y&amp;nbsp;&lt;/span&gt;&lt;/em&gt;&lt;em&gt;&lt;span lang=\"NL\"&gt;{day_voucher}&amp;nbsp;&lt;/span&gt;&lt;/em&gt;&lt;em&gt;&lt;span lang=\"NL\"&gt;th&amp;aacute;ng&amp;nbsp;&lt;/span&gt;&lt;/em&gt;&lt;em&gt;&lt;span lang=\"NL\"&gt;{month_voucher}&amp;nbsp;&lt;/span&gt;&lt;/em&gt;&lt;em&gt;&lt;span lang=\"NL\"&gt;năm&amp;nbsp;&lt;/span&gt;&lt;/em&gt;&lt;em&gt;&lt;span lang=\"NL\"&gt;{year_voucher}&lt;/span&gt;&lt;/em&gt;&lt;/p&gt;&lt;table style=\"width:869px;\"&gt;&lt;tbody&gt;&lt;tr style=\"height:36px;\"&gt;&lt;td style=\"width:208.813px;text-align:center;\"&gt;&lt;strong&gt;&lt;span lang=\"NL\"&gt;Gi&amp;aacute;m đốc&lt;/span&gt;&lt;/strong&gt;&lt;br /&gt;&lt;em&gt;&lt;span lang=\"NL\"&gt;(K&amp;yacute;, họ t&amp;ecirc;n)&lt;/span&gt;&lt;/em&gt;&lt;/td&gt;&lt;td style=\"width:207.813px;text-align:center;\"&gt;&lt;strong&gt;&lt;span lang=\"NL\"&gt;Kế to&amp;aacute;n trưởng&lt;/span&gt;&lt;/strong&gt;&lt;br /&gt;&lt;em&gt;&lt;span lang=\"NL\"&gt;(K&amp;yacute;, họ t&amp;ecirc;n)&lt;/span&gt;&lt;/em&gt;&lt;/td&gt;&lt;td style=\"width:207.813px;text-align:center;\"&gt;&lt;strong&gt;&lt;span lang=\"NL\"&gt;Thủ quỹ&lt;/span&gt;&lt;/strong&gt;&lt;br /&gt;&lt;em&gt;&lt;span lang=\"NL\"&gt;(K&amp;yacute;, họ t&amp;ecirc;n)&lt;/span&gt;&lt;/em&gt;&lt;/td&gt;&lt;td style=\"width:207.813px;text-align:center;\"&gt;&lt;strong&gt;&lt;span lang=\"NL\"&gt;Người lập&lt;/span&gt;&lt;/strong&gt;&lt;br /&gt;&lt;em&gt;&lt;span lang=\"NL\"&gt;(K&amp;yacute;, họ t&amp;ecirc;n)&lt;/span&gt;&lt;/em&gt;&lt;/td&gt;&lt;td style=\"width:207.813px;text-align:center;\"&gt;&lt;strong&gt;&lt;span lang=\"NL\"&gt;Người gửi tiền&lt;/span&gt;&lt;/strong&gt;&lt;br /&gt;&lt;em&gt;&lt;span lang=\"NL\"&gt;(K&amp;yacute;, họ t&amp;ecirc;n)&lt;/span&gt;&lt;/em&gt;&lt;/td&gt;&lt;/tr&gt;&lt;/tbody&gt;&lt;/table&gt;&lt;p&gt;&amp;nbsp;&lt;/p&gt;&lt;p&gt;&amp;nbsp;&lt;/p&gt;&lt;p&gt;&amp;nbsp;&lt;/p&gt;&lt;table style=\"width:869px;\"&gt;&lt;tbody&gt;&lt;tr style=\"height:21px;\"&gt;&lt;td style=\"width:207.813px;text-align:center;\"&gt;&lt;strong&gt;{director}&lt;/strong&gt;&lt;/td&gt;&lt;td style=\"text-align:center;\"&gt;&lt;strong style=\"text-align:center;\"&gt;{chief_accountant}&lt;/strong&gt;&lt;/td&gt;&lt;td style=\"width:207.813px;text-align:center;\"&gt;&lt;strong&gt;{treasurer}&lt;/strong&gt;&lt;/td&gt;&lt;td style=\"width:207.813px;text-align:center;\"&gt;&lt;strong&gt;{writer}&lt;/strong&gt;&lt;/td&gt;&lt;td style=\"width:207.813px;text-align:center;\"&gt;&lt;strong&gt;{sender}&lt;/strong&gt;&lt;/td&gt;&lt;/tr&gt;&lt;/tbody&gt;&lt;/table&gt;&lt;p style=\"margin:6pt 0in;text-align:justify;line-height:15.6px;\"&gt;&lt;span lang=\"NL\" style=\"font-size:medium;line-height:20.8px;\"&gt;Đ&amp;atilde; thu đủ số tiền (Viết bằng chữ ) : {amount_letter}&lt;/span&gt;&lt;/p&gt;&lt;p style=\"margin:6pt 0in;text-align:justify;line-height:15.6px;\"&gt;&lt;span lang=\"NL\" style=\"font-size:medium;line-height:20.8px;\"&gt;+ Tỷ gi&amp;aacute; ngoại tệ (v&amp;agrave;ng bạc, đ&amp;aacute; qu&amp;yacute;) : {exchange_rate}&lt;/span&gt;&lt;/p&gt;&lt;p style=\"margin:6pt 0in;text-align:justify;line-height:15.6px;\"&gt;&lt;span lang=\"NL\" style=\"font-size:medium;line-height:20.8px;\"&gt;+ Số tiền quy đổi: &lt;/span&gt;&lt;span style=\"font-size:medium;text-align:justify;\"&gt;{amount_letter_exchange}&lt;/span&gt;&lt;/p&gt;', 1, '2021-03-26 09:02:15', '2022-06-07 15:25:30');

-- --------------------------------------------------------

--
-- Cấu trúc bảng cho bảng `revenue_expenditure`
--

CREATE TABLE `revenue_expenditure` (
  `id` varchar(36) CHARACTER SET ascii COLLATE ascii_general_ci NOT NULL,
  `type` varchar(36) CHARACTER SET ascii COLLATE ascii_general_ci DEFAULT NULL,
  `code` varchar(50) DEFAULT NULL,
  `name` varchar(100) DEFAULT NULL,
  `name_en` varchar(100) DEFAULT NULL,
  `description` varchar(255) DEFAULT NULL,
  `active` tinyint(4) NOT NULL,
  `created_at` timestamp NULL DEFAULT NULL,
  `updated_at` timestamp NULL DEFAULT NULL
) ENGINE=InnoDB DEFAULT CHARSET=utf8mb4 COLLATE=utf8mb4_unicode_ci;

--
-- Đang đổ dữ liệu cho bảng `revenue_expenditure`
--

INSERT INTO `revenue_expenditure` (`id`, `type`, `code`, `name`, `name_en`, `description`, `active`, `created_at`, `updated_at`) VALUES
('026be2fd-bc0b-4ea4-b1fb-1046d3e41426', '', 'test', '213', '321', '321', 1, '2022-03-03 17:18:54', '2022-03-03 17:24:08'),
('46fbaef1-ce6d-4a02-9724-e7320b03d304', '4ecfdeb4-0f78-470c-aff8-698437d50c23', 'dsadsa', 'dsadzz', '2222222', '', 1, '2020-07-19 04:20:34', '2022-03-03 17:15:51'),
('4eb81e88-7f45-48b7-8011-4165eb869732', '4', 'test27', '12', '12', 'tét', 1, '2020-07-20 07:30:23', '2020-08-12 08:12:47'),
('4ecfdeb4-0f78-470c-aff8-698437d50c23', NULL, 'DATE_USE_FREE', 'dá', 'dsa', NULL, 1, '2020-07-19 04:16:41', '2020-07-19 04:16:41'),
('c1842456-e5b2-4ac5-8732-af731b535790', '3', 'test27', '213', '321', '321', 1, '2020-08-12 08:14:08', '2020-08-12 08:14:08'),
('f4a0a9a1-5cbf-4342-a1fc-cf6baca360b6', '0', 'dsa', 'dsa11', 'dsad1', '', 1, '2020-07-19 04:19:09', '2022-03-03 17:15:34');

-- --------------------------------------------------------

--
-- Cấu trúc bảng cho bảng `revenue_expenditure_type`
--

CREATE TABLE `revenue_expenditure_type` (
  `id` varchar(36) CHARACTER SET ascii COLLATE ascii_general_ci NOT NULL,
  `code` varchar(50) DEFAULT NULL,
  `name` varchar(100) DEFAULT NULL,
  `name_en` varchar(100) DEFAULT NULL,
  `description` varchar(255) DEFAULT NULL,
  `active` tinyint(4) NOT NULL,
  `created_at` timestamp NULL DEFAULT NULL,
  `updated_at` timestamp NULL DEFAULT NULL
) ENGINE=InnoDB DEFAULT CHARSET=utf8mb4 COLLATE=utf8mb4_unicode_ci;

--
-- Đang đổ dữ liệu cho bảng `revenue_expenditure_type`
--

INSERT INTO `revenue_expenditure_type` (`id`, `code`, `name`, `name_en`, `description`, `active`, `created_at`, `updated_at`) VALUES
('08ffd3bc-5e71-459f-b8ce-dc34d0fe24d0', 'T00002', 'sda', 'dsa', 'dsa', 1, '2022-03-03 11:54:39', '2022-03-03 11:54:39'),
('4ecfdeb4-0f78-470c-aff8-698437d50c23', 'DATE_USE_FREE', 'dá', 'dsa', NULL, 1, '2020-07-19 04:16:41', '2020-07-19 04:16:41'),
('94a70676-ba30-4205-b832-fe1d53cb7d2e', 'T00001', 'test', 'zz', 'zz', 1, '2022-03-03 11:03:52', '2022-03-03 11:03:52'),
('a6457de0-7791-4874-a9a9-a099ba8c9714', 'test', 'aa', 'zz', '1', 1, '2022-03-03 14:16:17', '2022-03-03 14:16:17'),
('f4a0a9a1-5cbf-4342-a1fc-cf6baca360b6', 'dsa', 'zz', 'zz', '', 1, '2020-07-19 04:19:09', '2022-03-03 13:41:25');

-- --------------------------------------------------------

--
-- Cấu trúc bảng cho bảng `setting_account_group`
--

CREATE TABLE `setting_account_group` (
  `id` varchar(36) NOT NULL,
  `code` varchar(50) DEFAULT NULL,
  `name` varchar(100) DEFAULT NULL,
  `account_group` varchar(100) DEFAULT NULL,
  `active` tinyint(4) NOT NULL,
  `created_at` timestamp NULL DEFAULT NULL,
  `updated_at` timestamp NULL DEFAULT NULL
) ENGINE=InnoDB DEFAULT CHARSET=utf8mb4 COLLATE=utf8mb4_unicode_ci;

--
-- Đang đổ dữ liệu cho bảng `setting_account_group`
--

INSERT INTO `setting_account_group` (`id`, `code`, `name`, `account_group`, `active`, `created_at`, `updated_at`) VALUES
('12b0d545-524f-47c5-942f-74dd4cc814da', 'KH', 'Nhóm tài khoản kho', '152%', 1, '2020-09-19 10:05:36', '2020-09-21 01:31:45'),
('49cd4e94-c290-4639-9e23-83fdc6ef2edd', 'CP', 'Nhóm tài khoản chi phí', '62%', 1, '2020-09-19 09:36:29', '2022-06-10 13:25:01'),
('c49f4326-7a23-4c58-bbbe-21aebcc82e6d', 'DT', 'Nhóm tài khoản doanh thu', '511%', 1, '2020-09-19 09:29:37', '2020-09-21 01:32:13');

-- --------------------------------------------------------

--
-- Cấu trúc bảng cho bảng `setting_voucher`
--

CREATE TABLE `setting_voucher` (
  `id` varchar(36) CHARACTER SET ascii COLLATE ascii_general_ci NOT NULL,
  `menu_id` varchar(36) DEFAULT NULL,
  `code` varchar(50) DEFAULT NULL,
  `name` varchar(100) DEFAULT NULL,
  `vat_account` varchar(36) DEFAULT NULL,
  `discount_account` varchar(36) DEFAULT NULL,
  `debit` varchar(36) DEFAULT NULL,
  `credit` varchar(36) DEFAULT NULL,
  `active` tinyint(4) NOT NULL,
  `created_at` timestamp NULL DEFAULT NULL,
  `updated_at` timestamp NULL DEFAULT NULL
) ENGINE=InnoDB DEFAULT CHARSET=utf8mb4 COLLATE=utf8mb4_unicode_ci;

--
-- Đang đổ dữ liệu cho bảng `setting_voucher`
--

INSERT INTO `setting_voucher` (`id`, `menu_id`, `code`, `name`, `vat_account`, `discount_account`, `debit`, `credit`, `active`, `created_at`, `updated_at`) VALUES
('8d9b5637-ac0b-4b84-a3d3-302f24bb28d7', 'ee25fe47-8334-11ec-8b82-b42e9986cd6c', 'PT', 'Thiết lập phiếu thu', '4145f0e0-1730-425f-acdd-3255c4d3881b', '0', '504643fc-5969-4d89-bff0-8be3c7d2b30a', '0', 1, '2021-06-08 08:36:22', '2022-05-05 17:25:44');

-- --------------------------------------------------------

--
-- Cấu trúc bảng cho bảng `statistical_code`
--

CREATE TABLE `statistical_code` (
  `id` varchar(36) CHARACTER SET ascii COLLATE ascii_general_ci NOT NULL,
  `code` varchar(50) DEFAULT NULL,
  `name` varchar(100) DEFAULT NULL,
  `name_en` varchar(100) DEFAULT NULL,
  `description` varchar(255) DEFAULT NULL,
  `active` tinyint(4) NOT NULL,
  `created_at` timestamp NULL DEFAULT NULL,
  `updated_at` timestamp NULL DEFAULT NULL
) ENGINE=InnoDB DEFAULT CHARSET=utf8mb4 COLLATE=utf8mb4_unicode_ci;

--
-- Đang đổ dữ liệu cho bảng `statistical_code`
--

INSERT INTO `statistical_code` (`id`, `code`, `name`, `name_en`, `description`, `active`, `created_at`, `updated_at`) VALUES
('304dc3cd-1878-4fce-8289-cec9c1a0b99c', 'ewae', 'ưeqe', 'qewqư', NULL, 1, '2020-07-19 04:15:08', '2020-07-19 04:15:08'),
('4ecfdeb4-0f78-470c-aff8-698437d50c23', 'DATE_USE_FREE', 'dá', 'dsa', NULL, 1, '2020-07-19 04:16:41', '2020-07-19 04:16:41'),
('f4a0a9a1-5cbf-4342-a1fc-cf6baca360b6', 'dsa', 'dsa', 'dsa', NULL, 1, '2020-07-19 04:19:09', '2020-07-19 04:19:09');

-- --------------------------------------------------------

--
-- Cấu trúc bảng cho bảng `stock`
--

CREATE TABLE `stock` (
  `id` varchar(36) CHARACTER SET ascii COLLATE ascii_general_ci NOT NULL,
  `code` varchar(50) DEFAULT NULL,
  `name` varchar(100) DEFAULT NULL,
  `name_en` varchar(100) DEFAULT NULL,
  `address` varchar(255) DEFAULT NULL,
  `active` tinyint(4) NOT NULL,
  `created_at` timestamp NULL DEFAULT NULL,
  `updated_at` timestamp NULL DEFAULT NULL
) ENGINE=InnoDB DEFAULT CHARSET=utf8mb4 COLLATE=utf8mb4_unicode_ci;

--
-- Đang đổ dữ liệu cho bảng `stock`
--

INSERT INTO `stock` (`id`, `code`, `name`, `name_en`, `address`, `active`, `created_at`, `updated_at`) VALUES
('05a1838b-7bc9-43ef-8fe4-49eeb65a679d', 'S00001', 'Kho số 1', 'Stock 1', '99 Phan Chu Trinh', 1, '2022-06-11 15:09:59', '2022-06-11 15:09:59'),
('5172e566-4655-4978-824d-7941f30f4621', 'S00002', 'Kho số 2', 'Stock 2', '9 Phan Chu Trinh', 1, '2022-06-11 15:10:23', '2022-06-11 15:10:41');

-- --------------------------------------------------------

--
-- Cấu trúc bảng cho bảng `supplies_goods`
--

CREATE TABLE `supplies_goods` (
  `id` varchar(36) CHARACTER SET ascii COLLATE ascii_general_ci NOT NULL,
  `code` varchar(50) DEFAULT NULL,
  `name` varchar(100) DEFAULT NULL,
  `name_en` varchar(100) DEFAULT NULL,
  `description` varchar(255) DEFAULT NULL,
  `unit_id` varchar(36) DEFAULT NULL,
  `type` varchar(36) DEFAULT NULL,
  `group` varchar(36) DEFAULT NULL,
  `interpretations_buy` varchar(255) DEFAULT NULL,
  `interpretations_sell` varchar(255) DEFAULT NULL,
  `warranty_period` varchar(36) DEFAULT NULL,
  `minimum_stock_quantity` decimal(10,2) DEFAULT NULL,
  `maximum_stock_quantity` decimal(10,2) DEFAULT NULL,
  `origin` varchar(100) DEFAULT NULL,
  `stock_default` varchar(36) DEFAULT NULL,
  `stock_account` varchar(36) DEFAULT NULL,
  `revenue_account` varchar(36) DEFAULT NULL,
  `cost_account` varchar(36) DEFAULT NULL,
  `percent_purchase_discount` decimal(10,2) DEFAULT NULL,
  `purchase_discount` decimal(10,2) DEFAULT NULL,
  `price_purchase` decimal(10,2) DEFAULT NULL,
  `price` decimal(10,2) DEFAULT NULL,
  `vat_tax` varchar(36) DEFAULT NULL,
  `import_tax` varchar(36) DEFAULT NULL,
  `export_tax` varchar(36) DEFAULT NULL,
  `excise_tax` varchar(36) DEFAULT NULL,
  `image` varchar(255) DEFAULT NULL,
  `identity` varchar(255) DEFAULT NULL,
  `sync` varchar(255) DEFAULT NULL,
  `active` tinyint(4) NOT NULL,
  `created_at` timestamp NULL DEFAULT NULL,
  `updated_at` timestamp NULL DEFAULT NULL
) ENGINE=InnoDB DEFAULT CHARSET=utf8mb4 COLLATE=utf8mb4_unicode_ci;

--
-- Đang đổ dữ liệu cho bảng `supplies_goods`
--

INSERT INTO `supplies_goods` (`id`, `code`, `name`, `name_en`, `description`, `unit_id`, `type`, `group`, `interpretations_buy`, `interpretations_sell`, `warranty_period`, `minimum_stock_quantity`, `maximum_stock_quantity`, `origin`, `stock_default`, `stock_account`, `revenue_account`, `cost_account`, `percent_purchase_discount`, `purchase_discount`, `price_purchase`, `price`, `vat_tax`, `import_tax`, `export_tax`, `excise_tax`, `image`, `identity`, `sync`, `active`, `created_at`, `updated_at`) VALUES
('1', 'S1', 'Hàng minibar', 'Minibar', 'test', 'c3a76329-f49b-449d-b3e4-27036543f0e1', '79299bb5-0e36-4165-ae78-3365d2a16134', '79299bb5-0e36-4165-ae78-3365d2a16134', 'aa', 'zz', '0', 0.00, 0.00, '', '0', '0', '0', '0', 0.00, 0.00, 500.00, 100.00, '0', '0', '0', '0', 'uploads/sg/1/1/Screenshot (1).png', '', '64c5ba68-aea6-45e9-b57d-b7895310d3cc', 1, '2020-09-01 21:47:25', '2022-06-16 17:15:40'),
('2', 'S2', 'Hàng mĩ phẩm', 'Cosmetic', 'abc', 'c3a76329-f49b-449d-b3e4-27036543f0e1', 'ca022a87-5c29-44ba-8a36-acd6a7ef8fe9', '79299bb5-0e36-4165-ae78-3365d2a16134', '', '', 'bd069edc-9f71-455f-bd79-dafe81d54495', 0.00, 0.00, '', '05a1838b-7bc9-43ef-8fe4-49eeb65a679d', 'a6548fc7-5275-408e-ad54-a7901b355021', '164644c5-af91-4b24-b853-14aac22db7bf', '234c8ac4-ed7c-43cd-ad98-e2297e9707c4', 0.00, 0.00, 20000.00, 30000.00, '4eb81e88-7f45-48b7-8011-4165eb869732', '0', '0', '6375f493-3055-4096-aca0-f6bf1f4c5a77', NULL, '', '79299bb5-0e36-4165-ae78-3365d2a16134', 1, '2020-09-01 21:47:48', '2022-06-12 10:06:13'),
('3', 'S3', 'Thức ăn', 'Foods', NULL, NULL, NULL, NULL, NULL, NULL, NULL, NULL, NULL, NULL, NULL, NULL, NULL, NULL, NULL, NULL, NULL, NULL, NULL, NULL, NULL, NULL, NULL, NULL, 'c7014df8-b13c-4036-8dc6-b92812674c47', 1, '2020-09-01 21:48:05', '2020-09-05 09:51:38'),
('5dba8a16-b4ba-4461-a736-123717c6e715', 'test', 'zz', 'zz', 'rr', '0', '0', '64c5ba68-aea6-45e9-b57d-b7895310d3cc', NULL, NULL, '0', NULL, NULL, NULL, '0', '0', '0', '0', NULL, NULL, NULL, NULL, '0', NULL, NULL, '0', NULL, NULL, NULL, 1, '2022-06-11 17:13:23', '2022-06-11 17:13:23');

-- --------------------------------------------------------

--
-- Cấu trúc bảng cho bảng `supplies_goods_discount`
--

CREATE TABLE `supplies_goods_discount` (
  `id` varchar(36) CHARACTER SET ascii COLLATE ascii_general_ci NOT NULL,
  `supplies_goods_id` varchar(36) CHARACTER SET ascii COLLATE ascii_general_ci DEFAULT NULL,
  `quantity_start` decimal(10,2) DEFAULT NULL,
  `quantity_end` decimal(10,2) DEFAULT NULL,
  `amount_discount` decimal(10,2) DEFAULT NULL,
  `percent_discount` decimal(10,2) DEFAULT NULL,
  `active` tinyint(4) NOT NULL,
  `created_at` timestamp NULL DEFAULT NULL,
  `updated_at` timestamp NULL DEFAULT NULL
) ENGINE=InnoDB DEFAULT CHARSET=utf8mb4 COLLATE=utf8mb4_unicode_ci;

--
-- Đang đổ dữ liệu cho bảng `supplies_goods_discount`
--

INSERT INTO `supplies_goods_discount` (`id`, `supplies_goods_id`, `quantity_start`, `quantity_end`, `amount_discount`, `percent_discount`, `active`, `created_at`, `updated_at`) VALUES
('824062d2-9897-48b6-be08-56e5dd92013c', '1', 22.00, 3213.00, 321.00, 11.00, 1, '2022-06-16 17:15:40', '2022-06-16 17:15:40'),
('a6182e49-762c-4be4-8d56-59e7e47478a7', '1', 11.00, 22.00, 22000.00, 100.00, 1, '2022-06-16 16:38:07', '2022-06-16 17:15:40');

-- --------------------------------------------------------

--
-- Cấu trúc bảng cho bảng `supplies_goods_group`
--

CREATE TABLE `supplies_goods_group` (
  `id` varchar(36) CHARACTER SET ascii COLLATE ascii_general_ci NOT NULL,
  `code` varchar(50) DEFAULT NULL,
  `name` varchar(100) DEFAULT NULL,
  `name_en` varchar(100) DEFAULT NULL,
  `active` tinyint(4) NOT NULL,
  `created_at` timestamp NULL DEFAULT NULL,
  `updated_at` timestamp NULL DEFAULT NULL
) ENGINE=InnoDB DEFAULT CHARSET=utf8mb4 COLLATE=utf8mb4_unicode_ci;

--
-- Đang đổ dữ liệu cho bảng `supplies_goods_group`
--

INSERT INTO `supplies_goods_group` (`id`, `code`, `name`, `name_en`, `active`, `created_at`, `updated_at`) VALUES
('64c5ba68-aea6-45e9-b57d-b7895310d3cc', 'G00001', 'Hàng minibar', 'Minibar', 1, '2020-09-01 21:47:25', '2020-09-28 09:55:44'),
('79299bb5-0e36-4165-ae78-3365d2a16134', 'G00002', 'Hàng mĩ phẩm', 'Cosmetic', 1, '2020-09-01 21:47:48', '2020-09-28 09:55:58'),
('b3cf0c40-4f3b-45dc-8a8e-cf2fad5d6369', 'G00004', 'Nước uống', 'Beverage', 1, '2020-09-05 09:52:39', '2020-09-28 09:56:25'),
('c7014df8-b13c-4036-8dc6-b92812674c47', 'G00003', 'Thức ăn', 'Foods', 1, '2020-09-01 21:48:05', '2020-09-28 09:56:15');

-- --------------------------------------------------------

--
-- Cấu trúc bảng cho bảng `supplies_goods_type`
--

CREATE TABLE `supplies_goods_type` (
  `id` varchar(36) CHARACTER SET ascii COLLATE ascii_general_ci NOT NULL,
  `code` varchar(50) DEFAULT NULL,
  `name` varchar(100) DEFAULT NULL,
  `name_en` varchar(100) DEFAULT NULL,
  `filter` tinyint(4) DEFAULT NULL,
  `active` tinyint(4) NOT NULL,
  `created_at` timestamp NULL DEFAULT NULL,
  `updated_at` timestamp NULL DEFAULT NULL
) ENGINE=InnoDB DEFAULT CHARSET=utf8mb4 COLLATE=utf8mb4_unicode_ci;

--
-- Đang đổ dữ liệu cho bảng `supplies_goods_type`
--

INSERT INTO `supplies_goods_type` (`id`, `code`, `name`, `name_en`, `filter`, `active`, `created_at`, `updated_at`) VALUES
('64c5ba68-aea6-45e9-b57d-b7895310d3cc', 'T00001', 'Nguyên vật liệu', 'Materials', 1, 1, '2020-09-01 21:47:25', '2022-06-11 18:01:12'),
('79299bb5-0e36-4165-ae78-3365d2a16134', 'T00002', 'Hàng hóa', 'Goods', 2, 1, '2020-09-01 21:47:48', '2022-06-11 18:01:34'),
('97ebf7f7-7715-4c57-b963-ba3caa6a362e', 'T00005', 'Dịch vụ', 'Service', 5, 1, '2020-09-05 09:20:12', '2022-06-11 18:01:49'),
('c7014df8-b13c-4036-8dc6-b92812674c47', 'T00003', 'Công cụ dụng cụ', 'Tools', 3, 1, '2020-09-01 21:48:05', '2022-06-11 18:01:39'),
('ca022a87-5c29-44ba-8a36-acd6a7ef8fe9', 'T00004', 'Thành phẩm', 'Finished Products', 4, 1, '2020-09-05 08:54:01', '2022-06-11 18:01:43');

-- --------------------------------------------------------

--
-- Cấu trúc bảng cho bảng `systems`
--

CREATE TABLE `systems` (
  `id` varchar(36) CHARACTER SET ascii COLLATE ascii_general_ci NOT NULL,
  `code` varchar(50) NOT NULL,
  `name` varchar(100) NOT NULL,
  `value` varchar(100) NOT NULL,
  `active` tinyint(4) NOT NULL,
  `created_at` timestamp NULL DEFAULT NULL,
  `updated_at` timestamp NULL DEFAULT NULL
) ENGINE=InnoDB DEFAULT CHARSET=utf8mb4 COLLATE=utf8mb4_unicode_ci;

--
-- Đang đổ dữ liệu cho bảng `systems`
--

INSERT INTO `systems` (`id`, `code`, `name`, `value`, `active`, `created_at`, `updated_at`) VALUES
('069ed40f-e2f4-4ff5-af86-6122e53fe7cf', 'PAGESIZE_1', 'Số item phân trang 1', '10', 1, '2021-09-06 02:21:56', '2021-09-06 02:21:56'),
('0a013d1f-3e77-4f55-af17-1250f38c271c', 'DECIMAL_SYMBOL', 'Dấu phân cách thập phân', '.', 1, '2021-07-20 21:57:56', '2021-07-23 07:57:31'),
('0f258d9d-0136-4b27-b52d-969f3e426fd6', 'DATE_RANGE_GENERAL', 'Số ngày trang tổng hợp', '7', 1, '2020-11-29 03:47:32', '2020-11-29 03:47:32'),
('282d7aad-ff3f-4640-be04-2530bfae477e', 'PATH_UPLOAD_CASH_RECEIPTS', 'Upload đính kèm', 'uploads/cr/', 1, '2021-07-04 09:42:28', '2021-07-04 09:42:28'),
('5c39a6ed-50c8-4e1b-bacf-175dd7034214', 'CURRENCY_DEFAULT', 'Đơn vị tiền tệ mặc định', 'C006', 1, '2021-07-04 10:50:58', '2021-07-04 10:50:58'),
('61ff0d4b-6fb6-42b3-901e-85718a81f4a4', 'DOCUMENT_TAX', 'Thông tư áp dụng', 'ACC_SYSTEM_200', 1, '2020-09-22 10:07:54', '2020-09-22 10:07:54'),
('756952d6-d694-47b8-ad60-e1340dd0b2d1', 'DECIMAL', 'Số thập phân', '0', 1, '2021-07-20 00:05:28', '2021-07-21 10:30:56'),
('b7662e82-6438-4d3a-8274-aaea2ec35792', 'PAGESIZE', 'Số item phân trang', '50', 1, '2021-09-06 02:20:12', '2021-09-06 02:20:12'),
('fcffda71-d1eb-4950-ba78-4cbd91ce81a5', 'PATH_UPLOAD_SUPPLIES_GOODS', 'Upload hình ảnh', 'uploads/sg/', 1, '2020-09-22 06:56:39', '2020-09-22 06:56:39');

-- --------------------------------------------------------

--
-- Cấu trúc bảng cho bảng `unit`
--

CREATE TABLE `unit` (
  `id` varchar(36) CHARACTER SET ascii COLLATE ascii_general_ci NOT NULL,
  `code` varchar(50) DEFAULT NULL,
  `name` varchar(100) DEFAULT NULL,
  `name_en` varchar(100) DEFAULT NULL,
  `active` tinyint(4) NOT NULL,
  `created_at` timestamp NULL DEFAULT NULL,
  `updated_at` timestamp NULL DEFAULT NULL
) ENGINE=InnoDB DEFAULT CHARSET=utf8mb4 COLLATE=utf8mb4_unicode_ci;

--
-- Đang đổ dữ liệu cho bảng `unit`
--

INSERT INTO `unit` (`id`, `code`, `name`, `name_en`, `active`, `created_at`, `updated_at`) VALUES
('b7c083ca-f074-4b55-8e25-97362dafde20', 'U00002', 'g', 'Gram', 1, '2022-02-28 04:28:30', '2023-04-02 15:46:51'),
('c3a76329-f49b-449d-b3e4-27036543f0e1', 'U00001', 'kg', 'Kilogram', 1, '2022-02-28 04:28:19', '2022-02-28 04:28:19'),
('f7888379-d521-45bf-b2ef-8776a98e8ff5', 'U00003', 'Cái', 'Piece', 1, '2022-06-11 15:04:35', '2022-06-11 15:05:12');

-- --------------------------------------------------------

--
-- Cấu trúc bảng cho bảng `vat`
--

CREATE TABLE `vat` (
  `id` varchar(36) CHARACTER SET ascii COLLATE ascii_general_ci NOT NULL,
  `code` varchar(50) DEFAULT NULL,
  `name` varchar(100) DEFAULT NULL,
  `name_en` varchar(100) DEFAULT NULL,
  `vat_tax` tinyint(4) DEFAULT NULL,
  `active` tinyint(4) NOT NULL,
  `created_at` timestamp NULL DEFAULT NULL,
  `updated_at` timestamp NULL DEFAULT NULL
) ENGINE=InnoDB DEFAULT CHARSET=utf8mb4 COLLATE=utf8mb4_unicode_ci;

--
-- Đang đổ dữ liệu cho bảng `vat`
--

INSERT INTO `vat` (`id`, `code`, `name`, `name_en`, `vat_tax`, `active`, `created_at`, `updated_at`) VALUES
('1cb9016f-19ce-4bf4-a184-eb21fbc43d4b', 'V002', 'test2', 'aa2', 0, 1, '2022-02-28 15:06:22', '2022-02-28 15:06:22'),
('46fbaef1-ce6d-4a02-9724-e7320b03d304', 'dsadsa', 'dsad', '2222222', NULL, 1, '2020-07-19 04:20:34', '2020-07-20 07:02:47'),
('4eb81e88-7f45-48b7-8011-4165eb869732', 'test27', '12', '12', NULL, 1, '2020-07-20 07:30:23', '2020-07-20 07:30:23'),
('4ecfdeb4-0f78-470c-aff8-698437d50c23', 'DATE_USE_FREE', 'dá', 'dsa', NULL, 1, '2020-07-19 04:16:41', '2020-07-19 04:16:41'),
('692a4123-ff1f-404d-b573-76a273d3aea8', 'V003', 'test', 'zz', 21, 1, '2022-04-12 15:36:51', '2022-04-12 15:36:51'),
('96bd895e-421b-4764-a17d-17a6f2b944cc', 'V001', 'test', 'aa', 0, 1, '2022-02-28 15:06:03', '2022-02-28 15:06:03'),
('e688e233-2172-4977-a83a-e6f8ea8f8cd9', 'users', 'abc', 'tesst', 22, 1, '2020-08-15 21:10:56', '2020-08-15 21:11:02'),
('f4a0a9a1-5cbf-4342-a1fc-cf6baca360b6', 'dsa', 'dsa', 'dsa', NULL, 1, '2020-07-19 04:19:09', '2020-07-19 04:19:09');

-- --------------------------------------------------------

--
-- Cấu trúc bảng cho bảng `warranty_period`
--

CREATE TABLE `warranty_period` (
  `id` varchar(36) CHARACTER SET ascii COLLATE ascii_general_ci NOT NULL,
  `code` varchar(50) DEFAULT NULL,
  `name` varchar(100) DEFAULT NULL,
  `name_en` varchar(100) DEFAULT NULL,
  `active` tinyint(4) NOT NULL,
  `created_at` timestamp NULL DEFAULT NULL,
  `updated_at` timestamp NULL DEFAULT NULL
) ENGINE=InnoDB DEFAULT CHARSET=utf8mb4 COLLATE=utf8mb4_unicode_ci;

--
-- Đang đổ dữ liệu cho bảng `warranty_period`
--

INSERT INTO `warranty_period` (`id`, `code`, `name`, `name_en`, `active`, `created_at`, `updated_at`) VALUES
('1dce85fb-0c7c-4801-b471-9535ef991938', 'W00003', 'Bảo hành 1 tháng', 'test', 1, '2022-02-28 14:25:19', '2022-02-28 14:25:19'),
('4ecfdeb4-0f78-470c-aff8-698437d50c23', 'DATE_USE_FREE', 'dá', 'dsa', 1, '2020-07-19 04:16:41', '2020-07-19 04:16:41'),
('8fb221a4-415b-452e-870b-9b135d26e3eb', 'rqeq', 'test', 'rưqewq', 1, '2020-07-19 04:15:19', '2022-06-11 15:15:11'),
('bd069edc-9f71-455f-bd79-dafe81d54495', 'W00001', 'dsa', 'dsa', 1, '2022-02-28 14:23:38', '2022-02-28 14:23:38'),
('f4a0a9a1-5cbf-4342-a1fc-cf6baca360b6', 'dsa', 'dsa', 'dsa', 1, '2020-07-19 04:19:09', '2020-07-19 04:19:09');

-- --------------------------------------------------------

--
-- Cấu trúc bảng cho bảng `work_code`
--

CREATE TABLE `work_code` (
  `id` varchar(36) CHARACTER SET ascii COLLATE ascii_general_ci NOT NULL,
  `code` varchar(50) DEFAULT NULL,
  `name` varchar(100) DEFAULT NULL,
  `name_en` varchar(100) DEFAULT NULL,
  `description` varchar(255) DEFAULT NULL,
  `active` tinyint(4) NOT NULL,
  `created_at` timestamp NULL DEFAULT NULL,
  `updated_at` timestamp NULL DEFAULT NULL
) ENGINE=InnoDB DEFAULT CHARSET=utf8mb4 COLLATE=utf8mb4_unicode_ci;

--
-- Đang đổ dữ liệu cho bảng `work_code`
--

INSERT INTO `work_code` (`id`, `code`, `name`, `name_en`, `description`, `active`, `created_at`, `updated_at`) VALUES
('c4828c80-74ea-43a0-a178-c811e381ce9d', 'W002', 'test', '1122', '222', 1, '2024-10-30 14:12:55', '2024-10-30 14:12:55');

--
-- Chỉ mục cho các bảng đã đổ
--

--
-- Chỉ mục cho bảng `accounted_auto`
--
ALTER TABLE `accounted_auto`
  ADD PRIMARY KEY (`id`);

--
-- Chỉ mục cho bảng `accounted_fast`
--
ALTER TABLE `accounted_fast`
  ADD PRIMARY KEY (`id`);

--
-- Chỉ mục cho bảng `account_nature`
--
ALTER TABLE `account_nature`
  ADD PRIMARY KEY (`id`);

--
-- Chỉ mục cho bảng `account_systems`
--
ALTER TABLE `account_systems`
  ADD PRIMARY KEY (`id`);

--
-- Chỉ mục cho bảng `account_systems_filter`
--
ALTER TABLE `account_systems_filter`
  ADD PRIMARY KEY (`id`) USING BTREE,
  ADD KEY `object_type` (`account_systems_filter_id`);

--
-- Chỉ mục cho bảng `account_type`
--
ALTER TABLE `account_type`
  ADD PRIMARY KEY (`id`);

--
-- Chỉ mục cho bảng `acc_detail`
--
ALTER TABLE `acc_detail`
  ADD PRIMARY KEY (`id`);

--
-- Chỉ mục cho bảng `acc_general`
--
ALTER TABLE `acc_general`
  ADD PRIMARY KEY (`id`);

--
-- Chỉ mục cho bảng `acc_vat_detail`
--
ALTER TABLE `acc_vat_detail`
  ADD PRIMARY KEY (`id`);

--
-- Chỉ mục cho bảng `attach`
--
ALTER TABLE `attach`
  ADD PRIMARY KEY (`id`);

--
-- Chỉ mục cho bảng `bank`
--
ALTER TABLE `bank`
  ADD PRIMARY KEY (`id`);

--
-- Chỉ mục cho bảng `bank_account`
--
ALTER TABLE `bank_account`
  ADD PRIMARY KEY (`id`);

--
-- Chỉ mục cho bảng `case_code`
--
ALTER TABLE `case_code`
  ADD PRIMARY KEY (`id`);

--
-- Chỉ mục cho bảng `cost_code`
--
ALTER TABLE `cost_code`
  ADD PRIMARY KEY (`id`);

--
-- Chỉ mục cho bảng `count_voucher`
--
ALTER TABLE `count_voucher`
  ADD PRIMARY KEY (`id`);

--
-- Chỉ mục cho bảng `currency`
--
ALTER TABLE `currency`
  ADD PRIMARY KEY (`id`);

--
-- Chỉ mục cho bảng `currency_check`
--
ALTER TABLE `currency_check`
  ADD PRIMARY KEY (`id`);

--
-- Chỉ mục cho bảng `denominations`
--
ALTER TABLE `denominations`
  ADD PRIMARY KEY (`id`);

--
-- Chỉ mục cho bảng `department`
--
ALTER TABLE `department`
  ADD PRIMARY KEY (`id`);

--
-- Chỉ mục cho bảng `excise`
--
ALTER TABLE `excise`
  ADD PRIMARY KEY (`id`),
  ADD KEY `excise_ibfk_1` (`parent_id`);

--
-- Chỉ mục cho bảng `history_action`
--
ALTER TABLE `history_action`
  ADD PRIMARY KEY (`id`);

--
-- Chỉ mục cho bảng `history_price`
--
ALTER TABLE `history_price`
  ADD PRIMARY KEY (`id`);

--
-- Chỉ mục cho bảng `natural_resources`
--
ALTER TABLE `natural_resources`
  ADD PRIMARY KEY (`id`);

--
-- Chỉ mục cho bảng `number_code`
--
ALTER TABLE `number_code`
  ADD PRIMARY KEY (`id`);

--
-- Chỉ mục cho bảng `number_voucher`
--
ALTER TABLE `number_voucher`
  ADD PRIMARY KEY (`id`);

--
-- Chỉ mục cho bảng `object`
--
ALTER TABLE `object`
  ADD PRIMARY KEY (`id`);

--
-- Chỉ mục cho bảng `object_filter_object_type`
--
ALTER TABLE `object_filter_object_type`
  ADD PRIMARY KEY (`id`) USING BTREE,
  ADD KEY `object_type` (`object_type`);

--
-- Chỉ mục cho bảng `object_group`
--
ALTER TABLE `object_group`
  ADD PRIMARY KEY (`id`);

--
-- Chỉ mục cho bảng `object_type`
--
ALTER TABLE `object_type`
  ADD PRIMARY KEY (`id`);

--
-- Chỉ mục cho bảng `period`
--
ALTER TABLE `period`
  ADD PRIMARY KEY (`id`);

--
-- Chỉ mục cho bảng `print_template`
--
ALTER TABLE `print_template`
  ADD PRIMARY KEY (`id`);

--
-- Chỉ mục cho bảng `revenue_expenditure`
--
ALTER TABLE `revenue_expenditure`
  ADD PRIMARY KEY (`id`);

--
-- Chỉ mục cho bảng `revenue_expenditure_type`
--
ALTER TABLE `revenue_expenditure_type`
  ADD PRIMARY KEY (`id`);

--
-- Chỉ mục cho bảng `setting_account_group`
--
ALTER TABLE `setting_account_group`
  ADD PRIMARY KEY (`id`);

--
-- Chỉ mục cho bảng `setting_voucher`
--
ALTER TABLE `setting_voucher`
  ADD PRIMARY KEY (`id`);

--
-- Chỉ mục cho bảng `statistical_code`
--
ALTER TABLE `statistical_code`
  ADD PRIMARY KEY (`id`);

--
-- Chỉ mục cho bảng `stock`
--
ALTER TABLE `stock`
  ADD PRIMARY KEY (`id`);

--
-- Chỉ mục cho bảng `supplies_goods`
--
ALTER TABLE `supplies_goods`
  ADD PRIMARY KEY (`id`);

--
-- Chỉ mục cho bảng `supplies_goods_discount`
--
ALTER TABLE `supplies_goods_discount`
  ADD PRIMARY KEY (`id`);

--
-- Chỉ mục cho bảng `supplies_goods_group`
--
ALTER TABLE `supplies_goods_group`
  ADD PRIMARY KEY (`id`);

--
-- Chỉ mục cho bảng `supplies_goods_type`
--
ALTER TABLE `supplies_goods_type`
  ADD PRIMARY KEY (`id`);

--
-- Chỉ mục cho bảng `systems`
--
ALTER TABLE `systems`
  ADD PRIMARY KEY (`id`);

--
-- Chỉ mục cho bảng `unit`
--
ALTER TABLE `unit`
  ADD PRIMARY KEY (`id`);

--
-- Chỉ mục cho bảng `vat`
--
ALTER TABLE `vat`
  ADD PRIMARY KEY (`id`);

--
-- Chỉ mục cho bảng `warranty_period`
--
ALTER TABLE `warranty_period`
  ADD PRIMARY KEY (`id`);

--
-- Chỉ mục cho bảng `work_code`
--
ALTER TABLE `work_code`
  ADD PRIMARY KEY (`id`);
COMMIT;

/*!40101 SET CHARACTER_SET_CLIENT=@OLD_CHARACTER_SET_CLIENT */;
/*!40101 SET CHARACTER_SET_RESULTS=@OLD_CHARACTER_SET_RESULTS */;
/*!40101 SET COLLATION_CONNECTION=@OLD_COLLATION_CONNECTION */;
